home_id,occupied_beds,avg_dependency,date,bed_capacity,occupancy_rate
h001,64,3.828125,2026-01-01,70,0.9142857142857143
h002,28,3.75,2026-01-01,30,0.9333333333333333
h003,33,3.5757575757575757,2026-01-01,40,0.825
h004,34,4.088235294117647,2026-01-01,40,0.85
h005,37,3.72972972972973,2026-01-01,40,0.925
h006,56,3.6785714285714284,2026-01-01,70,0.8
h007,35,3.6857142857142855,2026-01-01,40,0.875
h008,36,4.194444444444445,2026-01-01,40,0.9
h009,44,4.0227272727272725,2026-01-01,50,0.88
h010,34,3.911764705882353,2026-01-01,40,0.85
h011,52,4.096153846153846,2026-01-01,60,0.8666666666666667
h012,42,4.071428571428571,2026-01-01,50,0.84
h013,44,3.840909090909091,2026-01-01,50,0.88
h014,53,3.8679245283018866,2026-01-01,60,0.8833333333333333
h015,53,3.660377358490566,2026-01-01,60,0.8833333333333333
h016,73,3.7260273972602738,2026-01-01,80,0.9125
h017,46,4.065217391304348,2026-01-01,50,0.92
h018,56,3.8035714285714284,2026-01-01,60,0.9333333333333333
h019,41,3.6341463414634148,2026-01-01,50,0.82
h020,50,4.0,2026-01-01,60,0.8333333333333334
h021,46,3.9130434782608696,2026-01-01,50,0.92
h022,26,3.576923076923077,2026-01-01,30,0.8666666666666667
h023,24,4.208333333333333,2026-01-01,30,0.8
h024,54,3.6481481481481484,2026-01-01,60,0.9
h025,35,3.6285714285714286,2026-01-01,40,0.875
h026,46,4.0,2026-01-01,50,0.92
h027,54,4.0,2026-01-01,60,0.9
h028,36,3.75,2026-01-01,40,0.9
h029,24,3.625,2026-01-01,30,0.8
h030,50,3.78,2026-01-01,60,0.8333333333333334
h031,55,4.0181818181818185,2026-01-01,60,0.9166666666666666
h032,37,3.7837837837837838,2026-01-01,40,0.925
h033,34,3.5588235294117645,2026-01-01,40,0.85
h034,52,3.923076923076923,2026-01-01,60,0.8666666666666667
h035,64,3.9375,2026-01-01,70,0.9142857142857143
h036,34,3.588235294117647,2026-01-01,40,0.85
h037,31,4.032258064516129,2026-01-01,40,0.775
h038,26,3.8076923076923075,2026-01-01,30,0.8666666666666667
h039,64,3.640625,2026-01-01,70,0.9142857142857143
h040,40,3.625,2026-01-01,50,0.8
h041,37,3.72972972972973,2026-01-01,40,0.925
h042,45,3.8222222222222224,2026-01-01,50,0.9
h043,54,3.925925925925926,2026-01-01,60,0.9
h044,43,3.744186046511628,2026-01-01,50,0.86
h045,45,3.8666666666666667,2026-01-01,50,0.9
h046,43,4.372093023255814,2026-01-01,50,0.86
h047,33,3.6363636363636362,2026-01-01,40,0.825
h048,35,3.942857142857143,2026-01-01,40,0.875
h049,48,4.0,2026-01-01,60,0.8
h050,36,3.8333333333333335,2026-01-01,40,0.9
h001,64,3.828125,2026-01-02,70,0.9142857142857143
h002,28,3.75,2026-01-02,30,0.9333333333333333
h003,33,3.5757575757575757,2026-01-02,40,0.825
h004,34,4.088235294117647,2026-01-02,40,0.85
h005,37,3.72972972972973,2026-01-02,40,0.925
h006,56,3.6785714285714284,2026-01-02,70,0.8
h007,35,3.6857142857142855,2026-01-02,40,0.875
h008,36,4.194444444444445,2026-01-02,40,0.9
h009,44,4.0227272727272725,2026-01-02,50,0.88
h010,34,3.911764705882353,2026-01-02,40,0.85
h011,52,4.096153846153846,2026-01-02,60,0.8666666666666667
h012,42,4.071428571428571,2026-01-02,50,0.84
h013,44,3.840909090909091,2026-01-02,50,0.88
h014,53,3.8679245283018866,2026-01-02,60,0.8833333333333333
h015,53,3.660377358490566,2026-01-02,60,0.8833333333333333
h016,73,3.7260273972602738,2026-01-02,80,0.9125
h017,46,4.065217391304348,2026-01-02,50,0.92
h018,56,3.8035714285714284,2026-01-02,60,0.9333333333333333
h019,41,3.6341463414634148,2026-01-02,50,0.82
h020,50,4.0,2026-01-02,60,0.8333333333333334
h021,46,3.9130434782608696,2026-01-02,50,0.92
h022,26,3.576923076923077,2026-01-02,30,0.8666666666666667
h023,24,4.208333333333333,2026-01-02,30,0.8
h024,54,3.6481481481481484,2026-01-02,60,0.9
h025,35,3.6285714285714286,2026-01-02,40,0.875
h026,46,4.0,2026-01-02,50,0.92
h027,54,4.0,2026-01-02,60,0.9
h028,36,3.75,2026-01-02,40,0.9
h029,24,3.625,2026-01-02,30,0.8
h030,50,3.78,2026-01-02,60,0.8333333333333334
h031,55,4.0181818181818185,2026-01-02,60,0.9166666666666666
h032,37,3.7837837837837838,2026-01-02,40,0.925
h033,34,3.5588235294117645,2026-01-02,40,0.85
h034,52,3.923076923076923,2026-01-02,60,0.8666666666666667
h035,64,3.9375,2026-01-02,70,0.9142857142857143
h036,34,3.588235294117647,2026-01-02,40,0.85
h037,31,4.032258064516129,2026-01-02,40,0.775
h038,26,3.8076923076923075,2026-01-02,30,0.8666666666666667
h039,64,3.640625,2026-01-02,70,0.9142857142857143
h040,40,3.625,2026-01-02,50,0.8
h041,37,3.72972972972973,2026-01-02,40,0.925
h042,45,3.8222222222222224,2026-01-02,50,0.9
h043,54,3.925925925925926,2026-01-02,60,0.9
h044,43,3.744186046511628,2026-01-02,50,0.86
h045,45,3.8666666666666667,2026-01-02,50,0.9
h046,43,4.372093023255814,2026-01-02,50,0.86
h047,33,3.6363636363636362,2026-01-02,40,0.825
h048,35,3.942857142857143,2026-01-02,40,0.875
h049,48,4.0,2026-01-02,60,0.8
h050,36,3.8333333333333335,2026-01-02,40,0.9
h001,64,3.828125,2026-01-03,70,0.9142857142857143
h002,28,3.75,2026-01-03,30,0.9333333333333333
h003,33,3.5757575757575757,2026-01-03,40,0.825
h004,34,4.088235294117647,2026-01-03,40,0.85
h005,37,3.72972972972973,2026-01-03,40,0.925
h006,56,3.6785714285714284,2026-01-03,70,0.8
h007,35,3.6857142857142855,2026-01-03,40,0.875
h008,36,4.194444444444445,2026-01-03,40,0.9
h009,44,4.0227272727272725,2026-01-03,50,0.88
h010,34,3.911764705882353,2026-01-03,40,0.85
h011,52,4.096153846153846,2026-01-03,60,0.8666666666666667
h012,42,4.071428571428571,2026-01-03,50,0.84
h013,44,3.840909090909091,2026-01-03,50,0.88
h014,53,3.8679245283018866,2026-01-03,60,0.8833333333333333
h015,53,3.660377358490566,2026-01-03,60,0.8833333333333333
h016,73,3.7260273972602738,2026-01-03,80,0.9125
h017,46,4.065217391304348,2026-01-03,50,0.92
h018,56,3.8035714285714284,2026-01-03,60,0.9333333333333333
h019,41,3.6341463414634148,2026-01-03,50,0.82
h020,50,4.0,2026-01-03,60,0.8333333333333334
h021,46,3.9130434782608696,2026-01-03,50,0.92
h022,26,3.576923076923077,2026-01-03,30,0.8666666666666667
h023,24,4.208333333333333,2026-01-03,30,0.8
h024,54,3.6481481481481484,2026-01-03,60,0.9
h025,35,3.6285714285714286,2026-01-03,40,0.875
h026,46,4.0,2026-01-03,50,0.92
h027,54,4.0,2026-01-03,60,0.9
h028,36,3.75,2026-01-03,40,0.9
h029,24,3.625,2026-01-03,30,0.8
h030,50,3.78,2026-01-03,60,0.8333333333333334
h031,55,4.0181818181818185,2026-01-03,60,0.9166666666666666
h032,37,3.7837837837837838,2026-01-03,40,0.925
h033,34,3.5588235294117645,2026-01-03,40,0.85
h034,52,3.923076923076923,2026-01-03,60,0.8666666666666667
h035,64,3.9375,2026-01-03,70,0.9142857142857143
h036,34,3.588235294117647,2026-01-03,40,0.85
h037,31,4.032258064516129,2026-01-03,40,0.775
h038,26,3.8076923076923075,2026-01-03,30,0.8666666666666667
h039,64,3.640625,2026-01-03,70,0.9142857142857143
h040,40,3.625,2026-01-03,50,0.8
h041,37,3.72972972972973,2026-01-03,40,0.925
h042,45,3.8222222222222224,2026-01-03,50,0.9
h043,54,3.925925925925926,2026-01-03,60,0.9
h044,43,3.744186046511628,2026-01-03,50,0.86
h045,45,3.8666666666666667,2026-01-03,50,0.9
h046,43,4.372093023255814,2026-01-03,50,0.86
h047,33,3.6363636363636362,2026-01-03,40,0.825
h048,35,3.942857142857143,2026-01-03,40,0.875
h049,48,4.0,2026-01-03,60,0.8
h050,36,3.8333333333333335,2026-01-03,40,0.9
h001,64,3.828125,2026-01-04,70,0.9142857142857143
h002,28,3.75,2026-01-04,30,0.9333333333333333
h003,33,3.5757575757575757,2026-01-04,40,0.825
h004,34,4.088235294117647,2026-01-04,40,0.85
h005,37,3.72972972972973,2026-01-04,40,0.925
h006,56,3.6785714285714284,2026-01-04,70,0.8
h007,35,3.6857142857142855,2026-01-04,40,0.875
h008,36,4.194444444444445,2026-01-04,40,0.9
h009,44,4.0227272727272725,2026-01-04,50,0.88
h010,34,3.911764705882353,2026-01-04,40,0.85
h011,52,4.096153846153846,2026-01-04,60,0.8666666666666667
h012,42,4.071428571428571,2026-01-04,50,0.84
h013,44,3.840909090909091,2026-01-04,50,0.88
h014,53,3.8679245283018866,2026-01-04,60,0.8833333333333333
h015,53,3.660377358490566,2026-01-04,60,0.8833333333333333
h016,73,3.7260273972602738,2026-01-04,80,0.9125
h017,46,4.065217391304348,2026-01-04,50,0.92
h018,56,3.8035714285714284,2026-01-04,60,0.9333333333333333
h019,41,3.6341463414634148,2026-01-04,50,0.82
h020,50,4.0,2026-01-04,60,0.8333333333333334
h021,46,3.9130434782608696,2026-01-04,50,0.92
h022,26,3.576923076923077,2026-01-04,30,0.8666666666666667
h023,24,4.208333333333333,2026-01-04,30,0.8
h024,54,3.6481481481481484,2026-01-04,60,0.9
h025,35,3.6285714285714286,2026-01-04,40,0.875
h026,46,4.0,2026-01-04,50,0.92
h027,54,4.0,2026-01-04,60,0.9
h028,36,3.75,2026-01-04,40,0.9
h029,24,3.625,2026-01-04,30,0.8
h030,50,3.78,2026-01-04,60,0.8333333333333334
h031,55,4.0181818181818185,2026-01-04,60,0.9166666666666666
h032,37,3.7837837837837838,2026-01-04,40,0.925
h033,34,3.5588235294117645,2026-01-04,40,0.85
h034,52,3.923076923076923,2026-01-04,60,0.8666666666666667
h035,64,3.9375,2026-01-04,70,0.9142857142857143
h036,34,3.588235294117647,2026-01-04,40,0.85
h037,31,4.032258064516129,2026-01-04,40,0.775
h038,26,3.8076923076923075,2026-01-04,30,0.8666666666666667
h039,64,3.640625,2026-01-04,70,0.9142857142857143
h040,40,3.625,2026-01-04,50,0.8
h041,37,3.72972972972973,2026-01-04,40,0.925
h042,45,3.8222222222222224,2026-01-04,50,0.9
h043,54,3.925925925925926,2026-01-04,60,0.9
h044,43,3.744186046511628,2026-01-04,50,0.86
h045,45,3.8666666666666667,2026-01-04,50,0.9
h046,43,4.372093023255814,2026-01-04,50,0.86
h047,33,3.6363636363636362,2026-01-04,40,0.825
h048,35,3.942857142857143,2026-01-04,40,0.875
h049,48,4.0,2026-01-04,60,0.8
h050,36,3.8333333333333335,2026-01-04,40,0.9
h001,64,3.828125,2026-01-05,70,0.9142857142857143
h002,28,3.75,2026-01-05,30,0.9333333333333333
h003,33,3.5757575757575757,2026-01-05,40,0.825
h004,34,4.088235294117647,2026-01-05,40,0.85
h005,37,3.72972972972973,2026-01-05,40,0.925
h006,56,3.6785714285714284,2026-01-05,70,0.8
h007,35,3.6857142857142855,2026-01-05,40,0.875
h008,36,4.194444444444445,2026-01-05,40,0.9
h009,44,4.0227272727272725,2026-01-05,50,0.88
h010,34,3.911764705882353,2026-01-05,40,0.85
h011,52,4.096153846153846,2026-01-05,60,0.8666666666666667
h012,42,4.071428571428571,2026-01-05,50,0.84
h013,44,3.840909090909091,2026-01-05,50,0.88
h014,53,3.8679245283018866,2026-01-05,60,0.8833333333333333
h015,53,3.660377358490566,2026-01-05,60,0.8833333333333333
h016,73,3.7260273972602738,2026-01-05,80,0.9125
h017,46,4.065217391304348,2026-01-05,50,0.92
h018,56,3.8035714285714284,2026-01-05,60,0.9333333333333333
h019,41,3.6341463414634148,2026-01-05,50,0.82
h020,50,4.0,2026-01-05,60,0.8333333333333334
h021,46,3.9130434782608696,2026-01-05,50,0.92
h022,26,3.576923076923077,2026-01-05,30,0.8666666666666667
h023,24,4.208333333333333,2026-01-05,30,0.8
h024,54,3.6481481481481484,2026-01-05,60,0.9
h025,35,3.6285714285714286,2026-01-05,40,0.875
h026,46,4.0,2026-01-05,50,0.92
h027,54,4.0,2026-01-05,60,0.9
h028,36,3.75,2026-01-05,40,0.9
h029,24,3.625,2026-01-05,30,0.8
h030,50,3.78,2026-01-05,60,0.8333333333333334
h031,55,4.0181818181818185,2026-01-05,60,0.9166666666666666
h032,37,3.7837837837837838,2026-01-05,40,0.925
h033,34,3.5588235294117645,2026-01-05,40,0.85
h034,52,3.923076923076923,2026-01-05,60,0.8666666666666667
h035,64,3.9375,2026-01-05,70,0.9142857142857143
h036,34,3.588235294117647,2026-01-05,40,0.85
h037,31,4.032258064516129,2026-01-05,40,0.775
h038,26,3.8076923076923075,2026-01-05,30,0.8666666666666667
h039,64,3.640625,2026-01-05,70,0.9142857142857143
h040,40,3.625,2026-01-05,50,0.8
h041,37,3.72972972972973,2026-01-05,40,0.925
h042,45,3.8222222222222224,2026-01-05,50,0.9
h043,54,3.925925925925926,2026-01-05,60,0.9
h044,43,3.744186046511628,2026-01-05,50,0.86
h045,45,3.8666666666666667,2026-01-05,50,0.9
h046,43,4.372093023255814,2026-01-05,50,0.86
h047,33,3.6363636363636362,2026-01-05,40,0.825
h048,35,3.942857142857143,2026-01-05,40,0.875
h049,48,4.0,2026-01-05,60,0.8
h050,36,3.8333333333333335,2026-01-05,40,0.9
h001,64,3.828125,2026-01-06,70,0.9142857142857143
h002,28,3.75,2026-01-06,30,0.9333333333333333
h003,33,3.5757575757575757,2026-01-06,40,0.825
h004,34,4.088235294117647,2026-01-06,40,0.85
h005,37,3.72972972972973,2026-01-06,40,0.925
h006,56,3.6785714285714284,2026-01-06,70,0.8
h007,35,3.6857142857142855,2026-01-06,40,0.875
h008,36,4.194444444444445,2026-01-06,40,0.9
h009,44,4.0227272727272725,2026-01-06,50,0.88
h010,34,3.911764705882353,2026-01-06,40,0.85
h011,52,4.096153846153846,2026-01-06,60,0.8666666666666667
h012,42,4.071428571428571,2026-01-06,50,0.84
h013,44,3.840909090909091,2026-01-06,50,0.88
h014,53,3.8679245283018866,2026-01-06,60,0.8833333333333333
h015,53,3.660377358490566,2026-01-06,60,0.8833333333333333
h016,73,3.7260273972602738,2026-01-06,80,0.9125
h017,46,4.065217391304348,2026-01-06,50,0.92
h018,56,3.8035714285714284,2026-01-06,60,0.9333333333333333
h019,41,3.6341463414634148,2026-01-06,50,0.82
h020,50,4.0,2026-01-06,60,0.8333333333333334
h021,46,3.9130434782608696,2026-01-06,50,0.92
h022,26,3.576923076923077,2026-01-06,30,0.8666666666666667
h023,24,4.208333333333333,2026-01-06,30,0.8
h024,54,3.6481481481481484,2026-01-06,60,0.9
h025,35,3.6285714285714286,2026-01-06,40,0.875
h026,46,4.0,2026-01-06,50,0.92
h027,54,4.0,2026-01-06,60,0.9
h028,36,3.75,2026-01-06,40,0.9
h029,24,3.625,2026-01-06,30,0.8
h030,50,3.78,2026-01-06,60,0.8333333333333334
h031,55,4.0181818181818185,2026-01-06,60,0.9166666666666666
h032,37,3.7837837837837838,2026-01-06,40,0.925
h033,34,3.5588235294117645,2026-01-06,40,0.85
h034,52,3.923076923076923,2026-01-06,60,0.8666666666666667
h035,64,3.9375,2026-01-06,70,0.9142857142857143
h036,34,3.588235294117647,2026-01-06,40,0.85
h037,31,4.032258064516129,2026-01-06,40,0.775
h038,26,3.8076923076923075,2026-01-06,30,0.8666666666666667
h039,64,3.640625,2026-01-06,70,0.9142857142857143
h040,40,3.625,2026-01-06,50,0.8
h041,37,3.72972972972973,2026-01-06,40,0.925
h042,45,3.8222222222222224,2026-01-06,50,0.9
h043,54,3.925925925925926,2026-01-06,60,0.9
h044,43,3.744186046511628,2026-01-06,50,0.86
h045,45,3.8666666666666667,2026-01-06,50,0.9
h046,43,4.372093023255814,2026-01-06,50,0.86
h047,33,3.6363636363636362,2026-01-06,40,0.825
h048,35,3.942857142857143,2026-01-06,40,0.875
h049,48,4.0,2026-01-06,60,0.8
h050,36,3.8333333333333335,2026-01-06,40,0.9
h001,64,3.828125,2026-01-07,70,0.9142857142857143
h002,28,3.75,2026-01-07,30,0.9333333333333333
h003,33,3.5757575757575757,2026-01-07,40,0.825
h004,34,4.088235294117647,2026-01-07,40,0.85
h005,37,3.72972972972973,2026-01-07,40,0.925
h006,56,3.6785714285714284,2026-01-07,70,0.8
h007,35,3.6857142857142855,2026-01-07,40,0.875
h008,36,4.194444444444445,2026-01-07,40,0.9
h009,44,4.0227272727272725,2026-01-07,50,0.88
h010,34,3.911764705882353,2026-01-07,40,0.85
h011,52,4.096153846153846,2026-01-07,60,0.8666666666666667
h012,42,4.071428571428571,2026-01-07,50,0.84
h013,44,3.840909090909091,2026-01-07,50,0.88
h014,53,3.8679245283018866,2026-01-07,60,0.8833333333333333
h015,53,3.660377358490566,2026-01-07,60,0.8833333333333333
h016,73,3.7260273972602738,2026-01-07,80,0.9125
h017,46,4.065217391304348,2026-01-07,50,0.92
h018,56,3.8035714285714284,2026-01-07,60,0.9333333333333333
h019,41,3.6341463414634148,2026-01-07,50,0.82
h020,50,4.0,2026-01-07,60,0.8333333333333334
h021,46,3.9130434782608696,2026-01-07,50,0.92
h022,26,3.576923076923077,2026-01-07,30,0.8666666666666667
h023,24,4.208333333333333,2026-01-07,30,0.8
h024,54,3.6481481481481484,2026-01-07,60,0.9
h025,35,3.6285714285714286,2026-01-07,40,0.875
h026,46,4.0,2026-01-07,50,0.92
h027,54,4.0,2026-01-07,60,0.9
h028,36,3.75,2026-01-07,40,0.9
h029,24,3.625,2026-01-07,30,0.8
h030,50,3.78,2026-01-07,60,0.8333333333333334
h031,55,4.0181818181818185,2026-01-07,60,0.9166666666666666
h032,37,3.7837837837837838,2026-01-07,40,0.925
h033,34,3.5588235294117645,2026-01-07,40,0.85
h034,52,3.923076923076923,2026-01-07,60,0.8666666666666667
h035,64,3.9375,2026-01-07,70,0.9142857142857143
h036,34,3.588235294117647,2026-01-07,40,0.85
h037,31,4.032258064516129,2026-01-07,40,0.775
h038,26,3.8076923076923075,2026-01-07,30,0.8666666666666667
h039,64,3.640625,2026-01-07,70,0.9142857142857143
h040,40,3.625,2026-01-07,50,0.8
h041,37,3.72972972972973,2026-01-07,40,0.925
h042,45,3.8222222222222224,2026-01-07,50,0.9
h043,54,3.925925925925926,2026-01-07,60,0.9
h044,43,3.744186046511628,2026-01-07,50,0.86
h045,45,3.8666666666666667,2026-01-07,50,0.9
h046,43,4.372093023255814,2026-01-07,50,0.86
h047,33,3.6363636363636362,2026-01-07,40,0.825
h048,35,3.942857142857143,2026-01-07,40,0.875
h049,48,4.0,2026-01-07,60,0.8
h050,36,3.8333333333333335,2026-01-07,40,0.9
h001,64,3.828125,2026-01-08,70,0.9142857142857143
h002,28,3.75,2026-01-08,30,0.9333333333333333
h003,33,3.5757575757575757,2026-01-08,40,0.825
h004,34,4.088235294117647,2026-01-08,40,0.85
h005,37,3.72972972972973,2026-01-08,40,0.925
h006,56,3.6785714285714284,2026-01-08,70,0.8
h007,35,3.6857142857142855,2026-01-08,40,0.875
h008,36,4.194444444444445,2026-01-08,40,0.9
h009,44,4.0227272727272725,2026-01-08,50,0.88
h010,34,3.911764705882353,2026-01-08,40,0.85
h011,52,4.096153846153846,2026-01-08,60,0.8666666666666667
h012,42,4.071428571428571,2026-01-08,50,0.84
h013,44,3.840909090909091,2026-01-08,50,0.88
h014,53,3.8679245283018866,2026-01-08,60,0.8833333333333333
h015,53,3.660377358490566,2026-01-08,60,0.8833333333333333
h016,73,3.7260273972602738,2026-01-08,80,0.9125
h017,46,4.065217391304348,2026-01-08,50,0.92
h018,56,3.8035714285714284,2026-01-08,60,0.9333333333333333
h019,41,3.6341463414634148,2026-01-08,50,0.82
h020,50,4.0,2026-01-08,60,0.8333333333333334
h021,46,3.9130434782608696,2026-01-08,50,0.92
h022,26,3.576923076923077,2026-01-08,30,0.8666666666666667
h023,24,4.208333333333333,2026-01-08,30,0.8
h024,54,3.6481481481481484,2026-01-08,60,0.9
h025,35,3.6285714285714286,2026-01-08,40,0.875
h026,46,4.0,2026-01-08,50,0.92
h027,54,4.0,2026-01-08,60,0.9
h028,36,3.75,2026-01-08,40,0.9
h029,24,3.625,2026-01-08,30,0.8
h030,50,3.78,2026-01-08,60,0.8333333333333334
h031,55,4.0181818181818185,2026-01-08,60,0.9166666666666666
h032,37,3.7837837837837838,2026-01-08,40,0.925
h033,34,3.5588235294117645,2026-01-08,40,0.85
h034,52,3.923076923076923,2026-01-08,60,0.8666666666666667
h035,64,3.9375,2026-01-08,70,0.9142857142857143
h036,34,3.588235294117647,2026-01-08,40,0.85
h037,31,4.032258064516129,2026-01-08,40,0.775
h038,26,3.8076923076923075,2026-01-08,30,0.8666666666666667
h039,64,3.640625,2026-01-08,70,0.9142857142857143
h040,40,3.625,2026-01-08,50,0.8
h041,37,3.72972972972973,2026-01-08,40,0.925
h042,45,3.8222222222222224,2026-01-08,50,0.9
h043,54,3.925925925925926,2026-01-08,60,0.9
h044,43,3.744186046511628,2026-01-08,50,0.86
h045,45,3.8666666666666667,2026-01-08,50,0.9
h046,43,4.372093023255814,2026-01-08,50,0.86
h047,33,3.6363636363636362,2026-01-08,40,0.825
h048,35,3.942857142857143,2026-01-08,40,0.875
h049,48,4.0,2026-01-08,60,0.8
h050,36,3.8333333333333335,2026-01-08,40,0.9
h001,64,3.828125,2026-01-09,70,0.9142857142857143
h002,28,3.75,2026-01-09,30,0.9333333333333333
h003,33,3.5757575757575757,2026-01-09,40,0.825
h004,34,4.088235294117647,2026-01-09,40,0.85
h005,37,3.72972972972973,2026-01-09,40,0.925
h006,56,3.6785714285714284,2026-01-09,70,0.8
h007,35,3.6857142857142855,2026-01-09,40,0.875
h008,36,4.194444444444445,2026-01-09,40,0.9
h009,44,4.0227272727272725,2026-01-09,50,0.88
h010,34,3.911764705882353,2026-01-09,40,0.85
h011,52,4.096153846153846,2026-01-09,60,0.8666666666666667
h012,42,4.071428571428571,2026-01-09,50,0.84
h013,44,3.840909090909091,2026-01-09,50,0.88
h014,53,3.8679245283018866,2026-01-09,60,0.8833333333333333
h015,53,3.660377358490566,2026-01-09,60,0.8833333333333333
h016,73,3.7260273972602738,2026-01-09,80,0.9125
h017,46,4.065217391304348,2026-01-09,50,0.92
h018,56,3.8035714285714284,2026-01-09,60,0.9333333333333333
h019,41,3.6341463414634148,2026-01-09,50,0.82
h020,50,4.0,2026-01-09,60,0.8333333333333334
h021,46,3.9130434782608696,2026-01-09,50,0.92
h022,26,3.576923076923077,2026-01-09,30,0.8666666666666667
h023,24,4.208333333333333,2026-01-09,30,0.8
h024,54,3.6481481481481484,2026-01-09,60,0.9
h025,35,3.6285714285714286,2026-01-09,40,0.875
h026,46,4.0,2026-01-09,50,0.92
h027,54,4.0,2026-01-09,60,0.9
h028,36,3.75,2026-01-09,40,0.9
h029,24,3.625,2026-01-09,30,0.8
h030,50,3.78,2026-01-09,60,0.8333333333333334
h031,55,4.0181818181818185,2026-01-09,60,0.9166666666666666
h032,37,3.7837837837837838,2026-01-09,40,0.925
h033,34,3.5588235294117645,2026-01-09,40,0.85
h034,52,3.923076923076923,2026-01-09,60,0.8666666666666667
h035,64,3.9375,2026-01-09,70,0.9142857142857143
h036,34,3.588235294117647,2026-01-09,40,0.85
h037,31,4.032258064516129,2026-01-09,40,0.775
h038,26,3.8076923076923075,2026-01-09,30,0.8666666666666667
h039,64,3.640625,2026-01-09,70,0.9142857142857143
h040,40,3.625,2026-01-09,50,0.8
h041,37,3.72972972972973,2026-01-09,40,0.925
h042,45,3.8222222222222224,2026-01-09,50,0.9
h043,54,3.925925925925926,2026-01-09,60,0.9
h044,43,3.744186046511628,2026-01-09,50,0.86
h045,45,3.8666666666666667,2026-01-09,50,0.9
h046,43,4.372093023255814,2026-01-09,50,0.86
h047,33,3.6363636363636362,2026-01-09,40,0.825
h048,35,3.942857142857143,2026-01-09,40,0.875
h049,48,4.0,2026-01-09,60,0.8
h050,36,3.8333333333333335,2026-01-09,40,0.9
h001,64,3.828125,2026-01-10,70,0.9142857142857143
h002,28,3.75,2026-01-10,30,0.9333333333333333
h003,33,3.5757575757575757,2026-01-10,40,0.825
h004,34,4.088235294117647,2026-01-10,40,0.85
h005,37,3.72972972972973,2026-01-10,40,0.925
h006,56,3.6785714285714284,2026-01-10,70,0.8
h007,35,3.6857142857142855,2026-01-10,40,0.875
h008,36,4.194444444444445,2026-01-10,40,0.9
h009,44,4.0227272727272725,2026-01-10,50,0.88
h010,34,3.911764705882353,2026-01-10,40,0.85
h011,52,4.096153846153846,2026-01-10,60,0.8666666666666667
h012,42,4.071428571428571,2026-01-10,50,0.84
h013,44,3.840909090909091,2026-01-10,50,0.88
h014,53,3.8679245283018866,2026-01-10,60,0.8833333333333333
h015,53,3.660377358490566,2026-01-10,60,0.8833333333333333
h016,73,3.7260273972602738,2026-01-10,80,0.9125
h017,46,4.065217391304348,2026-01-10,50,0.92
h018,56,3.8035714285714284,2026-01-10,60,0.9333333333333333
h019,41,3.6341463414634148,2026-01-10,50,0.82
h020,50,4.0,2026-01-10,60,0.8333333333333334
h021,46,3.9130434782608696,2026-01-10,50,0.92
h022,26,3.576923076923077,2026-01-10,30,0.8666666666666667
h023,24,4.208333333333333,2026-01-10,30,0.8
h024,54,3.6481481481481484,2026-01-10,60,0.9
h025,35,3.6285714285714286,2026-01-10,40,0.875
h026,46,4.0,2026-01-10,50,0.92
h027,54,4.0,2026-01-10,60,0.9
h028,36,3.75,2026-01-10,40,0.9
h029,24,3.625,2026-01-10,30,0.8
h030,50,3.78,2026-01-10,60,0.8333333333333334
h031,55,4.0181818181818185,2026-01-10,60,0.9166666666666666
h032,37,3.7837837837837838,2026-01-10,40,0.925
h033,34,3.5588235294117645,2026-01-10,40,0.85
h034,52,3.923076923076923,2026-01-10,60,0.8666666666666667
h035,64,3.9375,2026-01-10,70,0.9142857142857143
h036,34,3.588235294117647,2026-01-10,40,0.85
h037,31,4.032258064516129,2026-01-10,40,0.775
h038,26,3.8076923076923075,2026-01-10,30,0.8666666666666667
h039,64,3.640625,2026-01-10,70,0.9142857142857143
h040,40,3.625,2026-01-10,50,0.8
h041,37,3.72972972972973,2026-01-10,40,0.925
h042,45,3.8222222222222224,2026-01-10,50,0.9
h043,54,3.925925925925926,2026-01-10,60,0.9
h044,43,3.744186046511628,2026-01-10,50,0.86
h045,45,3.8666666666666667,2026-01-10,50,0.9
h046,43,4.372093023255814,2026-01-10,50,0.86
h047,33,3.6363636363636362,2026-01-10,40,0.825
h048,35,3.942857142857143,2026-01-10,40,0.875
h049,48,4.0,2026-01-10,60,0.8
h050,36,3.8333333333333335,2026-01-10,40,0.9
h001,64,3.828125,2026-01-11,70,0.9142857142857143
h002,28,3.75,2026-01-11,30,0.9333333333333333
h003,33,3.5757575757575757,2026-01-11,40,0.825
h004,34,4.088235294117647,2026-01-11,40,0.85
h005,37,3.72972972972973,2026-01-11,40,0.925
h006,56,3.6785714285714284,2026-01-11,70,0.8
h007,35,3.6857142857142855,2026-01-11,40,0.875
h008,36,4.194444444444445,2026-01-11,40,0.9
h009,44,4.0227272727272725,2026-01-11,50,0.88
h010,34,3.911764705882353,2026-01-11,40,0.85
h011,52,4.096153846153846,2026-01-11,60,0.8666666666666667
h012,42,4.071428571428571,2026-01-11,50,0.84
h013,44,3.840909090909091,2026-01-11,50,0.88
h014,53,3.8679245283018866,2026-01-11,60,0.8833333333333333
h015,53,3.660377358490566,2026-01-11,60,0.8833333333333333
h016,73,3.7260273972602738,2026-01-11,80,0.9125
h017,46,4.065217391304348,2026-01-11,50,0.92
h018,56,3.8035714285714284,2026-01-11,60,0.9333333333333333
h019,41,3.6341463414634148,2026-01-11,50,0.82
h020,50,4.0,2026-01-11,60,0.8333333333333334
h021,46,3.9130434782608696,2026-01-11,50,0.92
h022,26,3.576923076923077,2026-01-11,30,0.8666666666666667
h023,24,4.208333333333333,2026-01-11,30,0.8
h024,54,3.6481481481481484,2026-01-11,60,0.9
h025,35,3.6285714285714286,2026-01-11,40,0.875
h026,46,4.0,2026-01-11,50,0.92
h027,54,4.0,2026-01-11,60,0.9
h028,36,3.75,2026-01-11,40,0.9
h029,24,3.625,2026-01-11,30,0.8
h030,50,3.78,2026-01-11,60,0.8333333333333334
h031,55,4.0181818181818185,2026-01-11,60,0.9166666666666666
h032,37,3.7837837837837838,2026-01-11,40,0.925
h033,34,3.5588235294117645,2026-01-11,40,0.85
h034,52,3.923076923076923,2026-01-11,60,0.8666666666666667
h035,64,3.9375,2026-01-11,70,0.9142857142857143
h036,34,3.588235294117647,2026-01-11,40,0.85
h037,31,4.032258064516129,2026-01-11,40,0.775
h038,26,3.8076923076923075,2026-01-11,30,0.8666666666666667
h039,64,3.640625,2026-01-11,70,0.9142857142857143
h040,40,3.625,2026-01-11,50,0.8
h041,37,3.72972972972973,2026-01-11,40,0.925
h042,45,3.8222222222222224,2026-01-11,50,0.9
h043,54,3.925925925925926,2026-01-11,60,0.9
h044,43,3.744186046511628,2026-01-11,50,0.86
h045,45,3.8666666666666667,2026-01-11,50,0.9
h046,43,4.372093023255814,2026-01-11,50,0.86
h047,33,3.6363636363636362,2026-01-11,40,0.825
h048,35,3.942857142857143,2026-01-11,40,0.875
h049,48,4.0,2026-01-11,60,0.8
h050,36,3.8333333333333335,2026-01-11,40,0.9
h001,64,3.828125,2026-01-12,70,0.9142857142857143
h002,28,3.75,2026-01-12,30,0.9333333333333333
h003,33,3.5757575757575757,2026-01-12,40,0.825
h004,34,4.088235294117647,2026-01-12,40,0.85
h005,37,3.72972972972973,2026-01-12,40,0.925
h006,56,3.6785714285714284,2026-01-12,70,0.8
h007,35,3.6857142857142855,2026-01-12,40,0.875
h008,36,4.194444444444445,2026-01-12,40,0.9
h009,44,4.0227272727272725,2026-01-12,50,0.88
h010,34,3.911764705882353,2026-01-12,40,0.85
h011,52,4.096153846153846,2026-01-12,60,0.8666666666666667
h012,42,4.071428571428571,2026-01-12,50,0.84
h013,44,3.840909090909091,2026-01-12,50,0.88
h014,53,3.8679245283018866,2026-01-12,60,0.8833333333333333
h015,53,3.660377358490566,2026-01-12,60,0.8833333333333333
h016,73,3.7260273972602738,2026-01-12,80,0.9125
h017,46,4.065217391304348,2026-01-12,50,0.92
h018,56,3.8035714285714284,2026-01-12,60,0.9333333333333333
h019,41,3.6341463414634148,2026-01-12,50,0.82
h020,50,4.0,2026-01-12,60,0.8333333333333334
h021,46,3.9130434782608696,2026-01-12,50,0.92
h022,26,3.576923076923077,2026-01-12,30,0.8666666666666667
h023,24,4.208333333333333,2026-01-12,30,0.8
h024,54,3.6481481481481484,2026-01-12,60,0.9
h025,35,3.6285714285714286,2026-01-12,40,0.875
h026,46,4.0,2026-01-12,50,0.92
h027,54,4.0,2026-01-12,60,0.9
h028,36,3.75,2026-01-12,40,0.9
h029,24,3.625,2026-01-12,30,0.8
h030,50,3.78,2026-01-12,60,0.8333333333333334
h031,55,4.0181818181818185,2026-01-12,60,0.9166666666666666
h032,37,3.7837837837837838,2026-01-12,40,0.925
h033,34,3.5588235294117645,2026-01-12,40,0.85
h034,52,3.923076923076923,2026-01-12,60,0.8666666666666667
h035,64,3.9375,2026-01-12,70,0.9142857142857143
h036,34,3.588235294117647,2026-01-12,40,0.85
h037,31,4.032258064516129,2026-01-12,40,0.775
h038,26,3.8076923076923075,2026-01-12,30,0.8666666666666667
h039,64,3.640625,2026-01-12,70,0.9142857142857143
h040,40,3.625,2026-01-12,50,0.8
h041,37,3.72972972972973,2026-01-12,40,0.925
h042,45,3.8222222222222224,2026-01-12,50,0.9
h043,54,3.925925925925926,2026-01-12,60,0.9
h044,43,3.744186046511628,2026-01-12,50,0.86
h045,45,3.8666666666666667,2026-01-12,50,0.9
h046,43,4.372093023255814,2026-01-12,50,0.86
h047,33,3.6363636363636362,2026-01-12,40,0.825
h048,35,3.942857142857143,2026-01-12,40,0.875
h049,48,4.0,2026-01-12,60,0.8
h050,36,3.8333333333333335,2026-01-12,40,0.9
h001,64,3.828125,2026-01-13,70,0.9142857142857143
h002,28,3.75,2026-01-13,30,0.9333333333333333
h003,33,3.5757575757575757,2026-01-13,40,0.825
h004,34,4.088235294117647,2026-01-13,40,0.85
h005,37,3.72972972972973,2026-01-13,40,0.925
h006,56,3.6785714285714284,2026-01-13,70,0.8
h007,35,3.6857142857142855,2026-01-13,40,0.875
h008,36,4.194444444444445,2026-01-13,40,0.9
h009,44,4.0227272727272725,2026-01-13,50,0.88
h010,34,3.911764705882353,2026-01-13,40,0.85
h011,52,4.096153846153846,2026-01-13,60,0.8666666666666667
h012,42,4.071428571428571,2026-01-13,50,0.84
h013,44,3.840909090909091,2026-01-13,50,0.88
h014,53,3.8679245283018866,2026-01-13,60,0.8833333333333333
h015,53,3.660377358490566,2026-01-13,60,0.8833333333333333
h016,73,3.7260273972602738,2026-01-13,80,0.9125
h017,46,4.065217391304348,2026-01-13,50,0.92
h018,56,3.8035714285714284,2026-01-13,60,0.9333333333333333
h019,41,3.6341463414634148,2026-01-13,50,0.82
h020,50,4.0,2026-01-13,60,0.8333333333333334
h021,46,3.9130434782608696,2026-01-13,50,0.92
h022,26,3.576923076923077,2026-01-13,30,0.8666666666666667
h023,24,4.208333333333333,2026-01-13,30,0.8
h024,54,3.6481481481481484,2026-01-13,60,0.9
h025,35,3.6285714285714286,2026-01-13,40,0.875
h026,46,4.0,2026-01-13,50,0.92
h027,54,4.0,2026-01-13,60,0.9
h028,36,3.75,2026-01-13,40,0.9
h029,24,3.625,2026-01-13,30,0.8
h030,50,3.78,2026-01-13,60,0.8333333333333334
h031,55,4.0181818181818185,2026-01-13,60,0.9166666666666666
h032,37,3.7837837837837838,2026-01-13,40,0.925
h033,34,3.5588235294117645,2026-01-13,40,0.85
h034,52,3.923076923076923,2026-01-13,60,0.8666666666666667
h035,64,3.9375,2026-01-13,70,0.9142857142857143
h036,34,3.588235294117647,2026-01-13,40,0.85
h037,31,4.032258064516129,2026-01-13,40,0.775
h038,26,3.8076923076923075,2026-01-13,30,0.8666666666666667
h039,64,3.640625,2026-01-13,70,0.9142857142857143
h040,40,3.625,2026-01-13,50,0.8
h041,37,3.72972972972973,2026-01-13,40,0.925
h042,45,3.8222222222222224,2026-01-13,50,0.9
h043,54,3.925925925925926,2026-01-13,60,0.9
h044,43,3.744186046511628,2026-01-13,50,0.86
h045,45,3.8666666666666667,2026-01-13,50,0.9
h046,43,4.372093023255814,2026-01-13,50,0.86
h047,33,3.6363636363636362,2026-01-13,40,0.825
h048,35,3.942857142857143,2026-01-13,40,0.875
h049,48,4.0,2026-01-13,60,0.8
h050,36,3.8333333333333335,2026-01-13,40,0.9
h001,64,3.828125,2026-01-14,70,0.9142857142857143
h002,28,3.75,2026-01-14,30,0.9333333333333333
h003,33,3.5757575757575757,2026-01-14,40,0.825
h004,34,4.088235294117647,2026-01-14,40,0.85
h005,37,3.72972972972973,2026-01-14,40,0.925
h006,56,3.6785714285714284,2026-01-14,70,0.8
h007,35,3.6857142857142855,2026-01-14,40,0.875
h008,36,4.194444444444445,2026-01-14,40,0.9
h009,44,4.0227272727272725,2026-01-14,50,0.88
h010,34,3.911764705882353,2026-01-14,40,0.85
h011,52,4.096153846153846,2026-01-14,60,0.8666666666666667
h012,42,4.071428571428571,2026-01-14,50,0.84
h013,44,3.840909090909091,2026-01-14,50,0.88
h014,53,3.8679245283018866,2026-01-14,60,0.8833333333333333
h015,53,3.660377358490566,2026-01-14,60,0.8833333333333333
h016,73,3.7260273972602738,2026-01-14,80,0.9125
h017,46,4.065217391304348,2026-01-14,50,0.92
h018,56,3.8035714285714284,2026-01-14,60,0.9333333333333333
h019,41,3.6341463414634148,2026-01-14,50,0.82
h020,50,4.0,2026-01-14,60,0.8333333333333334
h021,46,3.9130434782608696,2026-01-14,50,0.92
h022,26,3.576923076923077,2026-01-14,30,0.8666666666666667
h023,24,4.208333333333333,2026-01-14,30,0.8
h024,54,3.6481481481481484,2026-01-14,60,0.9
h025,35,3.6285714285714286,2026-01-14,40,0.875
h026,46,4.0,2026-01-14,50,0.92
h027,54,4.0,2026-01-14,60,0.9
h028,36,3.75,2026-01-14,40,0.9
h029,24,3.625,2026-01-14,30,0.8
h030,50,3.78,2026-01-14,60,0.8333333333333334
h031,55,4.0181818181818185,2026-01-14,60,0.9166666666666666
h032,37,3.7837837837837838,2026-01-14,40,0.925
h033,34,3.5588235294117645,2026-01-14,40,0.85
h034,52,3.923076923076923,2026-01-14,60,0.8666666666666667
h035,64,3.9375,2026-01-14,70,0.9142857142857143
h036,34,3.588235294117647,2026-01-14,40,0.85
h037,31,4.032258064516129,2026-01-14,40,0.775
h038,26,3.8076923076923075,2026-01-14,30,0.8666666666666667
h039,64,3.640625,2026-01-14,70,0.9142857142857143
h040,40,3.625,2026-01-14,50,0.8
h041,37,3.72972972972973,2026-01-14,40,0.925
h042,45,3.8222222222222224,2026-01-14,50,0.9
h043,54,3.925925925925926,2026-01-14,60,0.9
h044,43,3.744186046511628,2026-01-14,50,0.86
h045,45,3.8666666666666667,2026-01-14,50,0.9
h046,43,4.372093023255814,2026-01-14,50,0.86
h047,33,3.6363636363636362,2026-01-14,40,0.825
h048,35,3.942857142857143,2026-01-14,40,0.875
h049,48,4.0,2026-01-14,60,0.8
h050,36,3.8333333333333335,2026-01-14,40,0.9
h001,64,3.828125,2026-01-15,70,0.9142857142857143
h002,28,3.75,2026-01-15,30,0.9333333333333333
h003,33,3.5757575757575757,2026-01-15,40,0.825
h004,34,4.088235294117647,2026-01-15,40,0.85
h005,37,3.72972972972973,2026-01-15,40,0.925
h006,56,3.6785714285714284,2026-01-15,70,0.8
h007,35,3.6857142857142855,2026-01-15,40,0.875
h008,36,4.194444444444445,2026-01-15,40,0.9
h009,44,4.0227272727272725,2026-01-15,50,0.88
h010,34,3.911764705882353,2026-01-15,40,0.85
h011,52,4.096153846153846,2026-01-15,60,0.8666666666666667
h012,42,4.071428571428571,2026-01-15,50,0.84
h013,44,3.840909090909091,2026-01-15,50,0.88
h014,53,3.8679245283018866,2026-01-15,60,0.8833333333333333
h015,53,3.660377358490566,2026-01-15,60,0.8833333333333333
h016,73,3.7260273972602738,2026-01-15,80,0.9125
h017,46,4.065217391304348,2026-01-15,50,0.92
h018,56,3.8035714285714284,2026-01-15,60,0.9333333333333333
h019,41,3.6341463414634148,2026-01-15,50,0.82
h020,50,4.0,2026-01-15,60,0.8333333333333334
h021,46,3.9130434782608696,2026-01-15,50,0.92
h022,26,3.576923076923077,2026-01-15,30,0.8666666666666667
h023,24,4.208333333333333,2026-01-15,30,0.8
h024,54,3.6481481481481484,2026-01-15,60,0.9
h025,35,3.6285714285714286,2026-01-15,40,0.875
h026,46,4.0,2026-01-15,50,0.92
h027,54,4.0,2026-01-15,60,0.9
h028,36,3.75,2026-01-15,40,0.9
h029,24,3.625,2026-01-15,30,0.8
h030,50,3.78,2026-01-15,60,0.8333333333333334
h031,55,4.0181818181818185,2026-01-15,60,0.9166666666666666
h032,37,3.7837837837837838,2026-01-15,40,0.925
h033,34,3.5588235294117645,2026-01-15,40,0.85
h034,52,3.923076923076923,2026-01-15,60,0.8666666666666667
h035,64,3.9375,2026-01-15,70,0.9142857142857143
h036,34,3.588235294117647,2026-01-15,40,0.85
h037,31,4.032258064516129,2026-01-15,40,0.775
h038,26,3.8076923076923075,2026-01-15,30,0.8666666666666667
h039,64,3.640625,2026-01-15,70,0.9142857142857143
h040,40,3.625,2026-01-15,50,0.8
h041,37,3.72972972972973,2026-01-15,40,0.925
h042,45,3.8222222222222224,2026-01-15,50,0.9
h043,54,3.925925925925926,2026-01-15,60,0.9
h044,43,3.744186046511628,2026-01-15,50,0.86
h045,45,3.8666666666666667,2026-01-15,50,0.9
h046,43,4.372093023255814,2026-01-15,50,0.86
h047,33,3.6363636363636362,2026-01-15,40,0.825
h048,35,3.942857142857143,2026-01-15,40,0.875
h049,48,4.0,2026-01-15,60,0.8
h050,36,3.8333333333333335,2026-01-15,40,0.9
h001,64,3.828125,2026-01-16,70,0.9142857142857143
h002,28,3.75,2026-01-16,30,0.9333333333333333
h003,33,3.5757575757575757,2026-01-16,40,0.825
h004,34,4.088235294117647,2026-01-16,40,0.85
h005,37,3.72972972972973,2026-01-16,40,0.925
h006,56,3.6785714285714284,2026-01-16,70,0.8
h007,35,3.6857142857142855,2026-01-16,40,0.875
h008,36,4.194444444444445,2026-01-16,40,0.9
h009,44,4.0227272727272725,2026-01-16,50,0.88
h010,34,3.911764705882353,2026-01-16,40,0.85
h011,52,4.096153846153846,2026-01-16,60,0.8666666666666667
h012,42,4.071428571428571,2026-01-16,50,0.84
h013,44,3.840909090909091,2026-01-16,50,0.88
h014,53,3.8679245283018866,2026-01-16,60,0.8833333333333333
h015,53,3.660377358490566,2026-01-16,60,0.8833333333333333
h016,73,3.7260273972602738,2026-01-16,80,0.9125
h017,46,4.065217391304348,2026-01-16,50,0.92
h018,56,3.8035714285714284,2026-01-16,60,0.9333333333333333
h019,41,3.6341463414634148,2026-01-16,50,0.82
h020,50,4.0,2026-01-16,60,0.8333333333333334
h021,46,3.9130434782608696,2026-01-16,50,0.92
h022,26,3.576923076923077,2026-01-16,30,0.8666666666666667
h023,24,4.208333333333333,2026-01-16,30,0.8
h024,54,3.6481481481481484,2026-01-16,60,0.9
h025,35,3.6285714285714286,2026-01-16,40,0.875
h026,46,4.0,2026-01-16,50,0.92
h027,54,4.0,2026-01-16,60,0.9
h028,36,3.75,2026-01-16,40,0.9
h029,24,3.625,2026-01-16,30,0.8
h030,50,3.78,2026-01-16,60,0.8333333333333334
h031,55,4.0181818181818185,2026-01-16,60,0.9166666666666666
h032,37,3.7837837837837838,2026-01-16,40,0.925
h033,34,3.5588235294117645,2026-01-16,40,0.85
h034,52,3.923076923076923,2026-01-16,60,0.8666666666666667
h035,64,3.9375,2026-01-16,70,0.9142857142857143
h036,34,3.588235294117647,2026-01-16,40,0.85
h037,31,4.032258064516129,2026-01-16,40,0.775
h038,26,3.8076923076923075,2026-01-16,30,0.8666666666666667
h039,64,3.640625,2026-01-16,70,0.9142857142857143
h040,40,3.625,2026-01-16,50,0.8
h041,37,3.72972972972973,2026-01-16,40,0.925
h042,45,3.8222222222222224,2026-01-16,50,0.9
h043,54,3.925925925925926,2026-01-16,60,0.9
h044,43,3.744186046511628,2026-01-16,50,0.86
h045,45,3.8666666666666667,2026-01-16,50,0.9
h046,43,4.372093023255814,2026-01-16,50,0.86
h047,33,3.6363636363636362,2026-01-16,40,0.825
h048,35,3.942857142857143,2026-01-16,40,0.875
h049,48,4.0,2026-01-16,60,0.8
h050,36,3.8333333333333335,2026-01-16,40,0.9
h001,64,3.828125,2026-01-17,70,0.9142857142857143
h002,28,3.75,2026-01-17,30,0.9333333333333333
h003,33,3.5757575757575757,2026-01-17,40,0.825
h004,34,4.088235294117647,2026-01-17,40,0.85
h005,37,3.72972972972973,2026-01-17,40,0.925
h006,56,3.6785714285714284,2026-01-17,70,0.8
h007,35,3.6857142857142855,2026-01-17,40,0.875
h008,36,4.194444444444445,2026-01-17,40,0.9
h009,44,4.0227272727272725,2026-01-17,50,0.88
h010,34,3.911764705882353,2026-01-17,40,0.85
h011,52,4.096153846153846,2026-01-17,60,0.8666666666666667
h012,42,4.071428571428571,2026-01-17,50,0.84
h013,44,3.840909090909091,2026-01-17,50,0.88
h014,53,3.8679245283018866,2026-01-17,60,0.8833333333333333
h015,53,3.660377358490566,2026-01-17,60,0.8833333333333333
h016,73,3.7260273972602738,2026-01-17,80,0.9125
h017,46,4.065217391304348,2026-01-17,50,0.92
h018,56,3.8035714285714284,2026-01-17,60,0.9333333333333333
h019,41,3.6341463414634148,2026-01-17,50,0.82
h020,50,4.0,2026-01-17,60,0.8333333333333334
h021,46,3.9130434782608696,2026-01-17,50,0.92
h022,26,3.576923076923077,2026-01-17,30,0.8666666666666667
h023,24,4.208333333333333,2026-01-17,30,0.8
h024,54,3.6481481481481484,2026-01-17,60,0.9
h025,35,3.6285714285714286,2026-01-17,40,0.875
h026,46,4.0,2026-01-17,50,0.92
h027,54,4.0,2026-01-17,60,0.9
h028,36,3.75,2026-01-17,40,0.9
h029,24,3.625,2026-01-17,30,0.8
h030,50,3.78,2026-01-17,60,0.8333333333333334
h031,55,4.0181818181818185,2026-01-17,60,0.9166666666666666
h032,37,3.7837837837837838,2026-01-17,40,0.925
h033,34,3.5588235294117645,2026-01-17,40,0.85
h034,52,3.923076923076923,2026-01-17,60,0.8666666666666667
h035,64,3.9375,2026-01-17,70,0.9142857142857143
h036,34,3.588235294117647,2026-01-17,40,0.85
h037,31,4.032258064516129,2026-01-17,40,0.775
h038,26,3.8076923076923075,2026-01-17,30,0.8666666666666667
h039,64,3.640625,2026-01-17,70,0.9142857142857143
h040,40,3.625,2026-01-17,50,0.8
h041,37,3.72972972972973,2026-01-17,40,0.925
h042,45,3.8222222222222224,2026-01-17,50,0.9
h043,54,3.925925925925926,2026-01-17,60,0.9
h044,43,3.744186046511628,2026-01-17,50,0.86
h045,45,3.8666666666666667,2026-01-17,50,0.9
h046,43,4.372093023255814,2026-01-17,50,0.86
h047,33,3.6363636363636362,2026-01-17,40,0.825
h048,35,3.942857142857143,2026-01-17,40,0.875
h049,48,4.0,2026-01-17,60,0.8
h050,36,3.8333333333333335,2026-01-17,40,0.9
h001,64,3.828125,2026-01-18,70,0.9142857142857143
h002,28,3.75,2026-01-18,30,0.9333333333333333
h003,33,3.5757575757575757,2026-01-18,40,0.825
h004,34,4.088235294117647,2026-01-18,40,0.85
h005,37,3.72972972972973,2026-01-18,40,0.925
h006,56,3.6785714285714284,2026-01-18,70,0.8
h007,35,3.6857142857142855,2026-01-18,40,0.875
h008,36,4.194444444444445,2026-01-18,40,0.9
h009,44,4.0227272727272725,2026-01-18,50,0.88
h010,34,3.911764705882353,2026-01-18,40,0.85
h011,52,4.096153846153846,2026-01-18,60,0.8666666666666667
h012,42,4.071428571428571,2026-01-18,50,0.84
h013,44,3.840909090909091,2026-01-18,50,0.88
h014,53,3.8679245283018866,2026-01-18,60,0.8833333333333333
h015,53,3.660377358490566,2026-01-18,60,0.8833333333333333
h016,73,3.7260273972602738,2026-01-18,80,0.9125
h017,46,4.065217391304348,2026-01-18,50,0.92
h018,56,3.8035714285714284,2026-01-18,60,0.9333333333333333
h019,41,3.6341463414634148,2026-01-18,50,0.82
h020,50,4.0,2026-01-18,60,0.8333333333333334
h021,46,3.9130434782608696,2026-01-18,50,0.92
h022,26,3.576923076923077,2026-01-18,30,0.8666666666666667
h023,24,4.208333333333333,2026-01-18,30,0.8
h024,54,3.6481481481481484,2026-01-18,60,0.9
h025,35,3.6285714285714286,2026-01-18,40,0.875
h026,46,4.0,2026-01-18,50,0.92
h027,54,4.0,2026-01-18,60,0.9
h028,36,3.75,2026-01-18,40,0.9
h029,24,3.625,2026-01-18,30,0.8
h030,50,3.78,2026-01-18,60,0.8333333333333334
h031,55,4.0181818181818185,2026-01-18,60,0.9166666666666666
h032,37,3.7837837837837838,2026-01-18,40,0.925
h033,34,3.5588235294117645,2026-01-18,40,0.85
h034,52,3.923076923076923,2026-01-18,60,0.8666666666666667
h035,64,3.9375,2026-01-18,70,0.9142857142857143
h036,34,3.588235294117647,2026-01-18,40,0.85
h037,31,4.032258064516129,2026-01-18,40,0.775
h038,26,3.8076923076923075,2026-01-18,30,0.8666666666666667
h039,64,3.640625,2026-01-18,70,0.9142857142857143
h040,40,3.625,2026-01-18,50,0.8
h041,37,3.72972972972973,2026-01-18,40,0.925
h042,45,3.8222222222222224,2026-01-18,50,0.9
h043,54,3.925925925925926,2026-01-18,60,0.9
h044,43,3.744186046511628,2026-01-18,50,0.86
h045,45,3.8666666666666667,2026-01-18,50,0.9
h046,43,4.372093023255814,2026-01-18,50,0.86
h047,33,3.6363636363636362,2026-01-18,40,0.825
h048,35,3.942857142857143,2026-01-18,40,0.875
h049,48,4.0,2026-01-18,60,0.8
h050,36,3.8333333333333335,2026-01-18,40,0.9
h001,64,3.828125,2026-01-19,70,0.9142857142857143
h002,28,3.75,2026-01-19,30,0.9333333333333333
h003,33,3.5757575757575757,2026-01-19,40,0.825
h004,34,4.088235294117647,2026-01-19,40,0.85
h005,37,3.72972972972973,2026-01-19,40,0.925
h006,56,3.6785714285714284,2026-01-19,70,0.8
h007,35,3.6857142857142855,2026-01-19,40,0.875
h008,36,4.194444444444445,2026-01-19,40,0.9
h009,44,4.0227272727272725,2026-01-19,50,0.88
h010,34,3.911764705882353,2026-01-19,40,0.85
h011,52,4.096153846153846,2026-01-19,60,0.8666666666666667
h012,42,4.071428571428571,2026-01-19,50,0.84
h013,44,3.840909090909091,2026-01-19,50,0.88
h014,53,3.8679245283018866,2026-01-19,60,0.8833333333333333
h015,53,3.660377358490566,2026-01-19,60,0.8833333333333333
h016,73,3.7260273972602738,2026-01-19,80,0.9125
h017,46,4.065217391304348,2026-01-19,50,0.92
h018,56,3.8035714285714284,2026-01-19,60,0.9333333333333333
h019,41,3.6341463414634148,2026-01-19,50,0.82
h020,50,4.0,2026-01-19,60,0.8333333333333334
h021,46,3.9130434782608696,2026-01-19,50,0.92
h022,26,3.576923076923077,2026-01-19,30,0.8666666666666667
h023,24,4.208333333333333,2026-01-19,30,0.8
h024,54,3.6481481481481484,2026-01-19,60,0.9
h025,35,3.6285714285714286,2026-01-19,40,0.875
h026,46,4.0,2026-01-19,50,0.92
h027,54,4.0,2026-01-19,60,0.9
h028,36,3.75,2026-01-19,40,0.9
h029,24,3.625,2026-01-19,30,0.8
h030,50,3.78,2026-01-19,60,0.8333333333333334
h031,55,4.0181818181818185,2026-01-19,60,0.9166666666666666
h032,37,3.7837837837837838,2026-01-19,40,0.925
h033,34,3.5588235294117645,2026-01-19,40,0.85
h034,52,3.923076923076923,2026-01-19,60,0.8666666666666667
h035,64,3.9375,2026-01-19,70,0.9142857142857143
h036,34,3.588235294117647,2026-01-19,40,0.85
h037,31,4.032258064516129,2026-01-19,40,0.775
h038,26,3.8076923076923075,2026-01-19,30,0.8666666666666667
h039,64,3.640625,2026-01-19,70,0.9142857142857143
h040,40,3.625,2026-01-19,50,0.8
h041,37,3.72972972972973,2026-01-19,40,0.925
h042,45,3.8222222222222224,2026-01-19,50,0.9
h043,54,3.925925925925926,2026-01-19,60,0.9
h044,43,3.744186046511628,2026-01-19,50,0.86
h045,45,3.8666666666666667,2026-01-19,50,0.9
h046,43,4.372093023255814,2026-01-19,50,0.86
h047,33,3.6363636363636362,2026-01-19,40,0.825
h048,35,3.942857142857143,2026-01-19,40,0.875
h049,48,4.0,2026-01-19,60,0.8
h050,36,3.8333333333333335,2026-01-19,40,0.9
h001,64,3.828125,2026-01-20,70,0.9142857142857143
h002,28,3.75,2026-01-20,30,0.9333333333333333
h003,33,3.5757575757575757,2026-01-20,40,0.825
h004,34,4.088235294117647,2026-01-20,40,0.85
h005,37,3.72972972972973,2026-01-20,40,0.925
h006,56,3.6785714285714284,2026-01-20,70,0.8
h007,35,3.6857142857142855,2026-01-20,40,0.875
h008,36,4.194444444444445,2026-01-20,40,0.9
h009,44,4.0227272727272725,2026-01-20,50,0.88
h010,34,3.911764705882353,2026-01-20,40,0.85
h011,52,4.096153846153846,2026-01-20,60,0.8666666666666667
h012,42,4.071428571428571,2026-01-20,50,0.84
h013,44,3.840909090909091,2026-01-20,50,0.88
h014,53,3.8679245283018866,2026-01-20,60,0.8833333333333333
h015,53,3.660377358490566,2026-01-20,60,0.8833333333333333
h016,73,3.7260273972602738,2026-01-20,80,0.9125
h017,46,4.065217391304348,2026-01-20,50,0.92
h018,56,3.8035714285714284,2026-01-20,60,0.9333333333333333
h019,41,3.6341463414634148,2026-01-20,50,0.82
h020,50,4.0,2026-01-20,60,0.8333333333333334
h021,46,3.9130434782608696,2026-01-20,50,0.92
h022,26,3.576923076923077,2026-01-20,30,0.8666666666666667
h023,24,4.208333333333333,2026-01-20,30,0.8
h024,54,3.6481481481481484,2026-01-20,60,0.9
h025,35,3.6285714285714286,2026-01-20,40,0.875
h026,46,4.0,2026-01-20,50,0.92
h027,54,4.0,2026-01-20,60,0.9
h028,36,3.75,2026-01-20,40,0.9
h029,24,3.625,2026-01-20,30,0.8
h030,50,3.78,2026-01-20,60,0.8333333333333334
h031,55,4.0181818181818185,2026-01-20,60,0.9166666666666666
h032,37,3.7837837837837838,2026-01-20,40,0.925
h033,34,3.5588235294117645,2026-01-20,40,0.85
h034,52,3.923076923076923,2026-01-20,60,0.8666666666666667
h035,64,3.9375,2026-01-20,70,0.9142857142857143
h036,34,3.588235294117647,2026-01-20,40,0.85
h037,31,4.032258064516129,2026-01-20,40,0.775
h038,26,3.8076923076923075,2026-01-20,30,0.8666666666666667
h039,64,3.640625,2026-01-20,70,0.9142857142857143
h040,40,3.625,2026-01-20,50,0.8
h041,37,3.72972972972973,2026-01-20,40,0.925
h042,45,3.8222222222222224,2026-01-20,50,0.9
h043,54,3.925925925925926,2026-01-20,60,0.9
h044,43,3.744186046511628,2026-01-20,50,0.86
h045,45,3.8666666666666667,2026-01-20,50,0.9
h046,43,4.372093023255814,2026-01-20,50,0.86
h047,33,3.6363636363636362,2026-01-20,40,0.825
h048,35,3.942857142857143,2026-01-20,40,0.875
h049,48,4.0,2026-01-20,60,0.8
h050,36,3.8333333333333335,2026-01-20,40,0.9
h001,64,3.828125,2026-01-21,70,0.9142857142857143
h002,28,3.75,2026-01-21,30,0.9333333333333333
h003,33,3.5757575757575757,2026-01-21,40,0.825
h004,34,4.088235294117647,2026-01-21,40,0.85
h005,37,3.72972972972973,2026-01-21,40,0.925
h006,56,3.6785714285714284,2026-01-21,70,0.8
h007,35,3.6857142857142855,2026-01-21,40,0.875
h008,36,4.194444444444445,2026-01-21,40,0.9
h009,44,4.0227272727272725,2026-01-21,50,0.88
h010,34,3.911764705882353,2026-01-21,40,0.85
h011,52,4.096153846153846,2026-01-21,60,0.8666666666666667
h012,42,4.071428571428571,2026-01-21,50,0.84
h013,44,3.840909090909091,2026-01-21,50,0.88
h014,53,3.8679245283018866,2026-01-21,60,0.8833333333333333
h015,53,3.660377358490566,2026-01-21,60,0.8833333333333333
h016,73,3.7260273972602738,2026-01-21,80,0.9125
h017,46,4.065217391304348,2026-01-21,50,0.92
h018,56,3.8035714285714284,2026-01-21,60,0.9333333333333333
h019,41,3.6341463414634148,2026-01-21,50,0.82
h020,50,4.0,2026-01-21,60,0.8333333333333334
h021,46,3.9130434782608696,2026-01-21,50,0.92
h022,26,3.576923076923077,2026-01-21,30,0.8666666666666667
h023,24,4.208333333333333,2026-01-21,30,0.8
h024,54,3.6481481481481484,2026-01-21,60,0.9
h025,35,3.6285714285714286,2026-01-21,40,0.875
h026,46,4.0,2026-01-21,50,0.92
h027,54,4.0,2026-01-21,60,0.9
h028,36,3.75,2026-01-21,40,0.9
h029,24,3.625,2026-01-21,30,0.8
h030,50,3.78,2026-01-21,60,0.8333333333333334
h031,55,4.0181818181818185,2026-01-21,60,0.9166666666666666
h032,37,3.7837837837837838,2026-01-21,40,0.925
h033,34,3.5588235294117645,2026-01-21,40,0.85
h034,52,3.923076923076923,2026-01-21,60,0.8666666666666667
h035,64,3.9375,2026-01-21,70,0.9142857142857143
h036,34,3.588235294117647,2026-01-21,40,0.85
h037,31,4.032258064516129,2026-01-21,40,0.775
h038,26,3.8076923076923075,2026-01-21,30,0.8666666666666667
h039,64,3.640625,2026-01-21,70,0.9142857142857143
h040,40,3.625,2026-01-21,50,0.8
h041,37,3.72972972972973,2026-01-21,40,0.925
h042,45,3.8222222222222224,2026-01-21,50,0.9
h043,54,3.925925925925926,2026-01-21,60,0.9
h044,43,3.744186046511628,2026-01-21,50,0.86
h045,45,3.8666666666666667,2026-01-21,50,0.9
h046,43,4.372093023255814,2026-01-21,50,0.86
h047,33,3.6363636363636362,2026-01-21,40,0.825
h048,35,3.942857142857143,2026-01-21,40,0.875
h049,48,4.0,2026-01-21,60,0.8
h050,36,3.8333333333333335,2026-01-21,40,0.9
h001,64,3.828125,2026-01-22,70,0.9142857142857143
h002,28,3.75,2026-01-22,30,0.9333333333333333
h003,33,3.5757575757575757,2026-01-22,40,0.825
h004,34,4.088235294117647,2026-01-22,40,0.85
h005,37,3.72972972972973,2026-01-22,40,0.925
h006,56,3.6785714285714284,2026-01-22,70,0.8
h007,35,3.6857142857142855,2026-01-22,40,0.875
h008,36,4.194444444444445,2026-01-22,40,0.9
h009,44,4.0227272727272725,2026-01-22,50,0.88
h010,34,3.911764705882353,2026-01-22,40,0.85
h011,52,4.096153846153846,2026-01-22,60,0.8666666666666667
h012,42,4.071428571428571,2026-01-22,50,0.84
h013,44,3.840909090909091,2026-01-22,50,0.88
h014,53,3.8679245283018866,2026-01-22,60,0.8833333333333333
h015,53,3.660377358490566,2026-01-22,60,0.8833333333333333
h016,73,3.7260273972602738,2026-01-22,80,0.9125
h017,46,4.065217391304348,2026-01-22,50,0.92
h018,56,3.8035714285714284,2026-01-22,60,0.9333333333333333
h019,41,3.6341463414634148,2026-01-22,50,0.82
h020,50,4.0,2026-01-22,60,0.8333333333333334
h021,46,3.9130434782608696,2026-01-22,50,0.92
h022,26,3.576923076923077,2026-01-22,30,0.8666666666666667
h023,24,4.208333333333333,2026-01-22,30,0.8
h024,54,3.6481481481481484,2026-01-22,60,0.9
h025,35,3.6285714285714286,2026-01-22,40,0.875
h026,46,4.0,2026-01-22,50,0.92
h027,54,4.0,2026-01-22,60,0.9
h028,36,3.75,2026-01-22,40,0.9
h029,24,3.625,2026-01-22,30,0.8
h030,50,3.78,2026-01-22,60,0.8333333333333334
h031,55,4.0181818181818185,2026-01-22,60,0.9166666666666666
h032,37,3.7837837837837838,2026-01-22,40,0.925
h033,34,3.5588235294117645,2026-01-22,40,0.85
h034,52,3.923076923076923,2026-01-22,60,0.8666666666666667
h035,64,3.9375,2026-01-22,70,0.9142857142857143
h036,34,3.588235294117647,2026-01-22,40,0.85
h037,31,4.032258064516129,2026-01-22,40,0.775
h038,26,3.8076923076923075,2026-01-22,30,0.8666666666666667
h039,64,3.640625,2026-01-22,70,0.9142857142857143
h040,40,3.625,2026-01-22,50,0.8
h041,37,3.72972972972973,2026-01-22,40,0.925
h042,45,3.8222222222222224,2026-01-22,50,0.9
h043,54,3.925925925925926,2026-01-22,60,0.9
h044,43,3.744186046511628,2026-01-22,50,0.86
h045,45,3.8666666666666667,2026-01-22,50,0.9
h046,43,4.372093023255814,2026-01-22,50,0.86
h047,33,3.6363636363636362,2026-01-22,40,0.825
h048,35,3.942857142857143,2026-01-22,40,0.875
h049,48,4.0,2026-01-22,60,0.8
h050,36,3.8333333333333335,2026-01-22,40,0.9
h001,64,3.828125,2026-01-23,70,0.9142857142857143
h002,28,3.75,2026-01-23,30,0.9333333333333333
h003,33,3.5757575757575757,2026-01-23,40,0.825
h004,34,4.088235294117647,2026-01-23,40,0.85
h005,37,3.72972972972973,2026-01-23,40,0.925
h006,56,3.6785714285714284,2026-01-23,70,0.8
h007,35,3.6857142857142855,2026-01-23,40,0.875
h008,36,4.194444444444445,2026-01-23,40,0.9
h009,44,4.0227272727272725,2026-01-23,50,0.88
h010,34,3.911764705882353,2026-01-23,40,0.85
h011,52,4.096153846153846,2026-01-23,60,0.8666666666666667
h012,42,4.071428571428571,2026-01-23,50,0.84
h013,44,3.840909090909091,2026-01-23,50,0.88
h014,53,3.8679245283018866,2026-01-23,60,0.8833333333333333
h015,53,3.660377358490566,2026-01-23,60,0.8833333333333333
h016,73,3.7260273972602738,2026-01-23,80,0.9125
h017,46,4.065217391304348,2026-01-23,50,0.92
h018,56,3.8035714285714284,2026-01-23,60,0.9333333333333333
h019,41,3.6341463414634148,2026-01-23,50,0.82
h020,50,4.0,2026-01-23,60,0.8333333333333334
h021,46,3.9130434782608696,2026-01-23,50,0.92
h022,26,3.576923076923077,2026-01-23,30,0.8666666666666667
h023,24,4.208333333333333,2026-01-23,30,0.8
h024,54,3.6481481481481484,2026-01-23,60,0.9
h025,35,3.6285714285714286,2026-01-23,40,0.875
h026,46,4.0,2026-01-23,50,0.92
h027,54,4.0,2026-01-23,60,0.9
h028,36,3.75,2026-01-23,40,0.9
h029,24,3.625,2026-01-23,30,0.8
h030,50,3.78,2026-01-23,60,0.8333333333333334
h031,55,4.0181818181818185,2026-01-23,60,0.9166666666666666
h032,37,3.7837837837837838,2026-01-23,40,0.925
h033,34,3.5588235294117645,2026-01-23,40,0.85
h034,52,3.923076923076923,2026-01-23,60,0.8666666666666667
h035,64,3.9375,2026-01-23,70,0.9142857142857143
h036,34,3.588235294117647,2026-01-23,40,0.85
h037,31,4.032258064516129,2026-01-23,40,0.775
h038,26,3.8076923076923075,2026-01-23,30,0.8666666666666667
h039,64,3.640625,2026-01-23,70,0.9142857142857143
h040,40,3.625,2026-01-23,50,0.8
h041,37,3.72972972972973,2026-01-23,40,0.925
h042,45,3.8222222222222224,2026-01-23,50,0.9
h043,54,3.925925925925926,2026-01-23,60,0.9
h044,43,3.744186046511628,2026-01-23,50,0.86
h045,45,3.8666666666666667,2026-01-23,50,0.9
h046,43,4.372093023255814,2026-01-23,50,0.86
h047,33,3.6363636363636362,2026-01-23,40,0.825
h048,35,3.942857142857143,2026-01-23,40,0.875
h049,48,4.0,2026-01-23,60,0.8
h050,36,3.8333333333333335,2026-01-23,40,0.9
h001,64,3.828125,2026-01-24,70,0.9142857142857143
h002,28,3.75,2026-01-24,30,0.9333333333333333
h003,33,3.5757575757575757,2026-01-24,40,0.825
h004,34,4.088235294117647,2026-01-24,40,0.85
h005,37,3.72972972972973,2026-01-24,40,0.925
h006,56,3.6785714285714284,2026-01-24,70,0.8
h007,35,3.6857142857142855,2026-01-24,40,0.875
h008,36,4.194444444444445,2026-01-24,40,0.9
h009,44,4.0227272727272725,2026-01-24,50,0.88
h010,34,3.911764705882353,2026-01-24,40,0.85
h011,52,4.096153846153846,2026-01-24,60,0.8666666666666667
h012,42,4.071428571428571,2026-01-24,50,0.84
h013,44,3.840909090909091,2026-01-24,50,0.88
h014,53,3.8679245283018866,2026-01-24,60,0.8833333333333333
h015,53,3.660377358490566,2026-01-24,60,0.8833333333333333
h016,73,3.7260273972602738,2026-01-24,80,0.9125
h017,46,4.065217391304348,2026-01-24,50,0.92
h018,56,3.8035714285714284,2026-01-24,60,0.9333333333333333
h019,41,3.6341463414634148,2026-01-24,50,0.82
h020,50,4.0,2026-01-24,60,0.8333333333333334
h021,46,3.9130434782608696,2026-01-24,50,0.92
h022,26,3.576923076923077,2026-01-24,30,0.8666666666666667
h023,24,4.208333333333333,2026-01-24,30,0.8
h024,54,3.6481481481481484,2026-01-24,60,0.9
h025,35,3.6285714285714286,2026-01-24,40,0.875
h026,46,4.0,2026-01-24,50,0.92
h027,54,4.0,2026-01-24,60,0.9
h028,36,3.75,2026-01-24,40,0.9
h029,24,3.625,2026-01-24,30,0.8
h030,50,3.78,2026-01-24,60,0.8333333333333334
h031,55,4.0181818181818185,2026-01-24,60,0.9166666666666666
h032,37,3.7837837837837838,2026-01-24,40,0.925
h033,34,3.5588235294117645,2026-01-24,40,0.85
h034,52,3.923076923076923,2026-01-24,60,0.8666666666666667
h035,64,3.9375,2026-01-24,70,0.9142857142857143
h036,34,3.588235294117647,2026-01-24,40,0.85
h037,31,4.032258064516129,2026-01-24,40,0.775
h038,26,3.8076923076923075,2026-01-24,30,0.8666666666666667
h039,64,3.640625,2026-01-24,70,0.9142857142857143
h040,40,3.625,2026-01-24,50,0.8
h041,37,3.72972972972973,2026-01-24,40,0.925
h042,45,3.8222222222222224,2026-01-24,50,0.9
h043,54,3.925925925925926,2026-01-24,60,0.9
h044,43,3.744186046511628,2026-01-24,50,0.86
h045,45,3.8666666666666667,2026-01-24,50,0.9
h046,43,4.372093023255814,2026-01-24,50,0.86
h047,33,3.6363636363636362,2026-01-24,40,0.825
h048,35,3.942857142857143,2026-01-24,40,0.875
h049,48,4.0,2026-01-24,60,0.8
h050,36,3.8333333333333335,2026-01-24,40,0.9
h001,64,3.828125,2026-01-25,70,0.9142857142857143
h002,28,3.75,2026-01-25,30,0.9333333333333333
h003,33,3.5757575757575757,2026-01-25,40,0.825
h004,34,4.088235294117647,2026-01-25,40,0.85
h005,37,3.72972972972973,2026-01-25,40,0.925
h006,56,3.6785714285714284,2026-01-25,70,0.8
h007,35,3.6857142857142855,2026-01-25,40,0.875
h008,36,4.194444444444445,2026-01-25,40,0.9
h009,44,4.0227272727272725,2026-01-25,50,0.88
h010,34,3.911764705882353,2026-01-25,40,0.85
h011,52,4.096153846153846,2026-01-25,60,0.8666666666666667
h012,42,4.071428571428571,2026-01-25,50,0.84
h013,44,3.840909090909091,2026-01-25,50,0.88
h014,53,3.8679245283018866,2026-01-25,60,0.8833333333333333
h015,53,3.660377358490566,2026-01-25,60,0.8833333333333333
h016,73,3.7260273972602738,2026-01-25,80,0.9125
h017,46,4.065217391304348,2026-01-25,50,0.92
h018,56,3.8035714285714284,2026-01-25,60,0.9333333333333333
h019,41,3.6341463414634148,2026-01-25,50,0.82
h020,50,4.0,2026-01-25,60,0.8333333333333334
h021,46,3.9130434782608696,2026-01-25,50,0.92
h022,26,3.576923076923077,2026-01-25,30,0.8666666666666667
h023,24,4.208333333333333,2026-01-25,30,0.8
h024,54,3.6481481481481484,2026-01-25,60,0.9
h025,35,3.6285714285714286,2026-01-25,40,0.875
h026,46,4.0,2026-01-25,50,0.92
h027,54,4.0,2026-01-25,60,0.9
h028,36,3.75,2026-01-25,40,0.9
h029,24,3.625,2026-01-25,30,0.8
h030,50,3.78,2026-01-25,60,0.8333333333333334
h031,55,4.0181818181818185,2026-01-25,60,0.9166666666666666
h032,37,3.7837837837837838,2026-01-25,40,0.925
h033,34,3.5588235294117645,2026-01-25,40,0.85
h034,52,3.923076923076923,2026-01-25,60,0.8666666666666667
h035,64,3.9375,2026-01-25,70,0.9142857142857143
h036,34,3.588235294117647,2026-01-25,40,0.85
h037,31,4.032258064516129,2026-01-25,40,0.775
h038,26,3.8076923076923075,2026-01-25,30,0.8666666666666667
h039,64,3.640625,2026-01-25,70,0.9142857142857143
h040,40,3.625,2026-01-25,50,0.8
h041,37,3.72972972972973,2026-01-25,40,0.925
h042,45,3.8222222222222224,2026-01-25,50,0.9
h043,54,3.925925925925926,2026-01-25,60,0.9
h044,43,3.744186046511628,2026-01-25,50,0.86
h045,45,3.8666666666666667,2026-01-25,50,0.9
h046,43,4.372093023255814,2026-01-25,50,0.86
h047,33,3.6363636363636362,2026-01-25,40,0.825
h048,35,3.942857142857143,2026-01-25,40,0.875
h049,48,4.0,2026-01-25,60,0.8
h050,36,3.8333333333333335,2026-01-25,40,0.9
h001,64,3.828125,2026-01-26,70,0.9142857142857143
h002,28,3.75,2026-01-26,30,0.9333333333333333
h003,33,3.5757575757575757,2026-01-26,40,0.825
h004,34,4.088235294117647,2026-01-26,40,0.85
h005,37,3.72972972972973,2026-01-26,40,0.925
h006,56,3.6785714285714284,2026-01-26,70,0.8
h007,35,3.6857142857142855,2026-01-26,40,0.875
h008,36,4.194444444444445,2026-01-26,40,0.9
h009,44,4.0227272727272725,2026-01-26,50,0.88
h010,34,3.911764705882353,2026-01-26,40,0.85
h011,52,4.096153846153846,2026-01-26,60,0.8666666666666667
h012,42,4.071428571428571,2026-01-26,50,0.84
h013,44,3.840909090909091,2026-01-26,50,0.88
h014,53,3.8679245283018866,2026-01-26,60,0.8833333333333333
h015,53,3.660377358490566,2026-01-26,60,0.8833333333333333
h016,73,3.7260273972602738,2026-01-26,80,0.9125
h017,46,4.065217391304348,2026-01-26,50,0.92
h018,56,3.8035714285714284,2026-01-26,60,0.9333333333333333
h019,41,3.6341463414634148,2026-01-26,50,0.82
h020,50,4.0,2026-01-26,60,0.8333333333333334
h021,46,3.9130434782608696,2026-01-26,50,0.92
h022,26,3.576923076923077,2026-01-26,30,0.8666666666666667
h023,24,4.208333333333333,2026-01-26,30,0.8
h024,54,3.6481481481481484,2026-01-26,60,0.9
h025,35,3.6285714285714286,2026-01-26,40,0.875
h026,46,4.0,2026-01-26,50,0.92
h027,54,4.0,2026-01-26,60,0.9
h028,36,3.75,2026-01-26,40,0.9
h029,24,3.625,2026-01-26,30,0.8
h030,50,3.78,2026-01-26,60,0.8333333333333334
h031,55,4.0181818181818185,2026-01-26,60,0.9166666666666666
h032,37,3.7837837837837838,2026-01-26,40,0.925
h033,34,3.5588235294117645,2026-01-26,40,0.85
h034,52,3.923076923076923,2026-01-26,60,0.8666666666666667
h035,64,3.9375,2026-01-26,70,0.9142857142857143
h036,34,3.588235294117647,2026-01-26,40,0.85
h037,31,4.032258064516129,2026-01-26,40,0.775
h038,26,3.8076923076923075,2026-01-26,30,0.8666666666666667
h039,64,3.640625,2026-01-26,70,0.9142857142857143
h040,40,3.625,2026-01-26,50,0.8
h041,37,3.72972972972973,2026-01-26,40,0.925
h042,45,3.8222222222222224,2026-01-26,50,0.9
h043,54,3.925925925925926,2026-01-26,60,0.9
h044,43,3.744186046511628,2026-01-26,50,0.86
h045,45,3.8666666666666667,2026-01-26,50,0.9
h046,43,4.372093023255814,2026-01-26,50,0.86
h047,33,3.6363636363636362,2026-01-26,40,0.825
h048,35,3.942857142857143,2026-01-26,40,0.875
h049,48,4.0,2026-01-26,60,0.8
h050,36,3.8333333333333335,2026-01-26,40,0.9
h001,64,3.828125,2026-01-27,70,0.9142857142857143
h002,28,3.75,2026-01-27,30,0.9333333333333333
h003,33,3.5757575757575757,2026-01-27,40,0.825
h004,34,4.088235294117647,2026-01-27,40,0.85
h005,37,3.72972972972973,2026-01-27,40,0.925
h006,56,3.6785714285714284,2026-01-27,70,0.8
h007,35,3.6857142857142855,2026-01-27,40,0.875
h008,36,4.194444444444445,2026-01-27,40,0.9
h009,44,4.0227272727272725,2026-01-27,50,0.88
h010,34,3.911764705882353,2026-01-27,40,0.85
h011,52,4.096153846153846,2026-01-27,60,0.8666666666666667
h012,42,4.071428571428571,2026-01-27,50,0.84
h013,44,3.840909090909091,2026-01-27,50,0.88
h014,53,3.8679245283018866,2026-01-27,60,0.8833333333333333
h015,53,3.660377358490566,2026-01-27,60,0.8833333333333333
h016,73,3.7260273972602738,2026-01-27,80,0.9125
h017,46,4.065217391304348,2026-01-27,50,0.92
h018,56,3.8035714285714284,2026-01-27,60,0.9333333333333333
h019,41,3.6341463414634148,2026-01-27,50,0.82
h020,50,4.0,2026-01-27,60,0.8333333333333334
h021,46,3.9130434782608696,2026-01-27,50,0.92
h022,26,3.576923076923077,2026-01-27,30,0.8666666666666667
h023,24,4.208333333333333,2026-01-27,30,0.8
h024,54,3.6481481481481484,2026-01-27,60,0.9
h025,35,3.6285714285714286,2026-01-27,40,0.875
h026,46,4.0,2026-01-27,50,0.92
h027,54,4.0,2026-01-27,60,0.9
h028,36,3.75,2026-01-27,40,0.9
h029,24,3.625,2026-01-27,30,0.8
h030,50,3.78,2026-01-27,60,0.8333333333333334
h031,55,4.0181818181818185,2026-01-27,60,0.9166666666666666
h032,37,3.7837837837837838,2026-01-27,40,0.925
h033,34,3.5588235294117645,2026-01-27,40,0.85
h034,52,3.923076923076923,2026-01-27,60,0.8666666666666667
h035,64,3.9375,2026-01-27,70,0.9142857142857143
h036,34,3.588235294117647,2026-01-27,40,0.85
h037,31,4.032258064516129,2026-01-27,40,0.775
h038,26,3.8076923076923075,2026-01-27,30,0.8666666666666667
h039,64,3.640625,2026-01-27,70,0.9142857142857143
h040,40,3.625,2026-01-27,50,0.8
h041,37,3.72972972972973,2026-01-27,40,0.925
h042,45,3.8222222222222224,2026-01-27,50,0.9
h043,54,3.925925925925926,2026-01-27,60,0.9
h044,43,3.744186046511628,2026-01-27,50,0.86
h045,45,3.8666666666666667,2026-01-27,50,0.9
h046,43,4.372093023255814,2026-01-27,50,0.86
h047,33,3.6363636363636362,2026-01-27,40,0.825
h048,35,3.942857142857143,2026-01-27,40,0.875
h049,48,4.0,2026-01-27,60,0.8
h050,36,3.8333333333333335,2026-01-27,40,0.9
h001,64,3.828125,2026-01-28,70,0.9142857142857143
h002,28,3.75,2026-01-28,30,0.9333333333333333
h003,33,3.5757575757575757,2026-01-28,40,0.825
h004,34,4.088235294117647,2026-01-28,40,0.85
h005,37,3.72972972972973,2026-01-28,40,0.925
h006,56,3.6785714285714284,2026-01-28,70,0.8
h007,35,3.6857142857142855,2026-01-28,40,0.875
h008,36,4.194444444444445,2026-01-28,40,0.9
h009,44,4.0227272727272725,2026-01-28,50,0.88
h010,34,3.911764705882353,2026-01-28,40,0.85
h011,52,4.096153846153846,2026-01-28,60,0.8666666666666667
h012,42,4.071428571428571,2026-01-28,50,0.84
h013,44,3.840909090909091,2026-01-28,50,0.88
h014,53,3.8679245283018866,2026-01-28,60,0.8833333333333333
h015,53,3.660377358490566,2026-01-28,60,0.8833333333333333
h016,73,3.7260273972602738,2026-01-28,80,0.9125
h017,46,4.065217391304348,2026-01-28,50,0.92
h018,56,3.8035714285714284,2026-01-28,60,0.9333333333333333
h019,41,3.6341463414634148,2026-01-28,50,0.82
h020,50,4.0,2026-01-28,60,0.8333333333333334
h021,46,3.9130434782608696,2026-01-28,50,0.92
h022,26,3.576923076923077,2026-01-28,30,0.8666666666666667
h023,24,4.208333333333333,2026-01-28,30,0.8
h024,54,3.6481481481481484,2026-01-28,60,0.9
h025,35,3.6285714285714286,2026-01-28,40,0.875
h026,46,4.0,2026-01-28,50,0.92
h027,54,4.0,2026-01-28,60,0.9
h028,36,3.75,2026-01-28,40,0.9
h029,24,3.625,2026-01-28,30,0.8
h030,50,3.78,2026-01-28,60,0.8333333333333334
h031,55,4.0181818181818185,2026-01-28,60,0.9166666666666666
h032,37,3.7837837837837838,2026-01-28,40,0.925
h033,34,3.5588235294117645,2026-01-28,40,0.85
h034,52,3.923076923076923,2026-01-28,60,0.8666666666666667
h035,64,3.9375,2026-01-28,70,0.9142857142857143
h036,34,3.588235294117647,2026-01-28,40,0.85
h037,31,4.032258064516129,2026-01-28,40,0.775
h038,26,3.8076923076923075,2026-01-28,30,0.8666666666666667
h039,64,3.640625,2026-01-28,70,0.9142857142857143
h040,40,3.625,2026-01-28,50,0.8
h041,37,3.72972972972973,2026-01-28,40,0.925
h042,45,3.8222222222222224,2026-01-28,50,0.9
h043,54,3.925925925925926,2026-01-28,60,0.9
h044,43,3.744186046511628,2026-01-28,50,0.86
h045,45,3.8666666666666667,2026-01-28,50,0.9
h046,43,4.372093023255814,2026-01-28,50,0.86
h047,33,3.6363636363636362,2026-01-28,40,0.825
h048,35,3.942857142857143,2026-01-28,40,0.875
h049,48,4.0,2026-01-28,60,0.8
h050,36,3.8333333333333335,2026-01-28,40,0.9
h001,64,3.828125,2026-01-29,70,0.9142857142857143
h002,28,3.75,2026-01-29,30,0.9333333333333333
h003,33,3.5757575757575757,2026-01-29,40,0.825
h004,34,4.088235294117647,2026-01-29,40,0.85
h005,37,3.72972972972973,2026-01-29,40,0.925
h006,56,3.6785714285714284,2026-01-29,70,0.8
h007,35,3.6857142857142855,2026-01-29,40,0.875
h008,36,4.194444444444445,2026-01-29,40,0.9
h009,44,4.0227272727272725,2026-01-29,50,0.88
h010,34,3.911764705882353,2026-01-29,40,0.85
h011,52,4.096153846153846,2026-01-29,60,0.8666666666666667
h012,42,4.071428571428571,2026-01-29,50,0.84
h013,44,3.840909090909091,2026-01-29,50,0.88
h014,53,3.8679245283018866,2026-01-29,60,0.8833333333333333
h015,53,3.660377358490566,2026-01-29,60,0.8833333333333333
h016,73,3.7260273972602738,2026-01-29,80,0.9125
h017,46,4.065217391304348,2026-01-29,50,0.92
h018,56,3.8035714285714284,2026-01-29,60,0.9333333333333333
h019,41,3.6341463414634148,2026-01-29,50,0.82
h020,50,4.0,2026-01-29,60,0.8333333333333334
h021,46,3.9130434782608696,2026-01-29,50,0.92
h022,26,3.576923076923077,2026-01-29,30,0.8666666666666667
h023,24,4.208333333333333,2026-01-29,30,0.8
h024,54,3.6481481481481484,2026-01-29,60,0.9
h025,35,3.6285714285714286,2026-01-29,40,0.875
h026,46,4.0,2026-01-29,50,0.92
h027,54,4.0,2026-01-29,60,0.9
h028,36,3.75,2026-01-29,40,0.9
h029,24,3.625,2026-01-29,30,0.8
h030,50,3.78,2026-01-29,60,0.8333333333333334
h031,55,4.0181818181818185,2026-01-29,60,0.9166666666666666
h032,37,3.7837837837837838,2026-01-29,40,0.925
h033,34,3.5588235294117645,2026-01-29,40,0.85
h034,52,3.923076923076923,2026-01-29,60,0.8666666666666667
h035,64,3.9375,2026-01-29,70,0.9142857142857143
h036,34,3.588235294117647,2026-01-29,40,0.85
h037,31,4.032258064516129,2026-01-29,40,0.775
h038,26,3.8076923076923075,2026-01-29,30,0.8666666666666667
h039,64,3.640625,2026-01-29,70,0.9142857142857143
h040,40,3.625,2026-01-29,50,0.8
h041,37,3.72972972972973,2026-01-29,40,0.925
h042,45,3.8222222222222224,2026-01-29,50,0.9
h043,54,3.925925925925926,2026-01-29,60,0.9
h044,43,3.744186046511628,2026-01-29,50,0.86
h045,45,3.8666666666666667,2026-01-29,50,0.9
h046,43,4.372093023255814,2026-01-29,50,0.86
h047,33,3.6363636363636362,2026-01-29,40,0.825
h048,35,3.942857142857143,2026-01-29,40,0.875
h049,48,4.0,2026-01-29,60,0.8
h050,36,3.8333333333333335,2026-01-29,40,0.9
h001,64,3.828125,2026-01-30,70,0.9142857142857143
h002,28,3.75,2026-01-30,30,0.9333333333333333
h003,33,3.5757575757575757,2026-01-30,40,0.825
h004,34,4.088235294117647,2026-01-30,40,0.85
h005,37,3.72972972972973,2026-01-30,40,0.925
h006,56,3.6785714285714284,2026-01-30,70,0.8
h007,35,3.6857142857142855,2026-01-30,40,0.875
h008,36,4.194444444444445,2026-01-30,40,0.9
h009,44,4.0227272727272725,2026-01-30,50,0.88
h010,34,3.911764705882353,2026-01-30,40,0.85
h011,52,4.096153846153846,2026-01-30,60,0.8666666666666667
h012,42,4.071428571428571,2026-01-30,50,0.84
h013,44,3.840909090909091,2026-01-30,50,0.88
h014,53,3.8679245283018866,2026-01-30,60,0.8833333333333333
h015,53,3.660377358490566,2026-01-30,60,0.8833333333333333
h016,73,3.7260273972602738,2026-01-30,80,0.9125
h017,46,4.065217391304348,2026-01-30,50,0.92
h018,56,3.8035714285714284,2026-01-30,60,0.9333333333333333
h019,41,3.6341463414634148,2026-01-30,50,0.82
h020,50,4.0,2026-01-30,60,0.8333333333333334
h021,46,3.9130434782608696,2026-01-30,50,0.92
h022,26,3.576923076923077,2026-01-30,30,0.8666666666666667
h023,24,4.208333333333333,2026-01-30,30,0.8
h024,54,3.6481481481481484,2026-01-30,60,0.9
h025,35,3.6285714285714286,2026-01-30,40,0.875
h026,46,4.0,2026-01-30,50,0.92
h027,54,4.0,2026-01-30,60,0.9
h028,36,3.75,2026-01-30,40,0.9
h029,24,3.625,2026-01-30,30,0.8
h030,50,3.78,2026-01-30,60,0.8333333333333334
h031,55,4.0181818181818185,2026-01-30,60,0.9166666666666666
h032,37,3.7837837837837838,2026-01-30,40,0.925
h033,34,3.5588235294117645,2026-01-30,40,0.85
h034,52,3.923076923076923,2026-01-30,60,0.8666666666666667
h035,64,3.9375,2026-01-30,70,0.9142857142857143
h036,34,3.588235294117647,2026-01-30,40,0.85
h037,31,4.032258064516129,2026-01-30,40,0.775
h038,26,3.8076923076923075,2026-01-30,30,0.8666666666666667
h039,64,3.640625,2026-01-30,70,0.9142857142857143
h040,40,3.625,2026-01-30,50,0.8
h041,37,3.72972972972973,2026-01-30,40,0.925
h042,45,3.8222222222222224,2026-01-30,50,0.9
h043,54,3.925925925925926,2026-01-30,60,0.9
h044,43,3.744186046511628,2026-01-30,50,0.86
h045,45,3.8666666666666667,2026-01-30,50,0.9
h046,43,4.372093023255814,2026-01-30,50,0.86
h047,33,3.6363636363636362,2026-01-30,40,0.825
h048,35,3.942857142857143,2026-01-30,40,0.875
h049,48,4.0,2026-01-30,60,0.8
h050,36,3.8333333333333335,2026-01-30,40,0.9
h001,64,3.828125,2026-01-31,70,0.9142857142857143
h002,28,3.75,2026-01-31,30,0.9333333333333333
h003,33,3.5757575757575757,2026-01-31,40,0.825
h004,34,4.088235294117647,2026-01-31,40,0.85
h005,37,3.72972972972973,2026-01-31,40,0.925
h006,56,3.6785714285714284,2026-01-31,70,0.8
h007,35,3.6857142857142855,2026-01-31,40,0.875
h008,36,4.194444444444445,2026-01-31,40,0.9
h009,44,4.0227272727272725,2026-01-31,50,0.88
h010,34,3.911764705882353,2026-01-31,40,0.85
h011,52,4.096153846153846,2026-01-31,60,0.8666666666666667
h012,42,4.071428571428571,2026-01-31,50,0.84
h013,44,3.840909090909091,2026-01-31,50,0.88
h014,53,3.8679245283018866,2026-01-31,60,0.8833333333333333
h015,53,3.660377358490566,2026-01-31,60,0.8833333333333333
h016,73,3.7260273972602738,2026-01-31,80,0.9125
h017,46,4.065217391304348,2026-01-31,50,0.92
h018,56,3.8035714285714284,2026-01-31,60,0.9333333333333333
h019,41,3.6341463414634148,2026-01-31,50,0.82
h020,50,4.0,2026-01-31,60,0.8333333333333334
h021,46,3.9130434782608696,2026-01-31,50,0.92
h022,26,3.576923076923077,2026-01-31,30,0.8666666666666667
h023,24,4.208333333333333,2026-01-31,30,0.8
h024,54,3.6481481481481484,2026-01-31,60,0.9
h025,35,3.6285714285714286,2026-01-31,40,0.875
h026,46,4.0,2026-01-31,50,0.92
h027,54,4.0,2026-01-31,60,0.9
h028,36,3.75,2026-01-31,40,0.9
h029,24,3.625,2026-01-31,30,0.8
h030,50,3.78,2026-01-31,60,0.8333333333333334
h031,55,4.0181818181818185,2026-01-31,60,0.9166666666666666
h032,37,3.7837837837837838,2026-01-31,40,0.925
h033,34,3.5588235294117645,2026-01-31,40,0.85
h034,52,3.923076923076923,2026-01-31,60,0.8666666666666667
h035,64,3.9375,2026-01-31,70,0.9142857142857143
h036,34,3.588235294117647,2026-01-31,40,0.85
h037,31,4.032258064516129,2026-01-31,40,0.775
h038,26,3.8076923076923075,2026-01-31,30,0.8666666666666667
h039,64,3.640625,2026-01-31,70,0.9142857142857143
h040,40,3.625,2026-01-31,50,0.8
h041,37,3.72972972972973,2026-01-31,40,0.925
h042,45,3.8222222222222224,2026-01-31,50,0.9
h043,54,3.925925925925926,2026-01-31,60,0.9
h044,43,3.744186046511628,2026-01-31,50,0.86
h045,45,3.8666666666666667,2026-01-31,50,0.9
h046,43,4.372093023255814,2026-01-31,50,0.86
h047,33,3.6363636363636362,2026-01-31,40,0.825
h048,35,3.942857142857143,2026-01-31,40,0.875
h049,48,4.0,2026-01-31,60,0.8
h050,36,3.8333333333333335,2026-01-31,40,0.9
h001,64,3.828125,2026-02-01,70,0.9142857142857143
h002,28,3.75,2026-02-01,30,0.9333333333333333
h003,33,3.5757575757575757,2026-02-01,40,0.825
h004,34,4.088235294117647,2026-02-01,40,0.85
h005,37,3.72972972972973,2026-02-01,40,0.925
h006,56,3.6785714285714284,2026-02-01,70,0.8
h007,35,3.6857142857142855,2026-02-01,40,0.875
h008,36,4.194444444444445,2026-02-01,40,0.9
h009,44,4.0227272727272725,2026-02-01,50,0.88
h010,34,3.911764705882353,2026-02-01,40,0.85
h011,52,4.096153846153846,2026-02-01,60,0.8666666666666667
h012,42,4.071428571428571,2026-02-01,50,0.84
h013,44,3.840909090909091,2026-02-01,50,0.88
h014,53,3.8679245283018866,2026-02-01,60,0.8833333333333333
h015,53,3.660377358490566,2026-02-01,60,0.8833333333333333
h016,73,3.7260273972602738,2026-02-01,80,0.9125
h017,46,4.065217391304348,2026-02-01,50,0.92
h018,56,3.8035714285714284,2026-02-01,60,0.9333333333333333
h019,41,3.6341463414634148,2026-02-01,50,0.82
h020,50,4.0,2026-02-01,60,0.8333333333333334
h021,46,3.9130434782608696,2026-02-01,50,0.92
h022,26,3.576923076923077,2026-02-01,30,0.8666666666666667
h023,24,4.208333333333333,2026-02-01,30,0.8
h024,54,3.6481481481481484,2026-02-01,60,0.9
h025,35,3.6285714285714286,2026-02-01,40,0.875
h026,46,4.0,2026-02-01,50,0.92
h027,54,4.0,2026-02-01,60,0.9
h028,36,3.75,2026-02-01,40,0.9
h029,24,3.625,2026-02-01,30,0.8
h030,50,3.78,2026-02-01,60,0.8333333333333334
h031,55,4.0181818181818185,2026-02-01,60,0.9166666666666666
h032,37,3.7837837837837838,2026-02-01,40,0.925
h033,34,3.5588235294117645,2026-02-01,40,0.85
h034,52,3.923076923076923,2026-02-01,60,0.8666666666666667
h035,64,3.9375,2026-02-01,70,0.9142857142857143
h036,34,3.588235294117647,2026-02-01,40,0.85
h037,31,4.032258064516129,2026-02-01,40,0.775
h038,26,3.8076923076923075,2026-02-01,30,0.8666666666666667
h039,64,3.640625,2026-02-01,70,0.9142857142857143
h040,40,3.625,2026-02-01,50,0.8
h041,37,3.72972972972973,2026-02-01,40,0.925
h042,45,3.8222222222222224,2026-02-01,50,0.9
h043,54,3.925925925925926,2026-02-01,60,0.9
h044,43,3.744186046511628,2026-02-01,50,0.86
h045,45,3.8666666666666667,2026-02-01,50,0.9
h046,43,4.372093023255814,2026-02-01,50,0.86
h047,33,3.6363636363636362,2026-02-01,40,0.825
h048,35,3.942857142857143,2026-02-01,40,0.875
h049,48,4.0,2026-02-01,60,0.8
h050,36,3.8333333333333335,2026-02-01,40,0.9
h001,64,3.828125,2026-02-02,70,0.9142857142857143
h002,28,3.75,2026-02-02,30,0.9333333333333333
h003,33,3.5757575757575757,2026-02-02,40,0.825
h004,34,4.088235294117647,2026-02-02,40,0.85
h005,37,3.72972972972973,2026-02-02,40,0.925
h006,56,3.6785714285714284,2026-02-02,70,0.8
h007,35,3.6857142857142855,2026-02-02,40,0.875
h008,36,4.194444444444445,2026-02-02,40,0.9
h009,44,4.0227272727272725,2026-02-02,50,0.88
h010,34,3.911764705882353,2026-02-02,40,0.85
h011,52,4.096153846153846,2026-02-02,60,0.8666666666666667
h012,42,4.071428571428571,2026-02-02,50,0.84
h013,44,3.840909090909091,2026-02-02,50,0.88
h014,53,3.8679245283018866,2026-02-02,60,0.8833333333333333
h015,53,3.660377358490566,2026-02-02,60,0.8833333333333333
h016,73,3.7260273972602738,2026-02-02,80,0.9125
h017,46,4.065217391304348,2026-02-02,50,0.92
h018,56,3.8035714285714284,2026-02-02,60,0.9333333333333333
h019,41,3.6341463414634148,2026-02-02,50,0.82
h020,50,4.0,2026-02-02,60,0.8333333333333334
h021,46,3.9130434782608696,2026-02-02,50,0.92
h022,26,3.576923076923077,2026-02-02,30,0.8666666666666667
h023,24,4.208333333333333,2026-02-02,30,0.8
h024,54,3.6481481481481484,2026-02-02,60,0.9
h025,35,3.6285714285714286,2026-02-02,40,0.875
h026,46,4.0,2026-02-02,50,0.92
h027,54,4.0,2026-02-02,60,0.9
h028,36,3.75,2026-02-02,40,0.9
h029,24,3.625,2026-02-02,30,0.8
h030,49,3.795918367346939,2026-02-02,60,0.8166666666666667
h031,55,4.0181818181818185,2026-02-02,60,0.9166666666666666
h032,36,3.75,2026-02-02,40,0.9
h033,34,3.5588235294117645,2026-02-02,40,0.85
h034,52,3.923076923076923,2026-02-02,60,0.8666666666666667
h035,64,3.9375,2026-02-02,70,0.9142857142857143
h036,34,3.588235294117647,2026-02-02,40,0.85
h037,31,4.032258064516129,2026-02-02,40,0.775
h038,26,3.8076923076923075,2026-02-02,30,0.8666666666666667
h039,64,3.640625,2026-02-02,70,0.9142857142857143
h040,40,3.625,2026-02-02,50,0.8
h041,38,3.789473684210526,2026-02-02,40,0.95
h042,45,3.8222222222222224,2026-02-02,50,0.9
h043,54,3.925925925925926,2026-02-02,60,0.9
h044,43,3.744186046511628,2026-02-02,50,0.86
h045,45,3.8666666666666667,2026-02-02,50,0.9
h046,43,4.372093023255814,2026-02-02,50,0.86
h047,33,3.6363636363636362,2026-02-02,40,0.825
h048,34,4.029411764705882,2026-02-02,40,0.85
h049,48,4.0,2026-02-02,60,0.8
h050,36,3.8333333333333335,2026-02-02,40,0.9
h001,64,3.828125,2026-02-03,70,0.9142857142857143
h002,28,3.75,2026-02-03,30,0.9333333333333333
h003,33,3.5757575757575757,2026-02-03,40,0.825
h004,34,4.088235294117647,2026-02-03,40,0.85
h005,37,3.72972972972973,2026-02-03,40,0.925
h006,56,3.6785714285714284,2026-02-03,70,0.8
h007,35,3.6857142857142855,2026-02-03,40,0.875
h008,36,4.194444444444445,2026-02-03,40,0.9
h009,44,4.0227272727272725,2026-02-03,50,0.88
h010,34,3.911764705882353,2026-02-03,40,0.85
h011,52,4.096153846153846,2026-02-03,60,0.8666666666666667
h012,42,4.071428571428571,2026-02-03,50,0.84
h013,44,3.840909090909091,2026-02-03,50,0.88
h014,53,3.8679245283018866,2026-02-03,60,0.8833333333333333
h015,53,3.660377358490566,2026-02-03,60,0.8833333333333333
h016,73,3.7260273972602738,2026-02-03,80,0.9125
h017,46,4.065217391304348,2026-02-03,50,0.92
h018,56,3.8035714285714284,2026-02-03,60,0.9333333333333333
h019,40,3.6,2026-02-03,50,0.8
h020,50,4.0,2026-02-03,60,0.8333333333333334
h021,46,3.9130434782608696,2026-02-03,50,0.92
h022,26,3.576923076923077,2026-02-03,30,0.8666666666666667
h023,24,4.208333333333333,2026-02-03,30,0.8
h024,54,3.6481481481481484,2026-02-03,60,0.9
h025,35,3.6285714285714286,2026-02-03,40,0.875
h026,46,4.0,2026-02-03,50,0.92
h027,54,4.0,2026-02-03,60,0.9
h028,36,3.75,2026-02-03,40,0.9
h029,24,3.625,2026-02-03,30,0.8
h030,49,3.795918367346939,2026-02-03,60,0.8166666666666667
h031,55,4.0181818181818185,2026-02-03,60,0.9166666666666666
h032,36,3.75,2026-02-03,40,0.9
h033,33,3.606060606060606,2026-02-03,40,0.825
h034,52,3.923076923076923,2026-02-03,60,0.8666666666666667
h035,64,3.9375,2026-02-03,70,0.9142857142857143
h036,34,3.588235294117647,2026-02-03,40,0.85
h037,31,4.032258064516129,2026-02-03,40,0.775
h038,26,3.8076923076923075,2026-02-03,30,0.8666666666666667
h039,65,3.646153846153846,2026-02-03,70,0.9285714285714286
h040,39,3.6153846153846154,2026-02-03,50,0.78
h041,38,3.789473684210526,2026-02-03,40,0.95
h042,45,3.8222222222222224,2026-02-03,50,0.9
h043,54,3.925925925925926,2026-02-03,60,0.9
h044,43,3.744186046511628,2026-02-03,50,0.86
h045,45,3.8666666666666667,2026-02-03,50,0.9
h046,43,4.372093023255814,2026-02-03,50,0.86
h047,33,3.6363636363636362,2026-02-03,40,0.825
h048,34,4.029411764705882,2026-02-03,40,0.85
h049,48,4.0,2026-02-03,60,0.8
h050,36,3.8333333333333335,2026-02-03,40,0.9
h001,64,3.828125,2026-02-04,70,0.9142857142857143
h002,28,3.75,2026-02-04,30,0.9333333333333333
h003,33,3.5757575757575757,2026-02-04,40,0.825
h004,34,4.088235294117647,2026-02-04,40,0.85
h005,37,3.72972972972973,2026-02-04,40,0.925
h006,56,3.6785714285714284,2026-02-04,70,0.8
h007,35,3.6857142857142855,2026-02-04,40,0.875
h008,36,4.194444444444445,2026-02-04,40,0.9
h009,44,4.0227272727272725,2026-02-04,50,0.88
h010,34,3.911764705882353,2026-02-04,40,0.85
h011,52,4.096153846153846,2026-02-04,60,0.8666666666666667
h012,42,4.071428571428571,2026-02-04,50,0.84
h013,44,3.840909090909091,2026-02-04,50,0.88
h014,53,3.8679245283018866,2026-02-04,60,0.8833333333333333
h015,53,3.660377358490566,2026-02-04,60,0.8833333333333333
h016,73,3.7260273972602738,2026-02-04,80,0.9125
h017,47,4.085106382978723,2026-02-04,50,0.94
h018,56,3.8035714285714284,2026-02-04,60,0.9333333333333333
h019,40,3.6,2026-02-04,50,0.8
h020,50,4.0,2026-02-04,60,0.8333333333333334
h021,46,3.9130434782608696,2026-02-04,50,0.92
h022,26,3.576923076923077,2026-02-04,30,0.8666666666666667
h023,24,4.208333333333333,2026-02-04,30,0.8
h024,54,3.6481481481481484,2026-02-04,60,0.9
h025,35,3.6285714285714286,2026-02-04,40,0.875
h026,46,4.0,2026-02-04,50,0.92
h027,55,4.0,2026-02-04,60,0.9166666666666666
h028,36,3.75,2026-02-04,40,0.9
h029,24,3.625,2026-02-04,30,0.8
h030,49,3.795918367346939,2026-02-04,60,0.8166666666666667
h031,55,4.0181818181818185,2026-02-04,60,0.9166666666666666
h032,36,3.75,2026-02-04,40,0.9
h033,32,3.5625,2026-02-04,40,0.8
h034,52,3.923076923076923,2026-02-04,60,0.8666666666666667
h035,64,3.9375,2026-02-04,70,0.9142857142857143
h036,34,3.588235294117647,2026-02-04,40,0.85
h037,31,4.032258064516129,2026-02-04,40,0.775
h038,26,3.8076923076923075,2026-02-04,30,0.8666666666666667
h039,65,3.646153846153846,2026-02-04,70,0.9285714285714286
h040,39,3.6153846153846154,2026-02-04,50,0.78
h041,38,3.789473684210526,2026-02-04,40,0.95
h042,45,3.8222222222222224,2026-02-04,50,0.9
h043,54,3.925925925925926,2026-02-04,60,0.9
h044,44,3.75,2026-02-04,50,0.88
h045,45,3.8666666666666667,2026-02-04,50,0.9
h046,43,4.372093023255814,2026-02-04,50,0.86
h047,33,3.6363636363636362,2026-02-04,40,0.825
h048,34,4.029411764705882,2026-02-04,40,0.85
h049,48,4.0,2026-02-04,60,0.8
h050,36,3.8333333333333335,2026-02-04,40,0.9
h001,65,3.8153846153846156,2026-02-05,70,0.9285714285714286
h002,28,3.75,2026-02-05,30,0.9333333333333333
h003,33,3.5757575757575757,2026-02-05,40,0.825
h004,34,4.088235294117647,2026-02-05,40,0.85
h005,37,3.72972972972973,2026-02-05,40,0.925
h006,55,3.727272727272727,2026-02-05,70,0.7857142857142857
h007,35,3.6857142857142855,2026-02-05,40,0.875
h008,36,4.194444444444445,2026-02-05,40,0.9
h009,44,4.0227272727272725,2026-02-05,50,0.88
h010,34,3.911764705882353,2026-02-05,40,0.85
h011,52,4.096153846153846,2026-02-05,60,0.8666666666666667
h012,42,4.071428571428571,2026-02-05,50,0.84
h013,43,3.86046511627907,2026-02-05,50,0.86
h014,53,3.8679245283018866,2026-02-05,60,0.8833333333333333
h015,53,3.660377358490566,2026-02-05,60,0.8833333333333333
h016,73,3.7260273972602738,2026-02-05,80,0.9125
h017,47,4.085106382978723,2026-02-05,50,0.94
h018,56,3.8035714285714284,2026-02-05,60,0.9333333333333333
h019,40,3.6,2026-02-05,50,0.8
h020,50,4.0,2026-02-05,60,0.8333333333333334
h021,46,3.9130434782608696,2026-02-05,50,0.92
h022,26,3.576923076923077,2026-02-05,30,0.8666666666666667
h023,24,4.208333333333333,2026-02-05,30,0.8
h024,54,3.6481481481481484,2026-02-05,60,0.9
h025,35,3.6285714285714286,2026-02-05,40,0.875
h026,46,4.0,2026-02-05,50,0.92
h027,55,4.0,2026-02-05,60,0.9166666666666666
h028,36,3.75,2026-02-05,40,0.9
h029,24,3.625,2026-02-05,30,0.8
h030,49,3.795918367346939,2026-02-05,60,0.8166666666666667
h031,55,4.0181818181818185,2026-02-05,60,0.9166666666666666
h032,36,3.75,2026-02-05,40,0.9
h033,32,3.5625,2026-02-05,40,0.8
h034,51,3.9607843137254903,2026-02-05,60,0.85
h035,64,3.9375,2026-02-05,70,0.9142857142857143
h036,34,3.588235294117647,2026-02-05,40,0.85
h037,32,4.09375,2026-02-05,40,0.8
h038,26,3.8076923076923075,2026-02-05,30,0.8666666666666667
h039,65,3.646153846153846,2026-02-05,70,0.9285714285714286
h040,39,3.6153846153846154,2026-02-05,50,0.78
h041,38,3.789473684210526,2026-02-05,40,0.95
h042,45,3.8222222222222224,2026-02-05,50,0.9
h043,54,3.925925925925926,2026-02-05,60,0.9
h044,44,3.75,2026-02-05,50,0.88
h045,45,3.8666666666666667,2026-02-05,50,0.9
h046,43,4.372093023255814,2026-02-05,50,0.86
h047,33,3.6363636363636362,2026-02-05,40,0.825
h048,34,4.029411764705882,2026-02-05,40,0.85
h049,48,4.0,2026-02-05,60,0.8
h050,36,3.8333333333333335,2026-02-05,40,0.9
h001,65,3.8153846153846156,2026-02-06,70,0.9285714285714286
h002,28,3.75,2026-02-06,30,0.9333333333333333
h003,33,3.5757575757575757,2026-02-06,40,0.825
h004,34,4.088235294117647,2026-02-06,40,0.85
h005,37,3.72972972972973,2026-02-06,40,0.925
h006,55,3.727272727272727,2026-02-06,70,0.7857142857142857
h007,35,3.6857142857142855,2026-02-06,40,0.875
h008,36,4.194444444444445,2026-02-06,40,0.9
h009,44,4.0227272727272725,2026-02-06,50,0.88
h010,34,3.911764705882353,2026-02-06,40,0.85
h011,52,4.096153846153846,2026-02-06,60,0.8666666666666667
h012,42,4.071428571428571,2026-02-06,50,0.84
h013,43,3.86046511627907,2026-02-06,50,0.86
h014,53,3.8679245283018866,2026-02-06,60,0.8833333333333333
h015,54,3.6666666666666665,2026-02-06,60,0.9
h016,73,3.7260273972602738,2026-02-06,80,0.9125
h017,47,4.085106382978723,2026-02-06,50,0.94
h018,56,3.8035714285714284,2026-02-06,60,0.9333333333333333
h019,40,3.6,2026-02-06,50,0.8
h020,49,4.0,2026-02-06,60,0.8166666666666667
h021,47,3.9574468085106385,2026-02-06,50,0.94
h022,26,3.576923076923077,2026-02-06,30,0.8666666666666667
h023,24,4.208333333333333,2026-02-06,30,0.8
h024,54,3.6481481481481484,2026-02-06,60,0.9
h025,35,3.6285714285714286,2026-02-06,40,0.875
h026,46,4.0,2026-02-06,50,0.92
h027,55,4.0,2026-02-06,60,0.9166666666666666
h028,36,3.75,2026-02-06,40,0.9
h029,24,3.625,2026-02-06,30,0.8
h030,49,3.795918367346939,2026-02-06,60,0.8166666666666667
h031,55,4.0181818181818185,2026-02-06,60,0.9166666666666666
h032,36,3.75,2026-02-06,40,0.9
h033,32,3.5625,2026-02-06,40,0.8
h034,51,3.9607843137254903,2026-02-06,60,0.85
h035,64,3.9375,2026-02-06,70,0.9142857142857143
h036,34,3.588235294117647,2026-02-06,40,0.85
h037,32,4.09375,2026-02-06,40,0.8
h038,27,3.7777777777777777,2026-02-06,30,0.9
h039,65,3.646153846153846,2026-02-06,70,0.9285714285714286
h040,39,3.6153846153846154,2026-02-06,50,0.78
h041,38,3.789473684210526,2026-02-06,40,0.95
h042,45,3.8222222222222224,2026-02-06,50,0.9
h043,54,3.925925925925926,2026-02-06,60,0.9
h044,44,3.75,2026-02-06,50,0.88
h045,45,3.8666666666666667,2026-02-06,50,0.9
h046,43,4.372093023255814,2026-02-06,50,0.86
h047,33,3.6363636363636362,2026-02-06,40,0.825
h048,34,4.029411764705882,2026-02-06,40,0.85
h049,48,4.0,2026-02-06,60,0.8
h050,36,3.8333333333333335,2026-02-06,40,0.9
h001,65,3.8153846153846156,2026-02-07,70,0.9285714285714286
h002,28,3.75,2026-02-07,30,0.9333333333333333
h003,33,3.5757575757575757,2026-02-07,40,0.825
h004,34,4.088235294117647,2026-02-07,40,0.85
h005,37,3.72972972972973,2026-02-07,40,0.925
h006,55,3.727272727272727,2026-02-07,70,0.7857142857142857
h007,35,3.6857142857142855,2026-02-07,40,0.875
h008,36,4.194444444444445,2026-02-07,40,0.9
h009,43,4.0,2026-02-07,50,0.86
h010,34,3.911764705882353,2026-02-07,40,0.85
h011,52,4.096153846153846,2026-02-07,60,0.8666666666666667
h012,42,4.071428571428571,2026-02-07,50,0.84
h013,43,3.86046511627907,2026-02-07,50,0.86
h014,53,3.8679245283018866,2026-02-07,60,0.8833333333333333
h015,54,3.6666666666666665,2026-02-07,60,0.9
h016,73,3.7260273972602738,2026-02-07,80,0.9125
h017,47,4.085106382978723,2026-02-07,50,0.94
h018,56,3.8035714285714284,2026-02-07,60,0.9333333333333333
h019,40,3.6,2026-02-07,50,0.8
h020,49,4.0,2026-02-07,60,0.8166666666666667
h021,47,3.9574468085106385,2026-02-07,50,0.94
h022,26,3.576923076923077,2026-02-07,30,0.8666666666666667
h023,24,4.208333333333333,2026-02-07,30,0.8
h024,54,3.6481481481481484,2026-02-07,60,0.9
h025,35,3.6285714285714286,2026-02-07,40,0.875
h026,46,4.0,2026-02-07,50,0.92
h027,56,4.017857142857143,2026-02-07,60,0.9333333333333333
h028,36,3.75,2026-02-07,40,0.9
h029,24,3.625,2026-02-07,30,0.8
h030,49,3.795918367346939,2026-02-07,60,0.8166666666666667
h031,55,4.0181818181818185,2026-02-07,60,0.9166666666666666
h032,36,3.75,2026-02-07,40,0.9
h033,33,3.6363636363636362,2026-02-07,40,0.825
h034,51,3.9607843137254903,2026-02-07,60,0.85
h035,64,3.9375,2026-02-07,70,0.9142857142857143
h036,34,3.588235294117647,2026-02-07,40,0.85
h037,32,4.09375,2026-02-07,40,0.8
h038,27,3.7777777777777777,2026-02-07,30,0.9
h039,65,3.646153846153846,2026-02-07,70,0.9285714285714286
h040,39,3.6153846153846154,2026-02-07,50,0.78
h041,37,3.7837837837837838,2026-02-07,40,0.925
h042,45,3.8222222222222224,2026-02-07,50,0.9
h043,54,3.925925925925926,2026-02-07,60,0.9
h044,43,3.7209302325581395,2026-02-07,50,0.86
h045,45,3.8666666666666667,2026-02-07,50,0.9
h046,43,4.372093023255814,2026-02-07,50,0.86
h047,33,3.6363636363636362,2026-02-07,40,0.825
h048,34,4.029411764705882,2026-02-07,40,0.85
h049,48,4.0,2026-02-07,60,0.8
h050,36,3.8333333333333335,2026-02-07,40,0.9
h001,65,3.8153846153846156,2026-02-08,70,0.9285714285714286
h002,28,3.75,2026-02-08,30,0.9333333333333333
h003,33,3.5757575757575757,2026-02-08,40,0.825
h004,34,4.088235294117647,2026-02-08,40,0.85
h005,37,3.72972972972973,2026-02-08,40,0.925
h006,56,3.7142857142857144,2026-02-08,70,0.8
h007,35,3.6857142857142855,2026-02-08,40,0.875
h008,36,4.194444444444445,2026-02-08,40,0.9
h009,43,4.0,2026-02-08,50,0.86
h010,34,3.911764705882353,2026-02-08,40,0.85
h011,52,4.096153846153846,2026-02-08,60,0.8666666666666667
h012,42,4.071428571428571,2026-02-08,50,0.84
h013,43,3.86046511627907,2026-02-08,50,0.86
h014,53,3.8679245283018866,2026-02-08,60,0.8833333333333333
h015,54,3.6666666666666665,2026-02-08,60,0.9
h016,73,3.7260273972602738,2026-02-08,80,0.9125
h017,47,4.085106382978723,2026-02-08,50,0.94
h018,56,3.8035714285714284,2026-02-08,60,0.9333333333333333
h019,40,3.6,2026-02-08,50,0.8
h020,50,3.98,2026-02-08,60,0.8333333333333334
h021,47,3.9574468085106385,2026-02-08,50,0.94
h022,26,3.576923076923077,2026-02-08,30,0.8666666666666667
h023,24,4.208333333333333,2026-02-08,30,0.8
h024,55,3.672727272727273,2026-02-08,60,0.9166666666666666
h025,35,3.6285714285714286,2026-02-08,40,0.875
h026,46,4.0,2026-02-08,50,0.92
h027,56,4.017857142857143,2026-02-08,60,0.9333333333333333
h028,37,3.810810810810811,2026-02-08,40,0.925
h029,24,3.625,2026-02-08,30,0.8
h030,49,3.795918367346939,2026-02-08,60,0.8166666666666667
h031,55,4.0181818181818185,2026-02-08,60,0.9166666666666666
h032,36,3.75,2026-02-08,40,0.9
h033,33,3.6363636363636362,2026-02-08,40,0.825
h034,51,3.9607843137254903,2026-02-08,60,0.85
h035,64,3.9375,2026-02-08,70,0.9142857142857143
h036,34,3.588235294117647,2026-02-08,40,0.85
h037,32,4.09375,2026-02-08,40,0.8
h038,27,3.7777777777777777,2026-02-08,30,0.9
h039,65,3.646153846153846,2026-02-08,70,0.9285714285714286
h040,39,3.6153846153846154,2026-02-08,50,0.78
h041,37,3.7837837837837838,2026-02-08,40,0.925
h042,45,3.8222222222222224,2026-02-08,50,0.9
h043,54,3.925925925925926,2026-02-08,60,0.9
h044,43,3.7209302325581395,2026-02-08,50,0.86
h045,45,3.8666666666666667,2026-02-08,50,0.9
h046,43,4.372093023255814,2026-02-08,50,0.86
h047,33,3.6363636363636362,2026-02-08,40,0.825
h048,34,4.029411764705882,2026-02-08,40,0.85
h049,48,4.0,2026-02-08,60,0.8
h050,36,3.8333333333333335,2026-02-08,40,0.9
h001,65,3.8153846153846156,2026-02-09,70,0.9285714285714286
h002,28,3.75,2026-02-09,30,0.9333333333333333
h003,33,3.5757575757575757,2026-02-09,40,0.825
h004,34,4.088235294117647,2026-02-09,40,0.85
h005,36,3.7222222222222223,2026-02-09,40,0.9
h006,56,3.7142857142857144,2026-02-09,70,0.8
h007,35,3.6857142857142855,2026-02-09,40,0.875
h008,36,4.194444444444445,2026-02-09,40,0.9
h009,43,4.0,2026-02-09,50,0.86
h010,34,3.911764705882353,2026-02-09,40,0.85
h011,52,4.096153846153846,2026-02-09,60,0.8666666666666667
h012,41,4.048780487804878,2026-02-09,50,0.82
h013,43,3.86046511627907,2026-02-09,50,0.86
h014,53,3.8679245283018866,2026-02-09,60,0.8833333333333333
h015,54,3.6666666666666665,2026-02-09,60,0.9
h016,73,3.7260273972602738,2026-02-09,80,0.9125
h017,47,4.085106382978723,2026-02-09,50,0.94
h018,56,3.8035714285714284,2026-02-09,60,0.9333333333333333
h019,40,3.6,2026-02-09,50,0.8
h020,50,3.98,2026-02-09,60,0.8333333333333334
h021,47,3.9574468085106385,2026-02-09,50,0.94
h022,26,3.576923076923077,2026-02-09,30,0.8666666666666667
h023,24,4.208333333333333,2026-02-09,30,0.8
h024,55,3.672727272727273,2026-02-09,60,0.9166666666666666
h025,35,3.6285714285714286,2026-02-09,40,0.875
h026,46,4.0,2026-02-09,50,0.92
h027,56,4.017857142857143,2026-02-09,60,0.9333333333333333
h028,37,3.810810810810811,2026-02-09,40,0.925
h029,24,3.625,2026-02-09,30,0.8
h030,49,3.795918367346939,2026-02-09,60,0.8166666666666667
h031,55,4.0181818181818185,2026-02-09,60,0.9166666666666666
h032,36,3.75,2026-02-09,40,0.9
h033,33,3.6363636363636362,2026-02-09,40,0.825
h034,51,3.9607843137254903,2026-02-09,60,0.85
h035,64,3.9375,2026-02-09,70,0.9142857142857143
h036,34,3.588235294117647,2026-02-09,40,0.85
h037,32,4.09375,2026-02-09,40,0.8
h038,27,3.7777777777777777,2026-02-09,30,0.9
h039,65,3.646153846153846,2026-02-09,70,0.9285714285714286
h040,39,3.6153846153846154,2026-02-09,50,0.78
h041,37,3.7837837837837838,2026-02-09,40,0.925
h042,45,3.8222222222222224,2026-02-09,50,0.9
h043,54,3.925925925925926,2026-02-09,60,0.9
h044,43,3.7209302325581395,2026-02-09,50,0.86
h045,45,3.8666666666666667,2026-02-09,50,0.9
h046,42,4.357142857142857,2026-02-09,50,0.84
h047,34,3.6470588235294117,2026-02-09,40,0.85
h048,34,4.029411764705882,2026-02-09,40,0.85
h049,48,4.0,2026-02-09,60,0.8
h050,36,3.8333333333333335,2026-02-09,40,0.9
h001,65,3.8153846153846156,2026-02-10,70,0.9285714285714286
h002,28,3.75,2026-02-10,30,0.9333333333333333
h003,33,3.5757575757575757,2026-02-10,40,0.825
h004,34,4.088235294117647,2026-02-10,40,0.85
h005,36,3.7222222222222223,2026-02-10,40,0.9
h006,56,3.7142857142857144,2026-02-10,70,0.8
h007,35,3.6857142857142855,2026-02-10,40,0.875
h008,36,4.194444444444445,2026-02-10,40,0.9
h009,44,3.977272727272727,2026-02-10,50,0.88
h010,34,3.911764705882353,2026-02-10,40,0.85
h011,52,4.096153846153846,2026-02-10,60,0.8666666666666667
h012,41,4.048780487804878,2026-02-10,50,0.82
h013,43,3.86046511627907,2026-02-10,50,0.86
h014,53,3.8679245283018866,2026-02-10,60,0.8833333333333333
h015,54,3.6666666666666665,2026-02-10,60,0.9
h016,73,3.7260273972602738,2026-02-10,80,0.9125
h017,47,4.085106382978723,2026-02-10,50,0.94
h018,56,3.8035714285714284,2026-02-10,60,0.9333333333333333
h019,40,3.6,2026-02-10,50,0.8
h020,50,3.98,2026-02-10,60,0.8333333333333334
h021,47,3.9574468085106385,2026-02-10,50,0.94
h022,26,3.576923076923077,2026-02-10,30,0.8666666666666667
h023,25,4.16,2026-02-10,30,0.8333333333333334
h024,55,3.672727272727273,2026-02-10,60,0.9166666666666666
h025,35,3.6285714285714286,2026-02-10,40,0.875
h026,46,4.0,2026-02-10,50,0.92
h027,56,4.017857142857143,2026-02-10,60,0.9333333333333333
h028,37,3.810810810810811,2026-02-10,40,0.925
h029,24,3.625,2026-02-10,30,0.8
h030,49,3.795918367346939,2026-02-10,60,0.8166666666666667
h031,55,4.0181818181818185,2026-02-10,60,0.9166666666666666
h032,36,3.75,2026-02-10,40,0.9
h033,33,3.6363636363636362,2026-02-10,40,0.825
h034,51,3.9607843137254903,2026-02-10,60,0.85
h035,64,3.9375,2026-02-10,70,0.9142857142857143
h036,34,3.588235294117647,2026-02-10,40,0.85
h037,32,4.09375,2026-02-10,40,0.8
h038,27,3.7777777777777777,2026-02-10,30,0.9
h039,65,3.646153846153846,2026-02-10,70,0.9285714285714286
h040,39,3.6153846153846154,2026-02-10,50,0.78
h041,37,3.7837837837837838,2026-02-10,40,0.925
h042,45,3.8222222222222224,2026-02-10,50,0.9
h043,54,3.925925925925926,2026-02-10,60,0.9
h044,43,3.7209302325581395,2026-02-10,50,0.86
h045,45,3.8666666666666667,2026-02-10,50,0.9
h046,43,4.395348837209302,2026-02-10,50,0.86
h047,34,3.6470588235294117,2026-02-10,40,0.85
h048,34,4.029411764705882,2026-02-10,40,0.85
h049,48,4.0,2026-02-10,60,0.8
h050,36,3.8333333333333335,2026-02-10,40,0.9
h001,65,3.8153846153846156,2026-02-11,70,0.9285714285714286
h002,28,3.75,2026-02-11,30,0.9333333333333333
h003,32,3.53125,2026-02-11,40,0.8
h004,34,4.088235294117647,2026-02-11,40,0.85
h005,36,3.7222222222222223,2026-02-11,40,0.9
h006,56,3.7142857142857144,2026-02-11,70,0.8
h007,35,3.6857142857142855,2026-02-11,40,0.875
h008,36,4.194444444444445,2026-02-11,40,0.9
h009,44,3.977272727272727,2026-02-11,50,0.88
h010,34,3.911764705882353,2026-02-11,40,0.85
h011,52,4.096153846153846,2026-02-11,60,0.8666666666666667
h012,41,4.048780487804878,2026-02-11,50,0.82
h013,43,3.86046511627907,2026-02-11,50,0.86
h014,53,3.8679245283018866,2026-02-11,60,0.8833333333333333
h015,54,3.6666666666666665,2026-02-11,60,0.9
h016,73,3.7260273972602738,2026-02-11,80,0.9125
h017,47,4.085106382978723,2026-02-11,50,0.94
h018,56,3.8035714285714284,2026-02-11,60,0.9333333333333333
h019,40,3.6,2026-02-11,50,0.8
h020,50,3.98,2026-02-11,60,0.8333333333333334
h021,47,3.9574468085106385,2026-02-11,50,0.94
h022,26,3.576923076923077,2026-02-11,30,0.8666666666666667
h023,25,4.16,2026-02-11,30,0.8333333333333334
h024,55,3.672727272727273,2026-02-11,60,0.9166666666666666
h025,35,3.6285714285714286,2026-02-11,40,0.875
h026,46,4.0,2026-02-11,50,0.92
h027,56,4.017857142857143,2026-02-11,60,0.9333333333333333
h028,38,3.8157894736842106,2026-02-11,40,0.95
h029,24,3.625,2026-02-11,30,0.8
h030,49,3.795918367346939,2026-02-11,60,0.8166666666666667
h031,55,4.0181818181818185,2026-02-11,60,0.9166666666666666
h032,36,3.75,2026-02-11,40,0.9
h033,33,3.6363636363636362,2026-02-11,40,0.825
h034,51,3.9607843137254903,2026-02-11,60,0.85
h035,64,3.9375,2026-02-11,70,0.9142857142857143
h036,34,3.588235294117647,2026-02-11,40,0.85
h037,32,4.09375,2026-02-11,40,0.8
h038,27,3.7777777777777777,2026-02-11,30,0.9
h039,65,3.646153846153846,2026-02-11,70,0.9285714285714286
h040,39,3.6153846153846154,2026-02-11,50,0.78
h041,37,3.7837837837837838,2026-02-11,40,0.925
h042,45,3.8222222222222224,2026-02-11,50,0.9
h043,54,3.925925925925926,2026-02-11,60,0.9
h044,43,3.7209302325581395,2026-02-11,50,0.86
h045,45,3.8666666666666667,2026-02-11,50,0.9
h046,43,4.395348837209302,2026-02-11,50,0.86
h047,34,3.6470588235294117,2026-02-11,40,0.85
h048,34,4.029411764705882,2026-02-11,40,0.85
h049,48,4.0,2026-02-11,60,0.8
h050,36,3.8333333333333335,2026-02-11,40,0.9
h001,65,3.8153846153846156,2026-02-12,70,0.9285714285714286
h002,28,3.75,2026-02-12,30,0.9333333333333333
h003,32,3.53125,2026-02-12,40,0.8
h004,34,4.088235294117647,2026-02-12,40,0.85
h005,36,3.7222222222222223,2026-02-12,40,0.9
h006,56,3.7142857142857144,2026-02-12,70,0.8
h007,35,3.6857142857142855,2026-02-12,40,0.875
h008,36,4.194444444444445,2026-02-12,40,0.9
h009,44,3.977272727272727,2026-02-12,50,0.88
h010,34,3.911764705882353,2026-02-12,40,0.85
h011,52,4.096153846153846,2026-02-12,60,0.8666666666666667
h012,41,4.048780487804878,2026-02-12,50,0.82
h013,43,3.86046511627907,2026-02-12,50,0.86
h014,53,3.8679245283018866,2026-02-12,60,0.8833333333333333
h015,53,3.660377358490566,2026-02-12,60,0.8833333333333333
h016,73,3.7260273972602738,2026-02-12,80,0.9125
h017,47,4.085106382978723,2026-02-12,50,0.94
h018,56,3.8035714285714284,2026-02-12,60,0.9333333333333333
h019,40,3.6,2026-02-12,50,0.8
h020,50,3.98,2026-02-12,60,0.8333333333333334
h021,47,3.9574468085106385,2026-02-12,50,0.94
h022,26,3.576923076923077,2026-02-12,30,0.8666666666666667
h023,25,4.16,2026-02-12,30,0.8333333333333334
h024,55,3.672727272727273,2026-02-12,60,0.9166666666666666
h025,35,3.6285714285714286,2026-02-12,40,0.875
h026,46,4.0,2026-02-12,50,0.92
h027,56,4.017857142857143,2026-02-12,60,0.9333333333333333
h028,38,3.8157894736842106,2026-02-12,40,0.95
h029,24,3.625,2026-02-12,30,0.8
h030,49,3.795918367346939,2026-02-12,60,0.8166666666666667
h031,55,4.0181818181818185,2026-02-12,60,0.9166666666666666
h032,36,3.75,2026-02-12,40,0.9
h033,33,3.6363636363636362,2026-02-12,40,0.825
h034,51,3.9607843137254903,2026-02-12,60,0.85
h035,64,3.9375,2026-02-12,70,0.9142857142857143
h036,34,3.588235294117647,2026-02-12,40,0.85
h037,31,4.161290322580645,2026-02-12,40,0.775
h038,28,3.7857142857142856,2026-02-12,30,0.9333333333333333
h039,65,3.646153846153846,2026-02-12,70,0.9285714285714286
h040,39,3.6153846153846154,2026-02-12,50,0.78
h041,37,3.7837837837837838,2026-02-12,40,0.925
h042,45,3.8222222222222224,2026-02-12,50,0.9
h043,54,3.925925925925926,2026-02-12,60,0.9
h044,43,3.7209302325581395,2026-02-12,50,0.86
h045,45,3.8666666666666667,2026-02-12,50,0.9
h046,43,4.395348837209302,2026-02-12,50,0.86
h047,33,3.6666666666666665,2026-02-12,40,0.825
h048,34,4.029411764705882,2026-02-12,40,0.85
h049,48,4.0,2026-02-12,60,0.8
h050,36,3.8333333333333335,2026-02-12,40,0.9
h001,65,3.8153846153846156,2026-02-13,70,0.9285714285714286
h002,28,3.75,2026-02-13,30,0.9333333333333333
h003,32,3.53125,2026-02-13,40,0.8
h004,34,4.088235294117647,2026-02-13,40,0.85
h005,36,3.7222222222222223,2026-02-13,40,0.9
h006,56,3.7142857142857144,2026-02-13,70,0.8
h007,35,3.6857142857142855,2026-02-13,40,0.875
h008,36,4.194444444444445,2026-02-13,40,0.9
h009,44,3.977272727272727,2026-02-13,50,0.88
h010,34,3.911764705882353,2026-02-13,40,0.85
h011,52,4.096153846153846,2026-02-13,60,0.8666666666666667
h012,41,4.048780487804878,2026-02-13,50,0.82
h013,44,3.840909090909091,2026-02-13,50,0.88
h014,53,3.8679245283018866,2026-02-13,60,0.8833333333333333
h015,53,3.660377358490566,2026-02-13,60,0.8833333333333333
h016,73,3.7260273972602738,2026-02-13,80,0.9125
h017,47,4.085106382978723,2026-02-13,50,0.94
h018,56,3.8035714285714284,2026-02-13,60,0.9333333333333333
h019,40,3.6,2026-02-13,50,0.8
h020,50,3.98,2026-02-13,60,0.8333333333333334
h021,47,3.9574468085106385,2026-02-13,50,0.94
h022,26,3.576923076923077,2026-02-13,30,0.8666666666666667
h023,24,4.125,2026-02-13,30,0.8
h024,55,3.672727272727273,2026-02-13,60,0.9166666666666666
h025,35,3.6285714285714286,2026-02-13,40,0.875
h026,46,4.0,2026-02-13,50,0.92
h027,56,4.017857142857143,2026-02-13,60,0.9333333333333333
h028,38,3.8157894736842106,2026-02-13,40,0.95
h029,24,3.625,2026-02-13,30,0.8
h030,49,3.795918367346939,2026-02-13,60,0.8166666666666667
h031,55,4.0181818181818185,2026-02-13,60,0.9166666666666666
h032,36,3.75,2026-02-13,40,0.9
h033,33,3.6363636363636362,2026-02-13,40,0.825
h034,51,3.9607843137254903,2026-02-13,60,0.85
h035,65,3.953846153846154,2026-02-13,70,0.9285714285714286
h036,34,3.588235294117647,2026-02-13,40,0.85
h037,31,4.161290322580645,2026-02-13,40,0.775
h038,28,3.7857142857142856,2026-02-13,30,0.9333333333333333
h039,65,3.646153846153846,2026-02-13,70,0.9285714285714286
h040,39,3.6153846153846154,2026-02-13,50,0.78
h041,37,3.7837837837837838,2026-02-13,40,0.925
h042,45,3.8222222222222224,2026-02-13,50,0.9
h043,54,3.925925925925926,2026-02-13,60,0.9
h044,43,3.7209302325581395,2026-02-13,50,0.86
h045,45,3.8666666666666667,2026-02-13,50,0.9
h046,43,4.395348837209302,2026-02-13,50,0.86
h047,33,3.6666666666666665,2026-02-13,40,0.825
h048,34,4.029411764705882,2026-02-13,40,0.85
h049,48,4.0,2026-02-13,60,0.8
h050,36,3.8333333333333335,2026-02-13,40,0.9
h001,65,3.8153846153846156,2026-02-14,70,0.9285714285714286
h002,28,3.75,2026-02-14,30,0.9333333333333333
h003,32,3.53125,2026-02-14,40,0.8
h004,34,4.088235294117647,2026-02-14,40,0.85
h005,36,3.7222222222222223,2026-02-14,40,0.9
h006,56,3.7142857142857144,2026-02-14,70,0.8
h007,35,3.6857142857142855,2026-02-14,40,0.875
h008,36,4.194444444444445,2026-02-14,40,0.9
h009,44,3.977272727272727,2026-02-14,50,0.88
h010,34,3.911764705882353,2026-02-14,40,0.85
h011,52,4.096153846153846,2026-02-14,60,0.8666666666666667
h012,41,4.048780487804878,2026-02-14,50,0.82
h013,44,3.840909090909091,2026-02-14,50,0.88
h014,53,3.8679245283018866,2026-02-14,60,0.8833333333333333
h015,54,3.6481481481481484,2026-02-14,60,0.9
h016,73,3.7260273972602738,2026-02-14,80,0.9125
h017,47,4.085106382978723,2026-02-14,50,0.94
h018,56,3.8035714285714284,2026-02-14,60,0.9333333333333333
h019,40,3.6,2026-02-14,50,0.8
h020,50,3.98,2026-02-14,60,0.8333333333333334
h021,47,3.9574468085106385,2026-02-14,50,0.94
h022,27,3.5925925925925926,2026-02-14,30,0.9
h023,24,4.125,2026-02-14,30,0.8
h024,55,3.672727272727273,2026-02-14,60,0.9166666666666666
h025,35,3.6285714285714286,2026-02-14,40,0.875
h026,46,4.0,2026-02-14,50,0.92
h027,56,4.017857142857143,2026-02-14,60,0.9333333333333333
h028,38,3.8157894736842106,2026-02-14,40,0.95
h029,24,3.625,2026-02-14,30,0.8
h030,49,3.795918367346939,2026-02-14,60,0.8166666666666667
h031,55,4.0181818181818185,2026-02-14,60,0.9166666666666666
h032,36,3.75,2026-02-14,40,0.9
h033,33,3.6363636363636362,2026-02-14,40,0.825
h034,51,3.9607843137254903,2026-02-14,60,0.85
h035,65,3.953846153846154,2026-02-14,70,0.9285714285714286
h036,34,3.588235294117647,2026-02-14,40,0.85
h037,30,4.233333333333333,2026-02-14,40,0.75
h038,28,3.7857142857142856,2026-02-14,30,0.9333333333333333
h039,65,3.646153846153846,2026-02-14,70,0.9285714285714286
h040,39,3.6153846153846154,2026-02-14,50,0.78
h041,36,3.8055555555555554,2026-02-14,40,0.9
h042,45,3.8222222222222224,2026-02-14,50,0.9
h043,54,3.925925925925926,2026-02-14,60,0.9
h044,43,3.7209302325581395,2026-02-14,50,0.86
h045,45,3.8666666666666667,2026-02-14,50,0.9
h046,43,4.395348837209302,2026-02-14,50,0.86
h047,33,3.6666666666666665,2026-02-14,40,0.825
h048,34,4.029411764705882,2026-02-14,40,0.85
h049,48,4.0,2026-02-14,60,0.8
h050,36,3.8333333333333335,2026-02-14,40,0.9
h001,65,3.8153846153846156,2026-02-15,70,0.9285714285714286
h002,28,3.75,2026-02-15,30,0.9333333333333333
h003,31,3.5806451612903225,2026-02-15,40,0.775
h004,34,4.088235294117647,2026-02-15,40,0.85
h005,36,3.7222222222222223,2026-02-15,40,0.9
h006,56,3.7142857142857144,2026-02-15,70,0.8
h007,35,3.6857142857142855,2026-02-15,40,0.875
h008,36,4.194444444444445,2026-02-15,40,0.9
h009,44,3.977272727272727,2026-02-15,50,0.88
h010,34,3.911764705882353,2026-02-15,40,0.85
h011,52,4.096153846153846,2026-02-15,60,0.8666666666666667
h012,41,4.048780487804878,2026-02-15,50,0.82
h013,44,3.840909090909091,2026-02-15,50,0.88
h014,53,3.8679245283018866,2026-02-15,60,0.8833333333333333
h015,54,3.6481481481481484,2026-02-15,60,0.9
h016,72,3.736111111111111,2026-02-15,80,0.9
h017,47,4.085106382978723,2026-02-15,50,0.94
h018,56,3.8035714285714284,2026-02-15,60,0.9333333333333333
h019,41,3.6097560975609757,2026-02-15,50,0.82
h020,50,3.98,2026-02-15,60,0.8333333333333334
h021,47,3.9574468085106385,2026-02-15,50,0.94
h022,27,3.5925925925925926,2026-02-15,30,0.9
h023,24,4.125,2026-02-15,30,0.8
h024,55,3.672727272727273,2026-02-15,60,0.9166666666666666
h025,35,3.6285714285714286,2026-02-15,40,0.875
h026,46,4.0,2026-02-15,50,0.92
h027,56,4.017857142857143,2026-02-15,60,0.9333333333333333
h028,38,3.8157894736842106,2026-02-15,40,0.95
h029,24,3.625,2026-02-15,30,0.8
h030,50,3.76,2026-02-15,60,0.8333333333333334
h031,55,4.0181818181818185,2026-02-15,60,0.9166666666666666
h032,36,3.75,2026-02-15,40,0.9
h033,33,3.6363636363636362,2026-02-15,40,0.825
h034,51,3.9607843137254903,2026-02-15,60,0.85
h035,65,3.953846153846154,2026-02-15,70,0.9285714285714286
h036,34,3.588235294117647,2026-02-15,40,0.85
h037,30,4.233333333333333,2026-02-15,40,0.75
h038,28,3.7857142857142856,2026-02-15,30,0.9333333333333333
h039,65,3.646153846153846,2026-02-15,70,0.9285714285714286
h040,39,3.6153846153846154,2026-02-15,50,0.78
h041,37,3.8378378378378377,2026-02-15,40,0.925
h042,45,3.8222222222222224,2026-02-15,50,0.9
h043,54,3.925925925925926,2026-02-15,60,0.9
h044,43,3.7209302325581395,2026-02-15,50,0.86
h045,45,3.8666666666666667,2026-02-15,50,0.9
h046,43,4.395348837209302,2026-02-15,50,0.86
h047,33,3.6666666666666665,2026-02-15,40,0.825
h048,34,4.029411764705882,2026-02-15,40,0.85
h049,48,4.0,2026-02-15,60,0.8
h050,36,3.8333333333333335,2026-02-15,40,0.9
h001,65,3.8153846153846156,2026-02-16,70,0.9285714285714286
h002,28,3.75,2026-02-16,30,0.9333333333333333
h003,31,3.5806451612903225,2026-02-16,40,0.775
h004,34,4.088235294117647,2026-02-16,40,0.85
h005,36,3.7222222222222223,2026-02-16,40,0.9
h006,56,3.7142857142857144,2026-02-16,70,0.8
h007,35,3.6857142857142855,2026-02-16,40,0.875
h008,36,4.194444444444445,2026-02-16,40,0.9
h009,44,3.977272727272727,2026-02-16,50,0.88
h010,34,3.911764705882353,2026-02-16,40,0.85
h011,52,4.096153846153846,2026-02-16,60,0.8666666666666667
h012,41,4.048780487804878,2026-02-16,50,0.82
h013,44,3.840909090909091,2026-02-16,50,0.88
h014,53,3.8679245283018866,2026-02-16,60,0.8833333333333333
h015,54,3.6481481481481484,2026-02-16,60,0.9
h016,71,3.732394366197183,2026-02-16,80,0.8875
h017,47,4.085106382978723,2026-02-16,50,0.94
h018,57,3.807017543859649,2026-02-16,60,0.95
h019,41,3.6097560975609757,2026-02-16,50,0.82
h020,50,3.98,2026-02-16,60,0.8333333333333334
h021,47,3.9574468085106385,2026-02-16,50,0.94
h022,27,3.5925925925925926,2026-02-16,30,0.9
h023,24,4.125,2026-02-16,30,0.8
h024,55,3.672727272727273,2026-02-16,60,0.9166666666666666
h025,35,3.6285714285714286,2026-02-16,40,0.875
h026,46,4.0,2026-02-16,50,0.92
h027,56,4.017857142857143,2026-02-16,60,0.9333333333333333
h028,38,3.8157894736842106,2026-02-16,40,0.95
h029,24,3.625,2026-02-16,30,0.8
h030,50,3.76,2026-02-16,60,0.8333333333333334
h031,55,4.0181818181818185,2026-02-16,60,0.9166666666666666
h032,36,3.75,2026-02-16,40,0.9
h033,33,3.6363636363636362,2026-02-16,40,0.825
h034,51,3.9607843137254903,2026-02-16,60,0.85
h035,65,3.953846153846154,2026-02-16,70,0.9285714285714286
h036,34,3.588235294117647,2026-02-16,40,0.85
h037,30,4.233333333333333,2026-02-16,40,0.75
h038,28,3.7857142857142856,2026-02-16,30,0.9333333333333333
h039,65,3.646153846153846,2026-02-16,70,0.9285714285714286
h040,39,3.6153846153846154,2026-02-16,50,0.78
h041,37,3.8378378378378377,2026-02-16,40,0.925
h042,45,3.8222222222222224,2026-02-16,50,0.9
h043,54,3.925925925925926,2026-02-16,60,0.9
h044,43,3.7209302325581395,2026-02-16,50,0.86
h045,45,3.8666666666666667,2026-02-16,50,0.9
h046,43,4.395348837209302,2026-02-16,50,0.86
h047,33,3.6666666666666665,2026-02-16,40,0.825
h048,34,4.029411764705882,2026-02-16,40,0.85
h049,48,4.0,2026-02-16,60,0.8
h050,36,3.8333333333333335,2026-02-16,40,0.9
h001,64,3.828125,2026-02-17,70,0.9142857142857143
h002,28,3.75,2026-02-17,30,0.9333333333333333
h003,31,3.5806451612903225,2026-02-17,40,0.775
h004,34,4.088235294117647,2026-02-17,40,0.85
h005,36,3.7222222222222223,2026-02-17,40,0.9
h006,56,3.7142857142857144,2026-02-17,70,0.8
h007,35,3.6857142857142855,2026-02-17,40,0.875
h008,36,4.194444444444445,2026-02-17,40,0.9
h009,44,3.977272727272727,2026-02-17,50,0.88
h010,34,3.911764705882353,2026-02-17,40,0.85
h011,52,4.096153846153846,2026-02-17,60,0.8666666666666667
h012,41,4.048780487804878,2026-02-17,50,0.82
h013,45,3.8666666666666667,2026-02-17,50,0.9
h014,53,3.8679245283018866,2026-02-17,60,0.8833333333333333
h015,54,3.6481481481481484,2026-02-17,60,0.9
h016,71,3.732394366197183,2026-02-17,80,0.8875
h017,47,4.085106382978723,2026-02-17,50,0.94
h018,56,3.8214285714285716,2026-02-17,60,0.9333333333333333
h019,41,3.6097560975609757,2026-02-17,50,0.82
h020,50,3.98,2026-02-17,60,0.8333333333333334
h021,47,3.9574468085106385,2026-02-17,50,0.94
h022,27,3.5925925925925926,2026-02-17,30,0.9
h023,24,4.125,2026-02-17,30,0.8
h024,55,3.672727272727273,2026-02-17,60,0.9166666666666666
h025,35,3.6285714285714286,2026-02-17,40,0.875
h026,46,4.0,2026-02-17,50,0.92
h027,56,4.017857142857143,2026-02-17,60,0.9333333333333333
h028,38,3.8157894736842106,2026-02-17,40,0.95
h029,24,3.625,2026-02-17,30,0.8
h030,50,3.76,2026-02-17,60,0.8333333333333334
h031,55,4.0181818181818185,2026-02-17,60,0.9166666666666666
h032,36,3.75,2026-02-17,40,0.9
h033,33,3.6363636363636362,2026-02-17,40,0.825
h034,51,3.9607843137254903,2026-02-17,60,0.85
h035,65,3.953846153846154,2026-02-17,70,0.9285714285714286
h036,34,3.588235294117647,2026-02-17,40,0.85
h037,30,4.233333333333333,2026-02-17,40,0.75
h038,28,3.7857142857142856,2026-02-17,30,0.9333333333333333
h039,65,3.646153846153846,2026-02-17,70,0.9285714285714286
h040,39,3.6153846153846154,2026-02-17,50,0.78
h041,36,3.7777777777777777,2026-02-17,40,0.9
h042,45,3.8222222222222224,2026-02-17,50,0.9
h043,54,3.925925925925926,2026-02-17,60,0.9
h044,43,3.7209302325581395,2026-02-17,50,0.86
h045,45,3.8666666666666667,2026-02-17,50,0.9
h046,43,4.395348837209302,2026-02-17,50,0.86
h047,33,3.6666666666666665,2026-02-17,40,0.825
h048,33,4.0606060606060606,2026-02-17,40,0.825
h049,47,4.0638297872340425,2026-02-17,60,0.7833333333333333
h050,36,3.8333333333333335,2026-02-17,40,0.9
h001,64,3.828125,2026-02-18,70,0.9142857142857143
h002,28,3.75,2026-02-18,30,0.9333333333333333
h003,31,3.5806451612903225,2026-02-18,40,0.775
h004,34,4.088235294117647,2026-02-18,40,0.85
h005,36,3.7222222222222223,2026-02-18,40,0.9
h006,56,3.7142857142857144,2026-02-18,70,0.8
h007,35,3.6857142857142855,2026-02-18,40,0.875
h008,36,4.194444444444445,2026-02-18,40,0.9
h009,44,3.977272727272727,2026-02-18,50,0.88
h010,34,3.911764705882353,2026-02-18,40,0.85
h011,52,4.096153846153846,2026-02-18,60,0.8666666666666667
h012,42,4.023809523809524,2026-02-18,50,0.84
h013,45,3.8666666666666667,2026-02-18,50,0.9
h014,53,3.8679245283018866,2026-02-18,60,0.8833333333333333
h015,54,3.6481481481481484,2026-02-18,60,0.9
h016,72,3.7222222222222223,2026-02-18,80,0.9
h017,46,4.086956521739131,2026-02-18,50,0.92
h018,56,3.8214285714285716,2026-02-18,60,0.9333333333333333
h019,41,3.6097560975609757,2026-02-18,50,0.82
h020,50,3.98,2026-02-18,60,0.8333333333333334
h021,47,3.9574468085106385,2026-02-18,50,0.94
h022,27,3.5925925925925926,2026-02-18,30,0.9
h023,24,4.125,2026-02-18,30,0.8
h024,55,3.672727272727273,2026-02-18,60,0.9166666666666666
h025,36,3.6944444444444446,2026-02-18,40,0.9
h026,46,4.0,2026-02-18,50,0.92
h027,56,4.017857142857143,2026-02-18,60,0.9333333333333333
h028,38,3.8157894736842106,2026-02-18,40,0.95
h029,24,3.625,2026-02-18,30,0.8
h030,50,3.76,2026-02-18,60,0.8333333333333334
h031,55,4.0181818181818185,2026-02-18,60,0.9166666666666666
h032,36,3.75,2026-02-18,40,0.9
h033,33,3.6363636363636362,2026-02-18,40,0.825
h034,51,3.9607843137254903,2026-02-18,60,0.85
h035,65,3.953846153846154,2026-02-18,70,0.9285714285714286
h036,34,3.588235294117647,2026-02-18,40,0.85
h037,30,4.233333333333333,2026-02-18,40,0.75
h038,28,3.7857142857142856,2026-02-18,30,0.9333333333333333
h039,65,3.646153846153846,2026-02-18,70,0.9285714285714286
h040,39,3.6153846153846154,2026-02-18,50,0.78
h041,36,3.7777777777777777,2026-02-18,40,0.9
h042,45,3.8222222222222224,2026-02-18,50,0.9
h043,54,3.925925925925926,2026-02-18,60,0.9
h044,44,3.727272727272727,2026-02-18,50,0.88
h045,45,3.8666666666666667,2026-02-18,50,0.9
h046,43,4.395348837209302,2026-02-18,50,0.86
h047,33,3.6666666666666665,2026-02-18,40,0.825
h048,33,4.0606060606060606,2026-02-18,40,0.825
h049,47,4.0638297872340425,2026-02-18,60,0.7833333333333333
h050,36,3.8333333333333335,2026-02-18,40,0.9
h001,64,3.828125,2026-02-19,70,0.9142857142857143
h002,28,3.75,2026-02-19,30,0.9333333333333333
h003,31,3.5806451612903225,2026-02-19,40,0.775
h004,34,4.088235294117647,2026-02-19,40,0.85
h005,36,3.7222222222222223,2026-02-19,40,0.9
h006,56,3.7142857142857144,2026-02-19,70,0.8
h007,35,3.6857142857142855,2026-02-19,40,0.875
h008,37,4.243243243243243,2026-02-19,40,0.925
h009,44,3.977272727272727,2026-02-19,50,0.88
h010,34,3.911764705882353,2026-02-19,40,0.85
h011,52,4.096153846153846,2026-02-19,60,0.8666666666666667
h012,42,4.023809523809524,2026-02-19,50,0.84
h013,46,3.8260869565217392,2026-02-19,50,0.92
h014,53,3.8679245283018866,2026-02-19,60,0.8833333333333333
h015,54,3.6481481481481484,2026-02-19,60,0.9
h016,72,3.7222222222222223,2026-02-19,80,0.9
h017,47,4.127659574468085,2026-02-19,50,0.94
h018,56,3.8214285714285716,2026-02-19,60,0.9333333333333333
h019,41,3.6097560975609757,2026-02-19,50,0.82
h020,50,3.98,2026-02-19,60,0.8333333333333334
h021,47,3.9574468085106385,2026-02-19,50,0.94
h022,27,3.5925925925925926,2026-02-19,30,0.9
h023,24,4.125,2026-02-19,30,0.8
h024,55,3.672727272727273,2026-02-19,60,0.9166666666666666
h025,36,3.6944444444444446,2026-02-19,40,0.9
h026,46,4.0,2026-02-19,50,0.92
h027,56,4.017857142857143,2026-02-19,60,0.9333333333333333
h028,38,3.8157894736842106,2026-02-19,40,0.95
h029,24,3.625,2026-02-19,30,0.8
h030,50,3.76,2026-02-19,60,0.8333333333333334
h031,55,4.0181818181818185,2026-02-19,60,0.9166666666666666
h032,36,3.75,2026-02-19,40,0.9
h033,33,3.6363636363636362,2026-02-19,40,0.825
h034,51,3.9607843137254903,2026-02-19,60,0.85
h035,65,3.953846153846154,2026-02-19,70,0.9285714285714286
h036,34,3.588235294117647,2026-02-19,40,0.85
h037,30,4.233333333333333,2026-02-19,40,0.75
h038,28,3.7857142857142856,2026-02-19,30,0.9333333333333333
h039,65,3.646153846153846,2026-02-19,70,0.9285714285714286
h040,39,3.6153846153846154,2026-02-19,50,0.78
h041,36,3.7777777777777777,2026-02-19,40,0.9
h042,45,3.8222222222222224,2026-02-19,50,0.9
h043,54,3.925925925925926,2026-02-19,60,0.9
h044,44,3.727272727272727,2026-02-19,50,0.88
h045,45,3.8666666666666667,2026-02-19,50,0.9
h046,44,4.340909090909091,2026-02-19,50,0.88
h047,33,3.6666666666666665,2026-02-19,40,0.825
h048,33,4.0606060606060606,2026-02-19,40,0.825
h049,47,4.0638297872340425,2026-02-19,60,0.7833333333333333
h050,36,3.8333333333333335,2026-02-19,40,0.9
h001,64,3.828125,2026-02-20,70,0.9142857142857143
h002,28,3.75,2026-02-20,30,0.9333333333333333
h003,31,3.5806451612903225,2026-02-20,40,0.775
h004,34,4.088235294117647,2026-02-20,40,0.85
h005,36,3.7222222222222223,2026-02-20,40,0.9
h006,56,3.7142857142857144,2026-02-20,70,0.8
h007,35,3.6857142857142855,2026-02-20,40,0.875
h008,37,4.243243243243243,2026-02-20,40,0.925
h009,44,3.977272727272727,2026-02-20,50,0.88
h010,34,3.911764705882353,2026-02-20,40,0.85
h011,52,4.096153846153846,2026-02-20,60,0.8666666666666667
h012,42,4.023809523809524,2026-02-20,50,0.84
h013,46,3.8260869565217392,2026-02-20,50,0.92
h014,53,3.8679245283018866,2026-02-20,60,0.8833333333333333
h015,54,3.6481481481481484,2026-02-20,60,0.9
h016,72,3.7222222222222223,2026-02-20,80,0.9
h017,47,4.127659574468085,2026-02-20,50,0.94
h018,56,3.8214285714285716,2026-02-20,60,0.9333333333333333
h019,41,3.6097560975609757,2026-02-20,50,0.82
h020,50,3.98,2026-02-20,60,0.8333333333333334
h021,47,3.9574468085106385,2026-02-20,50,0.94
h022,27,3.5925925925925926,2026-02-20,30,0.9
h023,24,4.125,2026-02-20,30,0.8
h024,55,3.672727272727273,2026-02-20,60,0.9166666666666666
h025,37,3.7027027027027026,2026-02-20,40,0.925
h026,46,4.0,2026-02-20,50,0.92
h027,56,4.017857142857143,2026-02-20,60,0.9333333333333333
h028,38,3.8157894736842106,2026-02-20,40,0.95
h029,24,3.625,2026-02-20,30,0.8
h030,50,3.76,2026-02-20,60,0.8333333333333334
h031,55,4.0181818181818185,2026-02-20,60,0.9166666666666666
h032,36,3.75,2026-02-20,40,0.9
h033,33,3.6363636363636362,2026-02-20,40,0.825
h034,51,3.9607843137254903,2026-02-20,60,0.85
h035,65,3.953846153846154,2026-02-20,70,0.9285714285714286
h036,34,3.588235294117647,2026-02-20,40,0.85
h037,30,4.233333333333333,2026-02-20,40,0.75
h038,28,3.7857142857142856,2026-02-20,30,0.9333333333333333
h039,65,3.646153846153846,2026-02-20,70,0.9285714285714286
h040,39,3.6153846153846154,2026-02-20,50,0.78
h041,36,3.7777777777777777,2026-02-20,40,0.9
h042,45,3.8222222222222224,2026-02-20,50,0.9
h043,54,3.925925925925926,2026-02-20,60,0.9
h044,43,3.744186046511628,2026-02-20,50,0.86
h045,45,3.8666666666666667,2026-02-20,50,0.9
h046,44,4.340909090909091,2026-02-20,50,0.88
h047,33,3.6666666666666665,2026-02-20,40,0.825
h048,33,4.0606060606060606,2026-02-20,40,0.825
h049,47,4.0638297872340425,2026-02-20,60,0.7833333333333333
h050,36,3.8333333333333335,2026-02-20,40,0.9
h001,64,3.828125,2026-02-21,70,0.9142857142857143
h002,28,3.75,2026-02-21,30,0.9333333333333333
h003,31,3.5806451612903225,2026-02-21,40,0.775
h004,34,4.088235294117647,2026-02-21,40,0.85
h005,36,3.7222222222222223,2026-02-21,40,0.9
h006,56,3.7142857142857144,2026-02-21,70,0.8
h007,35,3.6857142857142855,2026-02-21,40,0.875
h008,37,4.243243243243243,2026-02-21,40,0.925
h009,44,3.977272727272727,2026-02-21,50,0.88
h010,34,3.911764705882353,2026-02-21,40,0.85
h011,52,4.096153846153846,2026-02-21,60,0.8666666666666667
h012,42,4.023809523809524,2026-02-21,50,0.84
h013,46,3.8260869565217392,2026-02-21,50,0.92
h014,53,3.8679245283018866,2026-02-21,60,0.8833333333333333
h015,53,3.660377358490566,2026-02-21,60,0.8833333333333333
h016,73,3.7260273972602738,2026-02-21,80,0.9125
h017,47,4.127659574468085,2026-02-21,50,0.94
h018,56,3.8214285714285716,2026-02-21,60,0.9333333333333333
h019,41,3.6097560975609757,2026-02-21,50,0.82
h020,50,3.98,2026-02-21,60,0.8333333333333334
h021,47,3.9574468085106385,2026-02-21,50,0.94
h022,27,3.5925925925925926,2026-02-21,30,0.9
h023,24,4.125,2026-02-21,30,0.8
h024,55,3.672727272727273,2026-02-21,60,0.9166666666666666
h025,37,3.7027027027027026,2026-02-21,40,0.925
h026,46,4.0,2026-02-21,50,0.92
h027,56,4.017857142857143,2026-02-21,60,0.9333333333333333
h028,38,3.8157894736842106,2026-02-21,40,0.95
h029,24,3.625,2026-02-21,30,0.8
h030,49,3.7755102040816326,2026-02-21,60,0.8166666666666667
h031,55,4.0181818181818185,2026-02-21,60,0.9166666666666666
h032,36,3.75,2026-02-21,40,0.9
h033,33,3.6363636363636362,2026-02-21,40,0.825
h034,51,3.9607843137254903,2026-02-21,60,0.85
h035,65,3.953846153846154,2026-02-21,70,0.9285714285714286
h036,34,3.588235294117647,2026-02-21,40,0.85
h037,30,4.233333333333333,2026-02-21,40,0.75
h038,28,3.7857142857142856,2026-02-21,30,0.9333333333333333
h039,64,3.65625,2026-02-21,70,0.9142857142857143
h040,39,3.6153846153846154,2026-02-21,50,0.78
h041,36,3.7777777777777777,2026-02-21,40,0.9
h042,45,3.8222222222222224,2026-02-21,50,0.9
h043,54,3.925925925925926,2026-02-21,60,0.9
h044,43,3.744186046511628,2026-02-21,50,0.86
h045,45,3.8666666666666667,2026-02-21,50,0.9
h046,44,4.340909090909091,2026-02-21,50,0.88
h047,34,3.676470588235294,2026-02-21,40,0.85
h048,33,4.0606060606060606,2026-02-21,40,0.825
h049,47,4.0638297872340425,2026-02-21,60,0.7833333333333333
h050,37,3.8378378378378377,2026-02-21,40,0.925
h001,63,3.857142857142857,2026-02-22,70,0.9
h002,28,3.75,2026-02-22,30,0.9333333333333333
h003,31,3.5806451612903225,2026-02-22,40,0.775
h004,34,4.088235294117647,2026-02-22,40,0.85
h005,36,3.7222222222222223,2026-02-22,40,0.9
h006,56,3.7142857142857144,2026-02-22,70,0.8
h007,35,3.6857142857142855,2026-02-22,40,0.875
h008,37,4.243243243243243,2026-02-22,40,0.925
h009,44,3.977272727272727,2026-02-22,50,0.88
h010,34,3.911764705882353,2026-02-22,40,0.85
h011,52,4.096153846153846,2026-02-22,60,0.8666666666666667
h012,42,4.023809523809524,2026-02-22,50,0.84
h013,46,3.8260869565217392,2026-02-22,50,0.92
h014,53,3.8679245283018866,2026-02-22,60,0.8833333333333333
h015,53,3.660377358490566,2026-02-22,60,0.8833333333333333
h016,74,3.7567567567567566,2026-02-22,80,0.925
h017,47,4.127659574468085,2026-02-22,50,0.94
h018,56,3.8214285714285716,2026-02-22,60,0.9333333333333333
h019,41,3.6097560975609757,2026-02-22,50,0.82
h020,50,3.98,2026-02-22,60,0.8333333333333334
h021,47,3.9574468085106385,2026-02-22,50,0.94
h022,27,3.5925925925925926,2026-02-22,30,0.9
h023,24,4.125,2026-02-22,30,0.8
h024,55,3.672727272727273,2026-02-22,60,0.9166666666666666
h025,37,3.7027027027027026,2026-02-22,40,0.925
h026,46,4.0,2026-02-22,50,0.92
h027,56,4.017857142857143,2026-02-22,60,0.9333333333333333
h028,39,3.7948717948717947,2026-02-22,40,0.975
h029,24,3.625,2026-02-22,30,0.8
h030,49,3.7755102040816326,2026-02-22,60,0.8166666666666667
h031,55,4.0181818181818185,2026-02-22,60,0.9166666666666666
h032,36,3.75,2026-02-22,40,0.9
h033,33,3.6363636363636362,2026-02-22,40,0.825
h034,50,3.94,2026-02-22,60,0.8333333333333334
h035,65,3.953846153846154,2026-02-22,70,0.9285714285714286
h036,34,3.588235294117647,2026-02-22,40,0.85
h037,30,4.233333333333333,2026-02-22,40,0.75
h038,28,3.7857142857142856,2026-02-22,30,0.9333333333333333
h039,64,3.65625,2026-02-22,70,0.9142857142857143
h040,39,3.6153846153846154,2026-02-22,50,0.78
h041,36,3.7777777777777777,2026-02-22,40,0.9
h042,45,3.8222222222222224,2026-02-22,50,0.9
h043,54,3.925925925925926,2026-02-22,60,0.9
h044,43,3.744186046511628,2026-02-22,50,0.86
h045,45,3.8666666666666667,2026-02-22,50,0.9
h046,44,4.340909090909091,2026-02-22,50,0.88
h047,34,3.676470588235294,2026-02-22,40,0.85
h048,33,4.0606060606060606,2026-02-22,40,0.825
h049,47,4.0638297872340425,2026-02-22,60,0.7833333333333333
h050,37,3.8378378378378377,2026-02-22,40,0.925
h001,63,3.857142857142857,2026-02-23,70,0.9
h002,28,3.75,2026-02-23,30,0.9333333333333333
h003,31,3.5806451612903225,2026-02-23,40,0.775
h004,34,4.088235294117647,2026-02-23,40,0.85
h005,37,3.7027027027027026,2026-02-23,40,0.925
h006,55,3.690909090909091,2026-02-23,70,0.7857142857142857
h007,35,3.6857142857142855,2026-02-23,40,0.875
h008,37,4.243243243243243,2026-02-23,40,0.925
h009,44,3.977272727272727,2026-02-23,50,0.88
h010,34,3.911764705882353,2026-02-23,40,0.85
h011,52,4.096153846153846,2026-02-23,60,0.8666666666666667
h012,42,4.023809523809524,2026-02-23,50,0.84
h013,46,3.8260869565217392,2026-02-23,50,0.92
h014,53,3.8679245283018866,2026-02-23,60,0.8833333333333333
h015,53,3.660377358490566,2026-02-23,60,0.8833333333333333
h016,74,3.7567567567567566,2026-02-23,80,0.925
h017,47,4.127659574468085,2026-02-23,50,0.94
h018,56,3.8214285714285716,2026-02-23,60,0.9333333333333333
h019,41,3.6097560975609757,2026-02-23,50,0.82
h020,50,3.98,2026-02-23,60,0.8333333333333334
h021,47,3.9574468085106385,2026-02-23,50,0.94
h022,27,3.5925925925925926,2026-02-23,30,0.9
h023,24,4.125,2026-02-23,30,0.8
h024,55,3.672727272727273,2026-02-23,60,0.9166666666666666
h025,37,3.7027027027027026,2026-02-23,40,0.925
h026,46,4.0,2026-02-23,50,0.92
h027,56,4.017857142857143,2026-02-23,60,0.9333333333333333
h028,39,3.7948717948717947,2026-02-23,40,0.975
h029,24,3.625,2026-02-23,30,0.8
h030,49,3.7755102040816326,2026-02-23,60,0.8166666666666667
h031,55,4.0181818181818185,2026-02-23,60,0.9166666666666666
h032,36,3.75,2026-02-23,40,0.9
h033,33,3.6363636363636362,2026-02-23,40,0.825
h034,50,3.94,2026-02-23,60,0.8333333333333334
h035,65,3.953846153846154,2026-02-23,70,0.9285714285714286
h036,34,3.588235294117647,2026-02-23,40,0.85
h037,30,4.233333333333333,2026-02-23,40,0.75
h038,28,3.7857142857142856,2026-02-23,30,0.9333333333333333
h039,66,3.6363636363636362,2026-02-23,70,0.9428571428571428
h040,39,3.6153846153846154,2026-02-23,50,0.78
h041,37,3.7837837837837838,2026-02-23,40,0.925
h042,45,3.8222222222222224,2026-02-23,50,0.9
h043,54,3.925925925925926,2026-02-23,60,0.9
h044,43,3.744186046511628,2026-02-23,50,0.86
h045,46,3.869565217391304,2026-02-23,50,0.92
h046,44,4.340909090909091,2026-02-23,50,0.88
h047,34,3.676470588235294,2026-02-23,40,0.85
h048,33,4.0606060606060606,2026-02-23,40,0.825
h049,47,4.0638297872340425,2026-02-23,60,0.7833333333333333
h050,37,3.8378378378378377,2026-02-23,40,0.925
h001,63,3.857142857142857,2026-02-24,70,0.9
h002,28,3.75,2026-02-24,30,0.9333333333333333
h003,31,3.5806451612903225,2026-02-24,40,0.775
h004,34,4.088235294117647,2026-02-24,40,0.85
h005,37,3.7027027027027026,2026-02-24,40,0.925
h006,55,3.690909090909091,2026-02-24,70,0.7857142857142857
h007,35,3.6857142857142855,2026-02-24,40,0.875
h008,37,4.243243243243243,2026-02-24,40,0.925
h009,44,3.977272727272727,2026-02-24,50,0.88
h010,34,3.911764705882353,2026-02-24,40,0.85
h011,52,4.096153846153846,2026-02-24,60,0.8666666666666667
h012,42,4.023809523809524,2026-02-24,50,0.84
h013,46,3.8260869565217392,2026-02-24,50,0.92
h014,53,3.8679245283018866,2026-02-24,60,0.8833333333333333
h015,54,3.685185185185185,2026-02-24,60,0.9
h016,74,3.7567567567567566,2026-02-24,80,0.925
h017,47,4.127659574468085,2026-02-24,50,0.94
h018,56,3.8214285714285716,2026-02-24,60,0.9333333333333333
h019,41,3.6097560975609757,2026-02-24,50,0.82
h020,50,3.98,2026-02-24,60,0.8333333333333334
h021,47,3.9574468085106385,2026-02-24,50,0.94
h022,27,3.5925925925925926,2026-02-24,30,0.9
h023,24,4.125,2026-02-24,30,0.8
h024,55,3.672727272727273,2026-02-24,60,0.9166666666666666
h025,37,3.7027027027027026,2026-02-24,40,0.925
h026,46,4.0,2026-02-24,50,0.92
h027,56,4.017857142857143,2026-02-24,60,0.9333333333333333
h028,39,3.7948717948717947,2026-02-24,40,0.975
h029,24,3.625,2026-02-24,30,0.8
h030,49,3.7755102040816326,2026-02-24,60,0.8166666666666667
h031,55,4.0181818181818185,2026-02-24,60,0.9166666666666666
h032,36,3.75,2026-02-24,40,0.9
h033,33,3.6363636363636362,2026-02-24,40,0.825
h034,50,3.94,2026-02-24,60,0.8333333333333334
h035,65,3.953846153846154,2026-02-24,70,0.9285714285714286
h036,34,3.588235294117647,2026-02-24,40,0.85
h037,30,4.233333333333333,2026-02-24,40,0.75
h038,28,3.7857142857142856,2026-02-24,30,0.9333333333333333
h039,66,3.6363636363636362,2026-02-24,70,0.9428571428571428
h040,39,3.6153846153846154,2026-02-24,50,0.78
h041,37,3.7837837837837838,2026-02-24,40,0.925
h042,45,3.8222222222222224,2026-02-24,50,0.9
h043,54,3.925925925925926,2026-02-24,60,0.9
h044,43,3.744186046511628,2026-02-24,50,0.86
h045,46,3.869565217391304,2026-02-24,50,0.92
h046,44,4.340909090909091,2026-02-24,50,0.88
h047,34,3.676470588235294,2026-02-24,40,0.85
h048,33,4.0606060606060606,2026-02-24,40,0.825
h049,47,4.0638297872340425,2026-02-24,60,0.7833333333333333
h050,37,3.8378378378378377,2026-02-24,40,0.925
h001,63,3.857142857142857,2026-02-25,70,0.9
h002,28,3.75,2026-02-25,30,0.9333333333333333
h003,31,3.5806451612903225,2026-02-25,40,0.775
h004,34,4.088235294117647,2026-02-25,40,0.85
h005,37,3.7027027027027026,2026-02-25,40,0.925
h006,55,3.690909090909091,2026-02-25,70,0.7857142857142857
h007,35,3.6857142857142855,2026-02-25,40,0.875
h008,37,4.243243243243243,2026-02-25,40,0.925
h009,44,3.977272727272727,2026-02-25,50,0.88
h010,34,3.911764705882353,2026-02-25,40,0.85
h011,52,4.096153846153846,2026-02-25,60,0.8666666666666667
h012,42,4.023809523809524,2026-02-25,50,0.84
h013,46,3.8260869565217392,2026-02-25,50,0.92
h014,53,3.8679245283018866,2026-02-25,60,0.8833333333333333
h015,54,3.685185185185185,2026-02-25,60,0.9
h016,74,3.7567567567567566,2026-02-25,80,0.925
h017,47,4.127659574468085,2026-02-25,50,0.94
h018,56,3.8214285714285716,2026-02-25,60,0.9333333333333333
h019,41,3.6097560975609757,2026-02-25,50,0.82
h020,50,3.98,2026-02-25,60,0.8333333333333334
h021,47,3.9574468085106385,2026-02-25,50,0.94
h022,26,3.5384615384615383,2026-02-25,30,0.8666666666666667
h023,24,4.125,2026-02-25,30,0.8
h024,55,3.672727272727273,2026-02-25,60,0.9166666666666666
h025,37,3.7027027027027026,2026-02-25,40,0.925
h026,46,4.0,2026-02-25,50,0.92
h027,56,4.017857142857143,2026-02-25,60,0.9333333333333333
h028,39,3.7948717948717947,2026-02-25,40,0.975
h029,24,3.625,2026-02-25,30,0.8
h030,49,3.7755102040816326,2026-02-25,60,0.8166666666666667
h031,55,4.0181818181818185,2026-02-25,60,0.9166666666666666
h032,37,3.810810810810811,2026-02-25,40,0.925
h033,33,3.6363636363636362,2026-02-25,40,0.825
h034,50,3.94,2026-02-25,60,0.8333333333333334
h035,66,3.909090909090909,2026-02-25,70,0.9428571428571428
h036,33,3.5757575757575757,2026-02-25,40,0.825
h037,30,4.233333333333333,2026-02-25,40,0.75
h038,28,3.7857142857142856,2026-02-25,30,0.9333333333333333
h039,66,3.6363636363636362,2026-02-25,70,0.9428571428571428
h040,39,3.6153846153846154,2026-02-25,50,0.78
h041,37,3.7837837837837838,2026-02-25,40,0.925
h042,45,3.8222222222222224,2026-02-25,50,0.9
h043,54,3.925925925925926,2026-02-25,60,0.9
h044,43,3.744186046511628,2026-02-25,50,0.86
h045,46,3.869565217391304,2026-02-25,50,0.92
h046,44,4.340909090909091,2026-02-25,50,0.88
h047,34,3.676470588235294,2026-02-25,40,0.85
h048,33,4.0606060606060606,2026-02-25,40,0.825
h049,47,4.0638297872340425,2026-02-25,60,0.7833333333333333
h050,37,3.8378378378378377,2026-02-25,40,0.925
h001,63,3.857142857142857,2026-02-26,70,0.9
h002,28,3.75,2026-02-26,30,0.9333333333333333
h003,31,3.5806451612903225,2026-02-26,40,0.775
h004,34,4.088235294117647,2026-02-26,40,0.85
h005,36,3.6944444444444446,2026-02-26,40,0.9
h006,55,3.690909090909091,2026-02-26,70,0.7857142857142857
h007,35,3.6857142857142855,2026-02-26,40,0.875
h008,37,4.243243243243243,2026-02-26,40,0.925
h009,44,3.977272727272727,2026-02-26,50,0.88
h010,34,3.911764705882353,2026-02-26,40,0.85
h011,52,4.096153846153846,2026-02-26,60,0.8666666666666667
h012,42,4.023809523809524,2026-02-26,50,0.84
h013,46,3.8260869565217392,2026-02-26,50,0.92
h014,54,3.8703703703703702,2026-02-26,60,0.9
h015,54,3.685185185185185,2026-02-26,60,0.9
h016,74,3.7567567567567566,2026-02-26,80,0.925
h017,47,4.127659574468085,2026-02-26,50,0.94
h018,56,3.8214285714285716,2026-02-26,60,0.9333333333333333
h019,41,3.6097560975609757,2026-02-26,50,0.82
h020,50,3.98,2026-02-26,60,0.8333333333333334
h021,47,3.9574468085106385,2026-02-26,50,0.94
h022,26,3.5384615384615383,2026-02-26,30,0.8666666666666667
h023,24,4.125,2026-02-26,30,0.8
h024,55,3.672727272727273,2026-02-26,60,0.9166666666666666
h025,37,3.7027027027027026,2026-02-26,40,0.925
h026,46,4.0,2026-02-26,50,0.92
h027,56,4.017857142857143,2026-02-26,60,0.9333333333333333
h028,39,3.7948717948717947,2026-02-26,40,0.975
h029,24,3.625,2026-02-26,30,0.8
h030,49,3.7755102040816326,2026-02-26,60,0.8166666666666667
h031,55,4.0181818181818185,2026-02-26,60,0.9166666666666666
h032,37,3.810810810810811,2026-02-26,40,0.925
h033,33,3.6363636363636362,2026-02-26,40,0.825
h034,50,3.94,2026-02-26,60,0.8333333333333334
h035,66,3.909090909090909,2026-02-26,70,0.9428571428571428
h036,33,3.5757575757575757,2026-02-26,40,0.825
h037,30,4.233333333333333,2026-02-26,40,0.75
h038,29,3.793103448275862,2026-02-26,30,0.9666666666666667
h039,66,3.6363636363636362,2026-02-26,70,0.9428571428571428
h040,39,3.6153846153846154,2026-02-26,50,0.78
h041,37,3.7837837837837838,2026-02-26,40,0.925
h042,45,3.8222222222222224,2026-02-26,50,0.9
h043,54,3.925925925925926,2026-02-26,60,0.9
h044,43,3.744186046511628,2026-02-26,50,0.86
h045,46,3.869565217391304,2026-02-26,50,0.92
h046,44,4.340909090909091,2026-02-26,50,0.88
h047,34,3.676470588235294,2026-02-26,40,0.85
h048,34,4.0588235294117645,2026-02-26,40,0.85
h049,47,4.0638297872340425,2026-02-26,60,0.7833333333333333
h050,37,3.8378378378378377,2026-02-26,40,0.925
h001,63,3.857142857142857,2026-02-27,70,0.9
h002,28,3.75,2026-02-27,30,0.9333333333333333
h003,31,3.5806451612903225,2026-02-27,40,0.775
h004,34,4.088235294117647,2026-02-27,40,0.85
h005,36,3.6944444444444446,2026-02-27,40,0.9
h006,55,3.690909090909091,2026-02-27,70,0.7857142857142857
h007,35,3.6857142857142855,2026-02-27,40,0.875
h008,37,4.243243243243243,2026-02-27,40,0.925
h009,44,3.977272727272727,2026-02-27,50,0.88
h010,34,3.911764705882353,2026-02-27,40,0.85
h011,52,4.096153846153846,2026-02-27,60,0.8666666666666667
h012,42,4.023809523809524,2026-02-27,50,0.84
h013,46,3.8260869565217392,2026-02-27,50,0.92
h014,54,3.8703703703703702,2026-02-27,60,0.9
h015,54,3.685185185185185,2026-02-27,60,0.9
h016,74,3.7567567567567566,2026-02-27,80,0.925
h017,47,4.127659574468085,2026-02-27,50,0.94
h018,56,3.8214285714285716,2026-02-27,60,0.9333333333333333
h019,41,3.6097560975609757,2026-02-27,50,0.82
h020,50,3.98,2026-02-27,60,0.8333333333333334
h021,47,3.9574468085106385,2026-02-27,50,0.94
h022,26,3.5384615384615383,2026-02-27,30,0.8666666666666667
h023,24,4.125,2026-02-27,30,0.8
h024,55,3.672727272727273,2026-02-27,60,0.9166666666666666
h025,37,3.7027027027027026,2026-02-27,40,0.925
h026,46,4.0,2026-02-27,50,0.92
h027,56,4.017857142857143,2026-02-27,60,0.9333333333333333
h028,39,3.7948717948717947,2026-02-27,40,0.975
h029,24,3.625,2026-02-27,30,0.8
h030,49,3.7755102040816326,2026-02-27,60,0.8166666666666667
h031,55,4.0181818181818185,2026-02-27,60,0.9166666666666666
h032,37,3.810810810810811,2026-02-27,40,0.925
h033,33,3.6363636363636362,2026-02-27,40,0.825
h034,50,3.94,2026-02-27,60,0.8333333333333334
h035,66,3.909090909090909,2026-02-27,70,0.9428571428571428
h036,33,3.5757575757575757,2026-02-27,40,0.825
h037,30,4.233333333333333,2026-02-27,40,0.75
h038,29,3.793103448275862,2026-02-27,30,0.9666666666666667
h039,66,3.6363636363636362,2026-02-27,70,0.9428571428571428
h040,39,3.6153846153846154,2026-02-27,50,0.78
h041,37,3.7837837837837838,2026-02-27,40,0.925
h042,45,3.8222222222222224,2026-02-27,50,0.9
h043,54,3.925925925925926,2026-02-27,60,0.9
h044,44,3.727272727272727,2026-02-27,50,0.88
h045,46,3.869565217391304,2026-02-27,50,0.92
h046,44,4.340909090909091,2026-02-27,50,0.88
h047,34,3.676470588235294,2026-02-27,40,0.85
h048,34,4.0588235294117645,2026-02-27,40,0.85
h049,48,4.083333333333333,2026-02-27,60,0.8
h050,37,3.8378378378378377,2026-02-27,40,0.925
h001,64,3.890625,2026-02-28,70,0.9142857142857143
h002,28,3.75,2026-02-28,30,0.9333333333333333
h003,31,3.5806451612903225,2026-02-28,40,0.775
h004,34,4.088235294117647,2026-02-28,40,0.85
h005,36,3.6944444444444446,2026-02-28,40,0.9
h006,55,3.690909090909091,2026-02-28,70,0.7857142857142857
h007,35,3.6857142857142855,2026-02-28,40,0.875
h008,37,4.243243243243243,2026-02-28,40,0.925
h009,44,3.977272727272727,2026-02-28,50,0.88
h010,34,3.911764705882353,2026-02-28,40,0.85
h011,52,4.096153846153846,2026-02-28,60,0.8666666666666667
h012,42,4.023809523809524,2026-02-28,50,0.84
h013,46,3.8260869565217392,2026-02-28,50,0.92
h014,54,3.8703703703703702,2026-02-28,60,0.9
h015,54,3.685185185185185,2026-02-28,60,0.9
h016,73,3.73972602739726,2026-02-28,80,0.9125
h017,47,4.127659574468085,2026-02-28,50,0.94
h018,56,3.8214285714285716,2026-02-28,60,0.9333333333333333
h019,41,3.6097560975609757,2026-02-28,50,0.82
h020,50,3.98,2026-02-28,60,0.8333333333333334
h021,47,3.9574468085106385,2026-02-28,50,0.94
h022,26,3.5384615384615383,2026-02-28,30,0.8666666666666667
h023,24,4.125,2026-02-28,30,0.8
h024,55,3.672727272727273,2026-02-28,60,0.9166666666666666
h025,37,3.7027027027027026,2026-02-28,40,0.925
h026,46,4.0,2026-02-28,50,0.92
h027,56,4.017857142857143,2026-02-28,60,0.9333333333333333
h028,39,3.7948717948717947,2026-02-28,40,0.975
h029,24,3.625,2026-02-28,30,0.8
h030,49,3.7755102040816326,2026-02-28,60,0.8166666666666667
h031,55,4.0181818181818185,2026-02-28,60,0.9166666666666666
h032,37,3.810810810810811,2026-02-28,40,0.925
h033,33,3.6363636363636362,2026-02-28,40,0.825
h034,50,3.94,2026-02-28,60,0.8333333333333334
h035,66,3.909090909090909,2026-02-28,70,0.9428571428571428
h036,33,3.5757575757575757,2026-02-28,40,0.825
h037,30,4.233333333333333,2026-02-28,40,0.75
h038,28,3.7142857142857144,2026-02-28,30,0.9333333333333333
h039,66,3.6363636363636362,2026-02-28,70,0.9428571428571428
h040,39,3.6153846153846154,2026-02-28,50,0.78
h041,37,3.7837837837837838,2026-02-28,40,0.925
h042,45,3.8222222222222224,2026-02-28,50,0.9
h043,54,3.925925925925926,2026-02-28,60,0.9
h044,44,3.727272727272727,2026-02-28,50,0.88
h045,46,3.869565217391304,2026-02-28,50,0.92
h046,44,4.340909090909091,2026-02-28,50,0.88
h047,34,3.676470588235294,2026-02-28,40,0.85
h048,34,4.0588235294117645,2026-02-28,40,0.85
h049,48,4.083333333333333,2026-02-28,60,0.8
h050,37,3.8378378378378377,2026-02-28,40,0.925
h001,64,3.890625,2026-03-01,70,0.9142857142857143
h002,28,3.75,2026-03-01,30,0.9333333333333333
h003,31,3.5806451612903225,2026-03-01,40,0.775
h004,34,4.088235294117647,2026-03-01,40,0.85
h005,36,3.6944444444444446,2026-03-01,40,0.9
h006,55,3.690909090909091,2026-03-01,70,0.7857142857142857
h007,35,3.6857142857142855,2026-03-01,40,0.875
h008,37,4.243243243243243,2026-03-01,40,0.925
h009,44,3.977272727272727,2026-03-01,50,0.88
h010,34,3.911764705882353,2026-03-01,40,0.85
h011,52,4.096153846153846,2026-03-01,60,0.8666666666666667
h012,42,4.023809523809524,2026-03-01,50,0.84
h013,46,3.8260869565217392,2026-03-01,50,0.92
h014,54,3.8703703703703702,2026-03-01,60,0.9
h015,54,3.685185185185185,2026-03-01,60,0.9
h016,73,3.73972602739726,2026-03-01,80,0.9125
h017,47,4.127659574468085,2026-03-01,50,0.94
h018,56,3.8214285714285716,2026-03-01,60,0.9333333333333333
h019,41,3.6097560975609757,2026-03-01,50,0.82
h020,50,3.98,2026-03-01,60,0.8333333333333334
h021,46,3.9565217391304346,2026-03-01,50,0.92
h022,26,3.5384615384615383,2026-03-01,30,0.8666666666666667
h023,24,4.125,2026-03-01,30,0.8
h024,55,3.672727272727273,2026-03-01,60,0.9166666666666666
h025,37,3.7027027027027026,2026-03-01,40,0.925
h026,46,4.0,2026-03-01,50,0.92
h027,56,4.017857142857143,2026-03-01,60,0.9333333333333333
h028,39,3.7948717948717947,2026-03-01,40,0.975
h029,24,3.625,2026-03-01,30,0.8
h030,49,3.7755102040816326,2026-03-01,60,0.8166666666666667
h031,55,4.0181818181818185,2026-03-01,60,0.9166666666666666
h032,37,3.810810810810811,2026-03-01,40,0.925
h033,33,3.6363636363636362,2026-03-01,40,0.825
h034,50,3.94,2026-03-01,60,0.8333333333333334
h035,66,3.909090909090909,2026-03-01,70,0.9428571428571428
h036,33,3.5757575757575757,2026-03-01,40,0.825
h037,30,4.233333333333333,2026-03-01,40,0.75
h038,29,3.7586206896551726,2026-03-01,30,0.9666666666666667
h039,66,3.6363636363636362,2026-03-01,70,0.9428571428571428
h040,39,3.6153846153846154,2026-03-01,50,0.78
h041,37,3.7837837837837838,2026-03-01,40,0.925
h042,45,3.8222222222222224,2026-03-01,50,0.9
h043,54,3.925925925925926,2026-03-01,60,0.9
h044,44,3.727272727272727,2026-03-01,50,0.88
h045,46,3.869565217391304,2026-03-01,50,0.92
h046,44,4.340909090909091,2026-03-01,50,0.88
h047,34,3.676470588235294,2026-03-01,40,0.85
h048,34,4.0588235294117645,2026-03-01,40,0.85
h049,48,4.083333333333333,2026-03-01,60,0.8
h050,37,3.8378378378378377,2026-03-01,40,0.925
h001,64,3.890625,2026-03-02,70,0.9142857142857143
h002,28,3.75,2026-03-02,30,0.9333333333333333
h003,31,3.5806451612903225,2026-03-02,40,0.775
h004,34,4.088235294117647,2026-03-02,40,0.85
h005,36,3.6944444444444446,2026-03-02,40,0.9
h006,55,3.690909090909091,2026-03-02,70,0.7857142857142857
h007,35,3.6857142857142855,2026-03-02,40,0.875
h008,37,4.243243243243243,2026-03-02,40,0.925
h009,44,3.977272727272727,2026-03-02,50,0.88
h010,34,3.911764705882353,2026-03-02,40,0.85
h011,52,4.096153846153846,2026-03-02,60,0.8666666666666667
h012,42,4.023809523809524,2026-03-02,50,0.84
h013,46,3.8260869565217392,2026-03-02,50,0.92
h014,54,3.8703703703703702,2026-03-02,60,0.9
h015,54,3.685185185185185,2026-03-02,60,0.9
h016,73,3.73972602739726,2026-03-02,80,0.9125
h017,47,4.127659574468085,2026-03-02,50,0.94
h018,57,3.789473684210526,2026-03-02,60,0.95
h019,41,3.6097560975609757,2026-03-02,50,0.82
h020,50,3.98,2026-03-02,60,0.8333333333333334
h021,46,3.9565217391304346,2026-03-02,50,0.92
h022,26,3.5384615384615383,2026-03-02,30,0.8666666666666667
h023,24,4.125,2026-03-02,30,0.8
h024,55,3.672727272727273,2026-03-02,60,0.9166666666666666
h025,38,3.763157894736842,2026-03-02,40,0.95
h026,45,4.022222222222222,2026-03-02,50,0.9
h027,56,4.017857142857143,2026-03-02,60,0.9333333333333333
h028,39,3.7948717948717947,2026-03-02,40,0.975
h029,24,3.625,2026-03-02,30,0.8
h030,49,3.7755102040816326,2026-03-02,60,0.8166666666666667
h031,56,4.0,2026-03-02,60,0.9333333333333333
h032,37,3.810810810810811,2026-03-02,40,0.925
h033,33,3.6363636363636362,2026-03-02,40,0.825
h034,50,3.94,2026-03-02,60,0.8333333333333334
h035,66,3.909090909090909,2026-03-02,70,0.9428571428571428
h036,33,3.5757575757575757,2026-03-02,40,0.825
h037,30,4.233333333333333,2026-03-02,40,0.75
h038,29,3.7586206896551726,2026-03-02,30,0.9666666666666667
h039,66,3.6363636363636362,2026-03-02,70,0.9428571428571428
h040,39,3.6153846153846154,2026-03-02,50,0.78
h041,37,3.7837837837837838,2026-03-02,40,0.925
h042,45,3.8222222222222224,2026-03-02,50,0.9
h043,54,3.925925925925926,2026-03-02,60,0.9
h044,44,3.727272727272727,2026-03-02,50,0.88
h045,46,3.869565217391304,2026-03-02,50,0.92
h046,44,4.340909090909091,2026-03-02,50,0.88
h047,34,3.676470588235294,2026-03-02,40,0.85
h048,34,4.0588235294117645,2026-03-02,40,0.85
h049,48,4.083333333333333,2026-03-02,60,0.8
h050,37,3.8378378378378377,2026-03-02,40,0.925
h001,64,3.890625,2026-03-03,70,0.9142857142857143
h002,28,3.75,2026-03-03,30,0.9333333333333333
h003,31,3.5806451612903225,2026-03-03,40,0.775
h004,34,4.088235294117647,2026-03-03,40,0.85
h005,36,3.6944444444444446,2026-03-03,40,0.9
h006,55,3.690909090909091,2026-03-03,70,0.7857142857142857
h007,35,3.6857142857142855,2026-03-03,40,0.875
h008,37,4.243243243243243,2026-03-03,40,0.925
h009,44,3.977272727272727,2026-03-03,50,0.88
h010,34,3.911764705882353,2026-03-03,40,0.85
h011,52,4.096153846153846,2026-03-03,60,0.8666666666666667
h012,40,4.025,2026-03-03,50,0.8
h013,46,3.8260869565217392,2026-03-03,50,0.92
h014,54,3.8703703703703702,2026-03-03,60,0.9
h015,54,3.685185185185185,2026-03-03,60,0.9
h016,73,3.73972602739726,2026-03-03,80,0.9125
h017,47,4.127659574468085,2026-03-03,50,0.94
h018,56,3.767857142857143,2026-03-03,60,0.9333333333333333
h019,41,3.6097560975609757,2026-03-03,50,0.82
h020,50,3.98,2026-03-03,60,0.8333333333333334
h021,46,3.9565217391304346,2026-03-03,50,0.92
h022,26,3.5384615384615383,2026-03-03,30,0.8666666666666667
h023,24,4.125,2026-03-03,30,0.8
h024,55,3.672727272727273,2026-03-03,60,0.9166666666666666
h025,38,3.763157894736842,2026-03-03,40,0.95
h026,45,4.022222222222222,2026-03-03,50,0.9
h027,56,4.017857142857143,2026-03-03,60,0.9333333333333333
h028,39,3.7948717948717947,2026-03-03,40,0.975
h029,24,3.625,2026-03-03,30,0.8
h030,49,3.7755102040816326,2026-03-03,60,0.8166666666666667
h031,56,4.0,2026-03-03,60,0.9333333333333333
h032,37,3.810810810810811,2026-03-03,40,0.925
h033,32,3.59375,2026-03-03,40,0.8
h034,50,3.94,2026-03-03,60,0.8333333333333334
h035,66,3.909090909090909,2026-03-03,70,0.9428571428571428
h036,33,3.5757575757575757,2026-03-03,40,0.825
h037,30,4.233333333333333,2026-03-03,40,0.75
h038,29,3.7586206896551726,2026-03-03,30,0.9666666666666667
h039,66,3.6363636363636362,2026-03-03,70,0.9428571428571428
h040,38,3.6315789473684212,2026-03-03,50,0.76
h041,37,3.7837837837837838,2026-03-03,40,0.925
h042,45,3.8222222222222224,2026-03-03,50,0.9
h043,54,3.925925925925926,2026-03-03,60,0.9
h044,44,3.727272727272727,2026-03-03,50,0.88
h045,46,3.869565217391304,2026-03-03,50,0.92
h046,44,4.340909090909091,2026-03-03,50,0.88
h047,34,3.676470588235294,2026-03-03,40,0.85
h048,34,4.0588235294117645,2026-03-03,40,0.85
h049,48,4.083333333333333,2026-03-03,60,0.8
h050,37,3.8378378378378377,2026-03-03,40,0.925
h001,64,3.890625,2026-03-04,70,0.9142857142857143
h002,28,3.75,2026-03-04,30,0.9333333333333333
h003,31,3.5806451612903225,2026-03-04,40,0.775
h004,34,4.088235294117647,2026-03-04,40,0.85
h005,36,3.6944444444444446,2026-03-04,40,0.9
h006,55,3.690909090909091,2026-03-04,70,0.7857142857142857
h007,35,3.6857142857142855,2026-03-04,40,0.875
h008,37,4.243243243243243,2026-03-04,40,0.925
h009,44,3.977272727272727,2026-03-04,50,0.88
h010,34,3.911764705882353,2026-03-04,40,0.85
h011,52,4.096153846153846,2026-03-04,60,0.8666666666666667
h012,40,4.025,2026-03-04,50,0.8
h013,46,3.8260869565217392,2026-03-04,50,0.92
h014,54,3.8703703703703702,2026-03-04,60,0.9
h015,54,3.685185185185185,2026-03-04,60,0.9
h016,73,3.73972602739726,2026-03-04,80,0.9125
h017,47,4.127659574468085,2026-03-04,50,0.94
h018,56,3.767857142857143,2026-03-04,60,0.9333333333333333
h019,40,3.625,2026-03-04,50,0.8
h020,50,3.98,2026-03-04,60,0.8333333333333334
h021,46,3.9565217391304346,2026-03-04,50,0.92
h022,26,3.5384615384615383,2026-03-04,30,0.8666666666666667
h023,24,4.125,2026-03-04,30,0.8
h024,55,3.672727272727273,2026-03-04,60,0.9166666666666666
h025,38,3.763157894736842,2026-03-04,40,0.95
h026,45,4.022222222222222,2026-03-04,50,0.9
h027,56,4.017857142857143,2026-03-04,60,0.9333333333333333
h028,39,3.7948717948717947,2026-03-04,40,0.975
h029,24,3.625,2026-03-04,30,0.8
h030,49,3.7755102040816326,2026-03-04,60,0.8166666666666667
h031,56,4.0,2026-03-04,60,0.9333333333333333
h032,37,3.810810810810811,2026-03-04,40,0.925
h033,31,3.5806451612903225,2026-03-04,40,0.775
h034,50,3.94,2026-03-04,60,0.8333333333333334
h035,66,3.909090909090909,2026-03-04,70,0.9428571428571428
h036,33,3.5757575757575757,2026-03-04,40,0.825
h037,30,4.233333333333333,2026-03-04,40,0.75
h038,29,3.7586206896551726,2026-03-04,30,0.9666666666666667
h039,66,3.6363636363636362,2026-03-04,70,0.9428571428571428
h040,38,3.6315789473684212,2026-03-04,50,0.76
h041,37,3.7837837837837838,2026-03-04,40,0.925
h042,45,3.8222222222222224,2026-03-04,50,0.9
h043,54,3.925925925925926,2026-03-04,60,0.9
h044,44,3.727272727272727,2026-03-04,50,0.88
h045,46,3.869565217391304,2026-03-04,50,0.92
h046,44,4.340909090909091,2026-03-04,50,0.88
h047,34,3.676470588235294,2026-03-04,40,0.85
h048,34,4.0588235294117645,2026-03-04,40,0.85
h049,48,4.083333333333333,2026-03-04,60,0.8
h050,36,3.861111111111111,2026-03-04,40,0.9
h001,64,3.890625,2026-03-05,70,0.9142857142857143
h002,28,3.75,2026-03-05,30,0.9333333333333333
h003,31,3.5806451612903225,2026-03-05,40,0.775
h004,34,4.088235294117647,2026-03-05,40,0.85
h005,36,3.6944444444444446,2026-03-05,40,0.9
h006,55,3.690909090909091,2026-03-05,70,0.7857142857142857
h007,35,3.6857142857142855,2026-03-05,40,0.875
h008,37,4.243243243243243,2026-03-05,40,0.925
h009,44,3.977272727272727,2026-03-05,50,0.88
h010,34,3.911764705882353,2026-03-05,40,0.85
h011,53,4.113207547169812,2026-03-05,60,0.8833333333333333
h012,40,4.025,2026-03-05,50,0.8
h013,46,3.8260869565217392,2026-03-05,50,0.92
h014,54,3.8703703703703702,2026-03-05,60,0.9
h015,54,3.685185185185185,2026-03-05,60,0.9
h016,73,3.73972602739726,2026-03-05,80,0.9125
h017,47,4.127659574468085,2026-03-05,50,0.94
h018,56,3.767857142857143,2026-03-05,60,0.9333333333333333
h019,40,3.625,2026-03-05,50,0.8
h020,50,3.98,2026-03-05,60,0.8333333333333334
h021,46,3.9565217391304346,2026-03-05,50,0.92
h022,26,3.5384615384615383,2026-03-05,30,0.8666666666666667
h023,24,4.125,2026-03-05,30,0.8
h024,55,3.672727272727273,2026-03-05,60,0.9166666666666666
h025,38,3.763157894736842,2026-03-05,40,0.95
h026,45,4.022222222222222,2026-03-05,50,0.9
h027,56,4.017857142857143,2026-03-05,60,0.9333333333333333
h028,39,3.7948717948717947,2026-03-05,40,0.975
h029,24,3.625,2026-03-05,30,0.8
h030,49,3.7755102040816326,2026-03-05,60,0.8166666666666667
h031,56,4.0,2026-03-05,60,0.9333333333333333
h032,37,3.810810810810811,2026-03-05,40,0.925
h033,31,3.5806451612903225,2026-03-05,40,0.775
h034,50,3.94,2026-03-05,60,0.8333333333333334
h035,66,3.909090909090909,2026-03-05,70,0.9428571428571428
h036,33,3.5757575757575757,2026-03-05,40,0.825
h037,30,4.233333333333333,2026-03-05,40,0.75
h038,29,3.7586206896551726,2026-03-05,30,0.9666666666666667
h039,66,3.6363636363636362,2026-03-05,70,0.9428571428571428
h040,38,3.6315789473684212,2026-03-05,50,0.76
h041,37,3.7837837837837838,2026-03-05,40,0.925
h042,45,3.8222222222222224,2026-03-05,50,0.9
h043,55,3.9272727272727272,2026-03-05,60,0.9166666666666666
h044,44,3.727272727272727,2026-03-05,50,0.88
h045,46,3.869565217391304,2026-03-05,50,0.92
h046,44,4.340909090909091,2026-03-05,50,0.88
h047,34,3.676470588235294,2026-03-05,40,0.85
h048,34,4.0588235294117645,2026-03-05,40,0.85
h049,48,4.083333333333333,2026-03-05,60,0.8
h050,36,3.861111111111111,2026-03-05,40,0.9
h001,64,3.890625,2026-03-06,70,0.9142857142857143
h002,28,3.75,2026-03-06,30,0.9333333333333333
h003,31,3.5806451612903225,2026-03-06,40,0.775
h004,34,4.088235294117647,2026-03-06,40,0.85
h005,36,3.6944444444444446,2026-03-06,40,0.9
h006,55,3.690909090909091,2026-03-06,70,0.7857142857142857
h007,35,3.6857142857142855,2026-03-06,40,0.875
h008,37,4.243243243243243,2026-03-06,40,0.925
h009,43,3.9302325581395348,2026-03-06,50,0.86
h010,34,3.911764705882353,2026-03-06,40,0.85
h011,53,4.113207547169812,2026-03-06,60,0.8833333333333333
h012,40,4.025,2026-03-06,50,0.8
h013,46,3.8260869565217392,2026-03-06,50,0.92
h014,54,3.8703703703703702,2026-03-06,60,0.9
h015,54,3.685185185185185,2026-03-06,60,0.9
h016,73,3.73972602739726,2026-03-06,80,0.9125
h017,47,4.127659574468085,2026-03-06,50,0.94
h018,56,3.767857142857143,2026-03-06,60,0.9333333333333333
h019,40,3.625,2026-03-06,50,0.8
h020,50,3.98,2026-03-06,60,0.8333333333333334
h021,46,3.9565217391304346,2026-03-06,50,0.92
h022,26,3.5384615384615383,2026-03-06,30,0.8666666666666667
h023,24,4.125,2026-03-06,30,0.8
h024,55,3.672727272727273,2026-03-06,60,0.9166666666666666
h025,38,3.763157894736842,2026-03-06,40,0.95
h026,45,4.022222222222222,2026-03-06,50,0.9
h027,56,4.017857142857143,2026-03-06,60,0.9333333333333333
h028,39,3.7948717948717947,2026-03-06,40,0.975
h029,24,3.625,2026-03-06,30,0.8
h030,49,3.7755102040816326,2026-03-06,60,0.8166666666666667
h031,56,4.0,2026-03-06,60,0.9333333333333333
h032,37,3.810810810810811,2026-03-06,40,0.925
h033,31,3.5806451612903225,2026-03-06,40,0.775
h034,51,3.9215686274509802,2026-03-06,60,0.85
h035,67,3.8805970149253732,2026-03-06,70,0.9571428571428572
h036,33,3.5757575757575757,2026-03-06,40,0.825
h037,29,4.206896551724138,2026-03-06,40,0.725
h038,29,3.7586206896551726,2026-03-06,30,0.9666666666666667
h039,66,3.6363636363636362,2026-03-06,70,0.9428571428571428
h040,38,3.6315789473684212,2026-03-06,50,0.76
h041,37,3.7837837837837838,2026-03-06,40,0.925
h042,45,3.8222222222222224,2026-03-06,50,0.9
h043,55,3.9272727272727272,2026-03-06,60,0.9166666666666666
h044,44,3.727272727272727,2026-03-06,50,0.88
h045,46,3.869565217391304,2026-03-06,50,0.92
h046,43,4.395348837209302,2026-03-06,50,0.86
h047,34,3.676470588235294,2026-03-06,40,0.85
h048,34,4.0588235294117645,2026-03-06,40,0.85
h049,48,4.083333333333333,2026-03-06,60,0.8
h050,36,3.861111111111111,2026-03-06,40,0.9
h001,64,3.890625,2026-03-07,70,0.9142857142857143
h002,28,3.75,2026-03-07,30,0.9333333333333333
h003,31,3.5806451612903225,2026-03-07,40,0.775
h004,34,4.088235294117647,2026-03-07,40,0.85
h005,36,3.6944444444444446,2026-03-07,40,0.9
h006,55,3.690909090909091,2026-03-07,70,0.7857142857142857
h007,35,3.6857142857142855,2026-03-07,40,0.875
h008,37,4.243243243243243,2026-03-07,40,0.925
h009,42,3.880952380952381,2026-03-07,50,0.84
h010,34,3.911764705882353,2026-03-07,40,0.85
h011,53,4.113207547169812,2026-03-07,60,0.8833333333333333
h012,41,4.048780487804878,2026-03-07,50,0.82
h013,46,3.8260869565217392,2026-03-07,50,0.92
h014,54,3.8703703703703702,2026-03-07,60,0.9
h015,54,3.685185185185185,2026-03-07,60,0.9
h016,73,3.73972602739726,2026-03-07,80,0.9125
h017,47,4.127659574468085,2026-03-07,50,0.94
h018,56,3.767857142857143,2026-03-07,60,0.9333333333333333
h019,40,3.625,2026-03-07,50,0.8
h020,50,3.98,2026-03-07,60,0.8333333333333334
h021,47,4.0,2026-03-07,50,0.94
h022,26,3.5384615384615383,2026-03-07,30,0.8666666666666667
h023,24,4.125,2026-03-07,30,0.8
h024,54,3.6296296296296298,2026-03-07,60,0.9
h025,38,3.763157894736842,2026-03-07,40,0.95
h026,45,4.022222222222222,2026-03-07,50,0.9
h027,56,4.017857142857143,2026-03-07,60,0.9333333333333333
h028,39,3.7948717948717947,2026-03-07,40,0.975
h029,24,3.625,2026-03-07,30,0.8
h030,49,3.7755102040816326,2026-03-07,60,0.8166666666666667
h031,57,4.017543859649122,2026-03-07,60,0.95
h032,37,3.810810810810811,2026-03-07,40,0.925
h033,31,3.5806451612903225,2026-03-07,40,0.775
h034,51,3.9215686274509802,2026-03-07,60,0.85
h035,67,3.8805970149253732,2026-03-07,70,0.9571428571428572
h036,34,3.6470588235294117,2026-03-07,40,0.85
h037,29,4.206896551724138,2026-03-07,40,0.725
h038,29,3.7586206896551726,2026-03-07,30,0.9666666666666667
h039,67,3.611940298507463,2026-03-07,70,0.9571428571428572
h040,38,3.6315789473684212,2026-03-07,50,0.76
h041,37,3.7837837837837838,2026-03-07,40,0.925
h042,45,3.8222222222222224,2026-03-07,50,0.9
h043,55,3.9272727272727272,2026-03-07,60,0.9166666666666666
h044,44,3.727272727272727,2026-03-07,50,0.88
h045,46,3.869565217391304,2026-03-07,50,0.92
h046,43,4.395348837209302,2026-03-07,50,0.86
h047,34,3.676470588235294,2026-03-07,40,0.85
h048,34,4.0588235294117645,2026-03-07,40,0.85
h049,48,4.083333333333333,2026-03-07,60,0.8
h050,36,3.861111111111111,2026-03-07,40,0.9
h001,64,3.890625,2026-03-08,70,0.9142857142857143
h002,28,3.75,2026-03-08,30,0.9333333333333333
h003,31,3.5806451612903225,2026-03-08,40,0.775
h004,34,4.088235294117647,2026-03-08,40,0.85
h005,36,3.6944444444444446,2026-03-08,40,0.9
h006,55,3.690909090909091,2026-03-08,70,0.7857142857142857
h007,35,3.6857142857142855,2026-03-08,40,0.875
h008,37,4.243243243243243,2026-03-08,40,0.925
h009,42,3.880952380952381,2026-03-08,50,0.84
h010,34,3.911764705882353,2026-03-08,40,0.85
h011,53,4.113207547169812,2026-03-08,60,0.8833333333333333
h012,41,4.048780487804878,2026-03-08,50,0.82
h013,46,3.8260869565217392,2026-03-08,50,0.92
h014,54,3.8703703703703702,2026-03-08,60,0.9
h015,54,3.685185185185185,2026-03-08,60,0.9
h016,73,3.73972602739726,2026-03-08,80,0.9125
h017,47,4.127659574468085,2026-03-08,50,0.94
h018,56,3.767857142857143,2026-03-08,60,0.9333333333333333
h019,40,3.625,2026-03-08,50,0.8
h020,51,3.9411764705882355,2026-03-08,60,0.85
h021,47,4.0,2026-03-08,50,0.94
h022,26,3.5384615384615383,2026-03-08,30,0.8666666666666667
h023,24,4.125,2026-03-08,30,0.8
h024,54,3.6296296296296298,2026-03-08,60,0.9
h025,38,3.763157894736842,2026-03-08,40,0.95
h026,45,4.022222222222222,2026-03-08,50,0.9
h027,56,4.017857142857143,2026-03-08,60,0.9333333333333333
h028,40,3.75,2026-03-08,40,1.0
h029,24,3.625,2026-03-08,30,0.8
h030,49,3.7755102040816326,2026-03-08,60,0.8166666666666667
h031,57,4.017543859649122,2026-03-08,60,0.95
h032,37,3.810810810810811,2026-03-08,40,0.925
h033,31,3.5806451612903225,2026-03-08,40,0.775
h034,51,3.9215686274509802,2026-03-08,60,0.85
h035,67,3.8805970149253732,2026-03-08,70,0.9571428571428572
h036,34,3.6470588235294117,2026-03-08,40,0.85
h037,29,4.206896551724138,2026-03-08,40,0.725
h038,29,3.7586206896551726,2026-03-08,30,0.9666666666666667
h039,67,3.611940298507463,2026-03-08,70,0.9571428571428572
h040,38,3.6315789473684212,2026-03-08,50,0.76
h041,37,3.7837837837837838,2026-03-08,40,0.925
h042,45,3.8222222222222224,2026-03-08,50,0.9
h043,55,3.9272727272727272,2026-03-08,60,0.9166666666666666
h044,44,3.727272727272727,2026-03-08,50,0.88
h045,46,3.869565217391304,2026-03-08,50,0.92
h046,43,4.395348837209302,2026-03-08,50,0.86
h047,34,3.676470588235294,2026-03-08,40,0.85
h048,34,4.0588235294117645,2026-03-08,40,0.85
h049,48,4.083333333333333,2026-03-08,60,0.8
h050,36,3.861111111111111,2026-03-08,40,0.9
h001,64,3.890625,2026-03-09,70,0.9142857142857143
h002,28,3.75,2026-03-09,30,0.9333333333333333
h003,31,3.5806451612903225,2026-03-09,40,0.775
h004,34,4.088235294117647,2026-03-09,40,0.85
h005,36,3.6944444444444446,2026-03-09,40,0.9
h006,55,3.690909090909091,2026-03-09,70,0.7857142857142857
h007,35,3.6857142857142855,2026-03-09,40,0.875
h008,37,4.243243243243243,2026-03-09,40,0.925
h009,42,3.880952380952381,2026-03-09,50,0.84
h010,34,3.911764705882353,2026-03-09,40,0.85
h011,53,4.113207547169812,2026-03-09,60,0.8833333333333333
h012,41,4.048780487804878,2026-03-09,50,0.82
h013,46,3.8260869565217392,2026-03-09,50,0.92
h014,54,3.8703703703703702,2026-03-09,60,0.9
h015,54,3.685185185185185,2026-03-09,60,0.9
h016,73,3.73972602739726,2026-03-09,80,0.9125
h017,47,4.127659574468085,2026-03-09,50,0.94
h018,56,3.767857142857143,2026-03-09,60,0.9333333333333333
h019,40,3.625,2026-03-09,50,0.8
h020,51,3.9411764705882355,2026-03-09,60,0.85
h021,47,4.0,2026-03-09,50,0.94
h022,26,3.5384615384615383,2026-03-09,30,0.8666666666666667
h023,24,4.125,2026-03-09,30,0.8
h024,54,3.6296296296296298,2026-03-09,60,0.9
h025,38,3.763157894736842,2026-03-09,40,0.95
h026,46,3.9782608695652173,2026-03-09,50,0.92
h027,56,4.017857142857143,2026-03-09,60,0.9333333333333333
h028,40,3.75,2026-03-09,40,1.0
h029,24,3.625,2026-03-09,30,0.8
h030,49,3.7755102040816326,2026-03-09,60,0.8166666666666667
h031,57,4.017543859649122,2026-03-09,60,0.95
h032,37,3.810810810810811,2026-03-09,40,0.925
h033,31,3.5806451612903225,2026-03-09,40,0.775
h034,51,3.9215686274509802,2026-03-09,60,0.85
h035,67,3.8805970149253732,2026-03-09,70,0.9571428571428572
h036,34,3.6470588235294117,2026-03-09,40,0.85
h037,29,4.206896551724138,2026-03-09,40,0.725
h038,29,3.7586206896551726,2026-03-09,30,0.9666666666666667
h039,67,3.611940298507463,2026-03-09,70,0.9571428571428572
h040,38,3.6315789473684212,2026-03-09,50,0.76
h041,37,3.7837837837837838,2026-03-09,40,0.925
h042,45,3.8222222222222224,2026-03-09,50,0.9
h043,55,3.9272727272727272,2026-03-09,60,0.9166666666666666
h044,44,3.727272727272727,2026-03-09,50,0.88
h045,46,3.869565217391304,2026-03-09,50,0.92
h046,43,4.395348837209302,2026-03-09,50,0.86
h047,34,3.676470588235294,2026-03-09,40,0.85
h048,34,4.0588235294117645,2026-03-09,40,0.85
h049,48,4.083333333333333,2026-03-09,60,0.8
h050,36,3.861111111111111,2026-03-09,40,0.9
h001,64,3.890625,2026-03-10,70,0.9142857142857143
h002,28,3.75,2026-03-10,30,0.9333333333333333
h003,31,3.5806451612903225,2026-03-10,40,0.775
h004,34,4.088235294117647,2026-03-10,40,0.85
h005,36,3.6944444444444446,2026-03-10,40,0.9
h006,55,3.690909090909091,2026-03-10,70,0.7857142857142857
h007,35,3.6857142857142855,2026-03-10,40,0.875
h008,37,4.243243243243243,2026-03-10,40,0.925
h009,42,3.880952380952381,2026-03-10,50,0.84
h010,34,3.911764705882353,2026-03-10,40,0.85
h011,52,4.134615384615385,2026-03-10,60,0.8666666666666667
h012,41,4.048780487804878,2026-03-10,50,0.82
h013,46,3.8260869565217392,2026-03-10,50,0.92
h014,54,3.8703703703703702,2026-03-10,60,0.9
h015,54,3.685185185185185,2026-03-10,60,0.9
h016,73,3.73972602739726,2026-03-10,80,0.9125
h017,47,4.127659574468085,2026-03-10,50,0.94
h018,56,3.767857142857143,2026-03-10,60,0.9333333333333333
h019,40,3.625,2026-03-10,50,0.8
h020,52,3.923076923076923,2026-03-10,60,0.8666666666666667
h021,47,4.0,2026-03-10,50,0.94
h022,26,3.5384615384615383,2026-03-10,30,0.8666666666666667
h023,24,4.125,2026-03-10,30,0.8
h024,54,3.6296296296296298,2026-03-10,60,0.9
h025,38,3.763157894736842,2026-03-10,40,0.95
h026,46,3.9782608695652173,2026-03-10,50,0.92
h027,56,4.017857142857143,2026-03-10,60,0.9333333333333333
h028,41,3.7804878048780486,2026-03-10,40,1.0
h029,24,3.625,2026-03-10,30,0.8
h030,49,3.7755102040816326,2026-03-10,60,0.8166666666666667
h031,57,4.017543859649122,2026-03-10,60,0.95
h032,37,3.810810810810811,2026-03-10,40,0.925
h033,31,3.5806451612903225,2026-03-10,40,0.775
h034,51,3.9215686274509802,2026-03-10,60,0.85
h035,67,3.8805970149253732,2026-03-10,70,0.9571428571428572
h036,34,3.6470588235294117,2026-03-10,40,0.85
h037,29,4.206896551724138,2026-03-10,40,0.725
h038,29,3.7586206896551726,2026-03-10,30,0.9666666666666667
h039,67,3.611940298507463,2026-03-10,70,0.9571428571428572
h040,38,3.6315789473684212,2026-03-10,50,0.76
h041,37,3.7837837837837838,2026-03-10,40,0.925
h042,46,3.8260869565217392,2026-03-10,50,0.92
h043,55,3.9272727272727272,2026-03-10,60,0.9166666666666666
h044,45,3.7555555555555555,2026-03-10,50,0.9
h045,46,3.869565217391304,2026-03-10,50,0.92
h046,43,4.395348837209302,2026-03-10,50,0.86
h047,34,3.676470588235294,2026-03-10,40,0.85
h048,34,4.0588235294117645,2026-03-10,40,0.85
h049,47,4.0638297872340425,2026-03-10,60,0.7833333333333333
h050,36,3.861111111111111,2026-03-10,40,0.9
h001,64,3.890625,2026-03-11,70,0.9142857142857143
h002,28,3.75,2026-03-11,30,0.9333333333333333
h003,31,3.5806451612903225,2026-03-11,40,0.775
h004,34,4.088235294117647,2026-03-11,40,0.85
h005,36,3.6944444444444446,2026-03-11,40,0.9
h006,55,3.690909090909091,2026-03-11,70,0.7857142857142857
h007,35,3.6857142857142855,2026-03-11,40,0.875
h008,37,4.243243243243243,2026-03-11,40,0.925
h009,42,3.880952380952381,2026-03-11,50,0.84
h010,34,3.911764705882353,2026-03-11,40,0.85
h011,52,4.134615384615385,2026-03-11,60,0.8666666666666667
h012,41,4.048780487804878,2026-03-11,50,0.82
h013,46,3.8260869565217392,2026-03-11,50,0.92
h014,54,3.8703703703703702,2026-03-11,60,0.9
h015,55,3.690909090909091,2026-03-11,60,0.9166666666666666
h016,73,3.73972602739726,2026-03-11,80,0.9125
h017,47,4.127659574468085,2026-03-11,50,0.94
h018,56,3.767857142857143,2026-03-11,60,0.9333333333333333
h019,40,3.625,2026-03-11,50,0.8
h020,52,3.923076923076923,2026-03-11,60,0.8666666666666667
h021,47,4.0,2026-03-11,50,0.94
h022,26,3.5384615384615383,2026-03-11,30,0.8666666666666667
h023,24,4.125,2026-03-11,30,0.8
h024,54,3.6296296296296298,2026-03-11,60,0.9
h025,38,3.763157894736842,2026-03-11,40,0.95
h026,46,3.9782608695652173,2026-03-11,50,0.92
h027,56,4.017857142857143,2026-03-11,60,0.9333333333333333
h028,41,3.7804878048780486,2026-03-11,40,1.0
h029,24,3.625,2026-03-11,30,0.8
h030,49,3.7755102040816326,2026-03-11,60,0.8166666666666667
h031,57,4.017543859649122,2026-03-11,60,0.95
h032,37,3.810810810810811,2026-03-11,40,0.925
h033,31,3.5806451612903225,2026-03-11,40,0.775
h034,52,3.9423076923076925,2026-03-11,60,0.8666666666666667
h035,67,3.8805970149253732,2026-03-11,70,0.9571428571428572
h036,34,3.6470588235294117,2026-03-11,40,0.85
h037,29,4.206896551724138,2026-03-11,40,0.725
h038,29,3.7586206896551726,2026-03-11,30,0.9666666666666667
h039,67,3.611940298507463,2026-03-11,70,0.9571428571428572
h040,38,3.6315789473684212,2026-03-11,50,0.76
h041,37,3.7837837837837838,2026-03-11,40,0.925
h042,46,3.8260869565217392,2026-03-11,50,0.92
h043,55,3.9272727272727272,2026-03-11,60,0.9166666666666666
h044,45,3.7555555555555555,2026-03-11,50,0.9
h045,46,3.869565217391304,2026-03-11,50,0.92
h046,43,4.395348837209302,2026-03-11,50,0.86
h047,34,3.676470588235294,2026-03-11,40,0.85
h048,34,4.0588235294117645,2026-03-11,40,0.85
h049,47,4.0638297872340425,2026-03-11,60,0.7833333333333333
h050,36,3.861111111111111,2026-03-11,40,0.9
h001,64,3.890625,2026-03-12,70,0.9142857142857143
h002,28,3.75,2026-03-12,30,0.9333333333333333
h003,31,3.5806451612903225,2026-03-12,40,0.775
h004,34,4.088235294117647,2026-03-12,40,0.85
h005,36,3.6944444444444446,2026-03-12,40,0.9
h006,55,3.690909090909091,2026-03-12,70,0.7857142857142857
h007,35,3.6857142857142855,2026-03-12,40,0.875
h008,37,4.243243243243243,2026-03-12,40,0.925
h009,42,3.880952380952381,2026-03-12,50,0.84
h010,34,3.911764705882353,2026-03-12,40,0.85
h011,52,4.134615384615385,2026-03-12,60,0.8666666666666667
h012,41,4.048780487804878,2026-03-12,50,0.82
h013,46,3.8260869565217392,2026-03-12,50,0.92
h014,54,3.8703703703703702,2026-03-12,60,0.9
h015,55,3.690909090909091,2026-03-12,60,0.9166666666666666
h016,73,3.73972602739726,2026-03-12,80,0.9125
h017,47,4.127659574468085,2026-03-12,50,0.94
h018,56,3.767857142857143,2026-03-12,60,0.9333333333333333
h019,40,3.625,2026-03-12,50,0.8
h020,52,3.923076923076923,2026-03-12,60,0.8666666666666667
h021,47,4.0,2026-03-12,50,0.94
h022,26,3.5384615384615383,2026-03-12,30,0.8666666666666667
h023,24,4.125,2026-03-12,30,0.8
h024,54,3.6296296296296298,2026-03-12,60,0.9
h025,38,3.763157894736842,2026-03-12,40,0.95
h026,46,3.9782608695652173,2026-03-12,50,0.92
h027,56,4.017857142857143,2026-03-12,60,0.9333333333333333
h028,41,3.7804878048780486,2026-03-12,40,1.0
h029,24,3.625,2026-03-12,30,0.8
h030,49,3.7755102040816326,2026-03-12,60,0.8166666666666667
h031,57,4.017543859649122,2026-03-12,60,0.95
h032,37,3.810810810810811,2026-03-12,40,0.925
h033,31,3.5806451612903225,2026-03-12,40,0.775
h034,52,3.9423076923076925,2026-03-12,60,0.8666666666666667
h035,67,3.8805970149253732,2026-03-12,70,0.9571428571428572
h036,34,3.6470588235294117,2026-03-12,40,0.85
h037,29,4.206896551724138,2026-03-12,40,0.725
h038,29,3.7586206896551726,2026-03-12,30,0.9666666666666667
h039,67,3.611940298507463,2026-03-12,70,0.9571428571428572
h040,38,3.6315789473684212,2026-03-12,50,0.76
h041,37,3.7837837837837838,2026-03-12,40,0.925
h042,45,3.8,2026-03-12,50,0.9
h043,54,3.9444444444444446,2026-03-12,60,0.9
h044,45,3.7555555555555555,2026-03-12,50,0.9
h045,46,3.869565217391304,2026-03-12,50,0.92
h046,43,4.395348837209302,2026-03-12,50,0.86
h047,34,3.676470588235294,2026-03-12,40,0.85
h048,34,4.0588235294117645,2026-03-12,40,0.85
h049,47,4.0638297872340425,2026-03-12,60,0.7833333333333333
h050,36,3.861111111111111,2026-03-12,40,0.9
h001,64,3.890625,2026-03-13,70,0.9142857142857143
h002,28,3.75,2026-03-13,30,0.9333333333333333
h003,31,3.5806451612903225,2026-03-13,40,0.775
h004,34,4.088235294117647,2026-03-13,40,0.85
h005,37,3.7027027027027026,2026-03-13,40,0.925
h006,55,3.690909090909091,2026-03-13,70,0.7857142857142857
h007,35,3.6857142857142855,2026-03-13,40,0.875
h008,37,4.243243243243243,2026-03-13,40,0.925
h009,42,3.880952380952381,2026-03-13,50,0.84
h010,34,3.911764705882353,2026-03-13,40,0.85
h011,52,4.134615384615385,2026-03-13,60,0.8666666666666667
h012,41,4.048780487804878,2026-03-13,50,0.82
h013,46,3.8260869565217392,2026-03-13,50,0.92
h014,54,3.8703703703703702,2026-03-13,60,0.9
h015,55,3.690909090909091,2026-03-13,60,0.9166666666666666
h016,73,3.73972602739726,2026-03-13,80,0.9125
h017,46,4.108695652173913,2026-03-13,50,0.92
h018,56,3.767857142857143,2026-03-13,60,0.9333333333333333
h019,40,3.625,2026-03-13,50,0.8
h020,52,3.923076923076923,2026-03-13,60,0.8666666666666667
h021,47,4.0,2026-03-13,50,0.94
h022,25,3.52,2026-03-13,30,0.8333333333333334
h023,25,4.08,2026-03-13,30,0.8333333333333334
h024,54,3.6296296296296298,2026-03-13,60,0.9
h025,38,3.763157894736842,2026-03-13,40,0.95
h026,45,3.977777777777778,2026-03-13,50,0.9
h027,55,4.0,2026-03-13,60,0.9166666666666666
h028,41,3.7804878048780486,2026-03-13,40,1.0
h029,24,3.625,2026-03-13,30,0.8
h030,49,3.7755102040816326,2026-03-13,60,0.8166666666666667
h031,57,4.017543859649122,2026-03-13,60,0.95
h032,37,3.810810810810811,2026-03-13,40,0.925
h033,31,3.5806451612903225,2026-03-13,40,0.775
h034,52,3.9423076923076925,2026-03-13,60,0.8666666666666667
h035,67,3.8805970149253732,2026-03-13,70,0.9571428571428572
h036,34,3.6470588235294117,2026-03-13,40,0.85
h037,29,4.206896551724138,2026-03-13,40,0.725
h038,29,3.7586206896551726,2026-03-13,30,0.9666666666666667
h039,67,3.611940298507463,2026-03-13,70,0.9571428571428572
h040,38,3.6315789473684212,2026-03-13,50,0.76
h041,37,3.7837837837837838,2026-03-13,40,0.925
h042,45,3.8,2026-03-13,50,0.9
h043,54,3.9444444444444446,2026-03-13,60,0.9
h044,46,3.760869565217391,2026-03-13,50,0.92
h045,46,3.869565217391304,2026-03-13,50,0.92
h046,43,4.395348837209302,2026-03-13,50,0.86
h047,34,3.676470588235294,2026-03-13,40,0.85
h048,34,4.0588235294117645,2026-03-13,40,0.85
h049,47,4.0638297872340425,2026-03-13,60,0.7833333333333333
h050,36,3.861111111111111,2026-03-13,40,0.9
h001,64,3.890625,2026-03-14,70,0.9142857142857143
h002,28,3.75,2026-03-14,30,0.9333333333333333
h003,31,3.5806451612903225,2026-03-14,40,0.775
h004,34,4.088235294117647,2026-03-14,40,0.85
h005,37,3.7027027027027026,2026-03-14,40,0.925
h006,55,3.690909090909091,2026-03-14,70,0.7857142857142857
h007,35,3.6857142857142855,2026-03-14,40,0.875
h008,37,4.243243243243243,2026-03-14,40,0.925
h009,42,3.880952380952381,2026-03-14,50,0.84
h010,34,3.911764705882353,2026-03-14,40,0.85
h011,51,4.176470588235294,2026-03-14,60,0.85
h012,41,4.048780487804878,2026-03-14,50,0.82
h013,46,3.8260869565217392,2026-03-14,50,0.92
h014,54,3.8703703703703702,2026-03-14,60,0.9
h015,55,3.690909090909091,2026-03-14,60,0.9166666666666666
h016,73,3.73972602739726,2026-03-14,80,0.9125
h017,46,4.108695652173913,2026-03-14,50,0.92
h018,56,3.767857142857143,2026-03-14,60,0.9333333333333333
h019,40,3.625,2026-03-14,50,0.8
h020,52,3.923076923076923,2026-03-14,60,0.8666666666666667
h021,47,4.0,2026-03-14,50,0.94
h022,25,3.52,2026-03-14,30,0.8333333333333334
h023,25,4.08,2026-03-14,30,0.8333333333333334
h024,54,3.6296296296296298,2026-03-14,60,0.9
h025,38,3.763157894736842,2026-03-14,40,0.95
h026,45,4.022222222222222,2026-03-14,50,0.9
h027,55,4.0,2026-03-14,60,0.9166666666666666
h028,41,3.7804878048780486,2026-03-14,40,1.0
h029,24,3.625,2026-03-14,30,0.8
h030,49,3.7755102040816326,2026-03-14,60,0.8166666666666667
h031,57,4.017543859649122,2026-03-14,60,0.95
h032,37,3.810810810810811,2026-03-14,40,0.925
h033,31,3.5806451612903225,2026-03-14,40,0.775
h034,52,3.9423076923076925,2026-03-14,60,0.8666666666666667
h035,67,3.8805970149253732,2026-03-14,70,0.9571428571428572
h036,34,3.6470588235294117,2026-03-14,40,0.85
h037,28,4.178571428571429,2026-03-14,40,0.7
h038,29,3.7586206896551726,2026-03-14,30,0.9666666666666667
h039,68,3.6470588235294117,2026-03-14,70,0.9714285714285714
h040,38,3.6315789473684212,2026-03-14,50,0.76
h041,37,3.7837837837837838,2026-03-14,40,0.925
h042,45,3.8,2026-03-14,50,0.9
h043,54,3.9444444444444446,2026-03-14,60,0.9
h044,46,3.760869565217391,2026-03-14,50,0.92
h045,47,3.8297872340425534,2026-03-14,50,0.94
h046,43,4.395348837209302,2026-03-14,50,0.86
h047,34,3.676470588235294,2026-03-14,40,0.85
h048,34,4.0588235294117645,2026-03-14,40,0.85
h049,47,4.0638297872340425,2026-03-14,60,0.7833333333333333
h050,36,3.861111111111111,2026-03-14,40,0.9
h001,64,3.890625,2026-03-15,70,0.9142857142857143
h002,28,3.75,2026-03-15,30,0.9333333333333333
h003,31,3.5806451612903225,2026-03-15,40,0.775
h004,34,4.088235294117647,2026-03-15,40,0.85
h005,37,3.7027027027027026,2026-03-15,40,0.925
h006,55,3.690909090909091,2026-03-15,70,0.7857142857142857
h007,35,3.6857142857142855,2026-03-15,40,0.875
h008,37,4.243243243243243,2026-03-15,40,0.925
h009,42,3.880952380952381,2026-03-15,50,0.84
h010,34,3.911764705882353,2026-03-15,40,0.85
h011,51,4.176470588235294,2026-03-15,60,0.85
h012,41,4.048780487804878,2026-03-15,50,0.82
h013,46,3.8260869565217392,2026-03-15,50,0.92
h014,55,3.890909090909091,2026-03-15,60,0.9166666666666666
h015,55,3.690909090909091,2026-03-15,60,0.9166666666666666
h016,73,3.73972602739726,2026-03-15,80,0.9125
h017,46,4.108695652173913,2026-03-15,50,0.92
h018,56,3.767857142857143,2026-03-15,60,0.9333333333333333
h019,40,3.625,2026-03-15,50,0.8
h020,52,3.923076923076923,2026-03-15,60,0.8666666666666667
h021,47,4.0,2026-03-15,50,0.94
h022,25,3.52,2026-03-15,30,0.8333333333333334
h023,25,4.08,2026-03-15,30,0.8333333333333334
h024,54,3.6296296296296298,2026-03-15,60,0.9
h025,38,3.763157894736842,2026-03-15,40,0.95
h026,45,4.022222222222222,2026-03-15,50,0.9
h027,56,4.0,2026-03-15,60,0.9333333333333333
h028,41,3.7804878048780486,2026-03-15,40,1.0
h029,24,3.625,2026-03-15,30,0.8
h030,49,3.7755102040816326,2026-03-15,60,0.8166666666666667
h031,57,4.017543859649122,2026-03-15,60,0.95
h032,37,3.810810810810811,2026-03-15,40,0.925
h033,31,3.5806451612903225,2026-03-15,40,0.775
h034,52,3.9423076923076925,2026-03-15,60,0.8666666666666667
h035,67,3.8805970149253732,2026-03-15,70,0.9571428571428572
h036,34,3.6470588235294117,2026-03-15,40,0.85
h037,28,4.178571428571429,2026-03-15,40,0.7
h038,29,3.7586206896551726,2026-03-15,30,0.9666666666666667
h039,68,3.6470588235294117,2026-03-15,70,0.9714285714285714
h040,38,3.6315789473684212,2026-03-15,50,0.76
h041,37,3.7837837837837838,2026-03-15,40,0.925
h042,45,3.8,2026-03-15,50,0.9
h043,54,3.9444444444444446,2026-03-15,60,0.9
h044,46,3.760869565217391,2026-03-15,50,0.92
h045,47,3.8297872340425534,2026-03-15,50,0.94
h046,43,4.395348837209302,2026-03-15,50,0.86
h047,34,3.676470588235294,2026-03-15,40,0.85
h048,34,4.0588235294117645,2026-03-15,40,0.85
h049,47,4.0638297872340425,2026-03-15,60,0.7833333333333333
h050,36,3.861111111111111,2026-03-15,40,0.9
h001,65,3.9076923076923076,2026-03-16,70,0.9285714285714286
h002,28,3.75,2026-03-16,30,0.9333333333333333
h003,31,3.5806451612903225,2026-03-16,40,0.775
h004,34,4.088235294117647,2026-03-16,40,0.85
h005,37,3.7027027027027026,2026-03-16,40,0.925
h006,55,3.690909090909091,2026-03-16,70,0.7857142857142857
h007,35,3.6857142857142855,2026-03-16,40,0.875
h008,37,4.243243243243243,2026-03-16,40,0.925
h009,42,3.880952380952381,2026-03-16,50,0.84
h010,34,3.911764705882353,2026-03-16,40,0.85
h011,51,4.176470588235294,2026-03-16,60,0.85
h012,41,4.048780487804878,2026-03-16,50,0.82
h013,46,3.8260869565217392,2026-03-16,50,0.92
h014,55,3.890909090909091,2026-03-16,60,0.9166666666666666
h015,55,3.690909090909091,2026-03-16,60,0.9166666666666666
h016,73,3.73972602739726,2026-03-16,80,0.9125
h017,46,4.108695652173913,2026-03-16,50,0.92
h018,57,3.789473684210526,2026-03-16,60,0.95
h019,40,3.625,2026-03-16,50,0.8
h020,52,3.923076923076923,2026-03-16,60,0.8666666666666667
h021,47,4.0,2026-03-16,50,0.94
h022,25,3.52,2026-03-16,30,0.8333333333333334
h023,25,4.08,2026-03-16,30,0.8333333333333334
h024,54,3.6296296296296298,2026-03-16,60,0.9
h025,38,3.763157894736842,2026-03-16,40,0.95
h026,45,4.022222222222222,2026-03-16,50,0.9
h027,56,4.0,2026-03-16,60,0.9333333333333333
h028,41,3.7804878048780486,2026-03-16,40,1.0
h029,24,3.625,2026-03-16,30,0.8
h030,49,3.7755102040816326,2026-03-16,60,0.8166666666666667
h031,57,4.017543859649122,2026-03-16,60,0.95
h032,37,3.810810810810811,2026-03-16,40,0.925
h033,31,3.5806451612903225,2026-03-16,40,0.775
h034,52,3.9423076923076925,2026-03-16,60,0.8666666666666667
h035,67,3.8805970149253732,2026-03-16,70,0.9571428571428572
h036,34,3.6470588235294117,2026-03-16,40,0.85
h037,28,4.178571428571429,2026-03-16,40,0.7
h038,29,3.7586206896551726,2026-03-16,30,0.9666666666666667
h039,68,3.6470588235294117,2026-03-16,70,0.9714285714285714
h040,38,3.6315789473684212,2026-03-16,50,0.76
h041,37,3.7837837837837838,2026-03-16,40,0.925
h042,45,3.8,2026-03-16,50,0.9
h043,54,3.9444444444444446,2026-03-16,60,0.9
h044,46,3.760869565217391,2026-03-16,50,0.92
h045,47,3.8297872340425534,2026-03-16,50,0.94
h046,42,4.404761904761905,2026-03-16,50,0.84
h047,34,3.676470588235294,2026-03-16,40,0.85
h048,33,4.151515151515151,2026-03-16,40,0.825
h049,47,4.0638297872340425,2026-03-16,60,0.7833333333333333
h050,36,3.861111111111111,2026-03-16,40,0.9
h001,65,3.9076923076923076,2026-03-17,70,0.9285714285714286
h002,28,3.75,2026-03-17,30,0.9333333333333333
h003,31,3.5806451612903225,2026-03-17,40,0.775
h004,34,4.088235294117647,2026-03-17,40,0.85
h005,37,3.7027027027027026,2026-03-17,40,0.925
h006,55,3.690909090909091,2026-03-17,70,0.7857142857142857
h007,35,3.6857142857142855,2026-03-17,40,0.875
h008,37,4.243243243243243,2026-03-17,40,0.925
h009,42,3.880952380952381,2026-03-17,50,0.84
h010,34,3.911764705882353,2026-03-17,40,0.85
h011,52,4.211538461538462,2026-03-17,60,0.8666666666666667
h012,41,4.048780487804878,2026-03-17,50,0.82
h013,46,3.8260869565217392,2026-03-17,50,0.92
h014,55,3.890909090909091,2026-03-17,60,0.9166666666666666
h015,55,3.690909090909091,2026-03-17,60,0.9166666666666666
h016,73,3.73972602739726,2026-03-17,80,0.9125
h017,46,4.108695652173913,2026-03-17,50,0.92
h018,57,3.789473684210526,2026-03-17,60,0.95
h019,40,3.625,2026-03-17,50,0.8
h020,52,3.923076923076923,2026-03-17,60,0.8666666666666667
h021,47,4.0,2026-03-17,50,0.94
h022,25,3.52,2026-03-17,30,0.8333333333333334
h023,25,4.08,2026-03-17,30,0.8333333333333334
h024,54,3.6296296296296298,2026-03-17,60,0.9
h025,38,3.763157894736842,2026-03-17,40,0.95
h026,45,4.022222222222222,2026-03-17,50,0.9
h027,56,4.0,2026-03-17,60,0.9333333333333333
h028,42,3.761904761904762,2026-03-17,40,1.0
h029,24,3.625,2026-03-17,30,0.8
h030,49,3.7755102040816326,2026-03-17,60,0.8166666666666667
h031,57,4.017543859649122,2026-03-17,60,0.95
h032,37,3.810810810810811,2026-03-17,40,0.925
h033,32,3.625,2026-03-17,40,0.8
h034,52,3.9423076923076925,2026-03-17,60,0.8666666666666667
h035,67,3.8805970149253732,2026-03-17,70,0.9571428571428572
h036,34,3.6470588235294117,2026-03-17,40,0.85
h037,28,4.178571428571429,2026-03-17,40,0.7
h038,29,3.7586206896551726,2026-03-17,30,0.9666666666666667
h039,68,3.6470588235294117,2026-03-17,70,0.9714285714285714
h040,38,3.6315789473684212,2026-03-17,50,0.76
h041,37,3.7837837837837838,2026-03-17,40,0.925
h042,45,3.8,2026-03-17,50,0.9
h043,55,3.909090909090909,2026-03-17,60,0.9166666666666666
h044,46,3.760869565217391,2026-03-17,50,0.92
h045,47,3.8297872340425534,2026-03-17,50,0.94
h046,42,4.404761904761905,2026-03-17,50,0.84
h047,34,3.676470588235294,2026-03-17,40,0.85
h048,33,4.151515151515151,2026-03-17,40,0.825
h049,47,4.0638297872340425,2026-03-17,60,0.7833333333333333
h050,36,3.861111111111111,2026-03-17,40,0.9
h001,65,3.9076923076923076,2026-03-18,70,0.9285714285714286
h002,28,3.75,2026-03-18,30,0.9333333333333333
h003,31,3.5806451612903225,2026-03-18,40,0.775
h004,35,4.114285714285714,2026-03-18,40,0.875
h005,37,3.7027027027027026,2026-03-18,40,0.925
h006,55,3.690909090909091,2026-03-18,70,0.7857142857142857
h007,35,3.6857142857142855,2026-03-18,40,0.875
h008,37,4.243243243243243,2026-03-18,40,0.925
h009,42,3.880952380952381,2026-03-18,50,0.84
h010,34,3.911764705882353,2026-03-18,40,0.85
h011,52,4.211538461538462,2026-03-18,60,0.8666666666666667
h012,41,4.048780487804878,2026-03-18,50,0.82
h013,47,3.851063829787234,2026-03-18,50,0.94
h014,55,3.890909090909091,2026-03-18,60,0.9166666666666666
h015,55,3.690909090909091,2026-03-18,60,0.9166666666666666
h016,73,3.73972602739726,2026-03-18,80,0.9125
h017,46,4.108695652173913,2026-03-18,50,0.92
h018,56,3.767857142857143,2026-03-18,60,0.9333333333333333
h019,40,3.625,2026-03-18,50,0.8
h020,52,3.923076923076923,2026-03-18,60,0.8666666666666667
h021,47,4.0,2026-03-18,50,0.94
h022,25,3.52,2026-03-18,30,0.8333333333333334
h023,25,4.08,2026-03-18,30,0.8333333333333334
h024,54,3.6296296296296298,2026-03-18,60,0.9
h025,38,3.763157894736842,2026-03-18,40,0.95
h026,45,4.022222222222222,2026-03-18,50,0.9
h027,56,4.0,2026-03-18,60,0.9333333333333333
h028,42,3.761904761904762,2026-03-18,40,1.0
h029,24,3.625,2026-03-18,30,0.8
h030,49,3.7755102040816326,2026-03-18,60,0.8166666666666667
h031,57,4.017543859649122,2026-03-18,60,0.95
h032,37,3.810810810810811,2026-03-18,40,0.925
h033,32,3.625,2026-03-18,40,0.8
h034,52,3.9423076923076925,2026-03-18,60,0.8666666666666667
h035,67,3.8805970149253732,2026-03-18,70,0.9571428571428572
h036,34,3.6470588235294117,2026-03-18,40,0.85
h037,28,4.178571428571429,2026-03-18,40,0.7
h038,29,3.7586206896551726,2026-03-18,30,0.9666666666666667
h039,68,3.6470588235294117,2026-03-18,70,0.9714285714285714
h040,38,3.6315789473684212,2026-03-18,50,0.76
h041,37,3.7837837837837838,2026-03-18,40,0.925
h042,45,3.8,2026-03-18,50,0.9
h043,55,3.909090909090909,2026-03-18,60,0.9166666666666666
h044,46,3.760869565217391,2026-03-18,50,0.92
h045,47,3.8297872340425534,2026-03-18,50,0.94
h046,42,4.404761904761905,2026-03-18,50,0.84
h047,34,3.676470588235294,2026-03-18,40,0.85
h048,33,4.151515151515151,2026-03-18,40,0.825
h049,47,4.0638297872340425,2026-03-18,60,0.7833333333333333
h050,36,3.861111111111111,2026-03-18,40,0.9
h001,64,3.90625,2026-03-19,70,0.9142857142857143
h002,28,3.75,2026-03-19,30,0.9333333333333333
h003,31,3.5806451612903225,2026-03-19,40,0.775
h004,36,4.138888888888889,2026-03-19,40,0.9
h005,37,3.7027027027027026,2026-03-19,40,0.925
h006,55,3.690909090909091,2026-03-19,70,0.7857142857142857
h007,35,3.6857142857142855,2026-03-19,40,0.875
h008,37,4.243243243243243,2026-03-19,40,0.925
h009,42,3.880952380952381,2026-03-19,50,0.84
h010,34,3.911764705882353,2026-03-19,40,0.85
h011,52,4.211538461538462,2026-03-19,60,0.8666666666666667
h012,41,4.048780487804878,2026-03-19,50,0.82
h013,47,3.851063829787234,2026-03-19,50,0.94
h014,55,3.890909090909091,2026-03-19,60,0.9166666666666666
h015,55,3.690909090909091,2026-03-19,60,0.9166666666666666
h016,73,3.73972602739726,2026-03-19,80,0.9125
h017,46,4.108695652173913,2026-03-19,50,0.92
h018,56,3.767857142857143,2026-03-19,60,0.9333333333333333
h019,40,3.625,2026-03-19,50,0.8
h020,52,3.923076923076923,2026-03-19,60,0.8666666666666667
h021,47,4.0,2026-03-19,50,0.94
h022,25,3.52,2026-03-19,30,0.8333333333333334
h023,25,4.08,2026-03-19,30,0.8333333333333334
h024,54,3.6296296296296298,2026-03-19,60,0.9
h025,38,3.763157894736842,2026-03-19,40,0.95
h026,45,4.022222222222222,2026-03-19,50,0.9
h027,56,4.0,2026-03-19,60,0.9333333333333333
h028,42,3.761904761904762,2026-03-19,40,1.0
h029,24,3.625,2026-03-19,30,0.8
h030,49,3.7755102040816326,2026-03-19,60,0.8166666666666667
h031,57,4.017543859649122,2026-03-19,60,0.95
h032,37,3.810810810810811,2026-03-19,40,0.925
h033,32,3.625,2026-03-19,40,0.8
h034,53,3.9056603773584904,2026-03-19,60,0.8833333333333333
h035,67,3.8805970149253732,2026-03-19,70,0.9571428571428572
h036,34,3.6470588235294117,2026-03-19,40,0.85
h037,28,4.178571428571429,2026-03-19,40,0.7
h038,29,3.7586206896551726,2026-03-19,30,0.9666666666666667
h039,68,3.6470588235294117,2026-03-19,70,0.9714285714285714
h040,38,3.6315789473684212,2026-03-19,50,0.76
h041,37,3.7837837837837838,2026-03-19,40,0.925
h042,45,3.8,2026-03-19,50,0.9
h043,55,3.909090909090909,2026-03-19,60,0.9166666666666666
h044,46,3.760869565217391,2026-03-19,50,0.92
h045,47,3.8297872340425534,2026-03-19,50,0.94
h046,42,4.404761904761905,2026-03-19,50,0.84
h047,34,3.676470588235294,2026-03-19,40,0.85
h048,33,4.151515151515151,2026-03-19,40,0.825
h049,47,4.0638297872340425,2026-03-19,60,0.7833333333333333
h050,36,3.861111111111111,2026-03-19,40,0.9
h001,64,3.90625,2026-03-20,70,0.9142857142857143
h002,28,3.75,2026-03-20,30,0.9333333333333333
h003,31,3.5806451612903225,2026-03-20,40,0.775
h004,36,4.138888888888889,2026-03-20,40,0.9
h005,37,3.7027027027027026,2026-03-20,40,0.925
h006,55,3.690909090909091,2026-03-20,70,0.7857142857142857
h007,35,3.6857142857142855,2026-03-20,40,0.875
h008,37,4.243243243243243,2026-03-20,40,0.925
h009,42,3.880952380952381,2026-03-20,50,0.84
h010,34,3.911764705882353,2026-03-20,40,0.85
h011,52,4.211538461538462,2026-03-20,60,0.8666666666666667
h012,41,4.048780487804878,2026-03-20,50,0.82
h013,47,3.851063829787234,2026-03-20,50,0.94
h014,55,3.890909090909091,2026-03-20,60,0.9166666666666666
h015,55,3.690909090909091,2026-03-20,60,0.9166666666666666
h016,73,3.73972602739726,2026-03-20,80,0.9125
h017,46,4.108695652173913,2026-03-20,50,0.92
h018,56,3.767857142857143,2026-03-20,60,0.9333333333333333
h019,41,3.6341463414634148,2026-03-20,50,0.82
h020,52,3.923076923076923,2026-03-20,60,0.8666666666666667
h021,47,4.0,2026-03-20,50,0.94
h022,25,3.52,2026-03-20,30,0.8333333333333334
h023,25,4.08,2026-03-20,30,0.8333333333333334
h024,54,3.6296296296296298,2026-03-20,60,0.9
h025,38,3.763157894736842,2026-03-20,40,0.95
h026,45,4.022222222222222,2026-03-20,50,0.9
h027,56,4.0,2026-03-20,60,0.9333333333333333
h028,42,3.761904761904762,2026-03-20,40,1.0
h029,24,3.625,2026-03-20,30,0.8
h030,49,3.7755102040816326,2026-03-20,60,0.8166666666666667
h031,57,4.017543859649122,2026-03-20,60,0.95
h032,37,3.810810810810811,2026-03-20,40,0.925
h033,32,3.625,2026-03-20,40,0.8
h034,53,3.9056603773584904,2026-03-20,60,0.8833333333333333
h035,67,3.8805970149253732,2026-03-20,70,0.9571428571428572
h036,34,3.6470588235294117,2026-03-20,40,0.85
h037,28,4.178571428571429,2026-03-20,40,0.7
h038,29,3.7586206896551726,2026-03-20,30,0.9666666666666667
h039,68,3.6470588235294117,2026-03-20,70,0.9714285714285714
h040,38,3.6315789473684212,2026-03-20,50,0.76
h041,37,3.7837837837837838,2026-03-20,40,0.925
h042,45,3.8,2026-03-20,50,0.9
h043,55,3.909090909090909,2026-03-20,60,0.9166666666666666
h044,46,3.760869565217391,2026-03-20,50,0.92
h045,47,3.8297872340425534,2026-03-20,50,0.94
h046,42,4.404761904761905,2026-03-20,50,0.84
h047,34,3.676470588235294,2026-03-20,40,0.85
h048,33,4.151515151515151,2026-03-20,40,0.825
h049,47,4.0638297872340425,2026-03-20,60,0.7833333333333333
h050,36,3.861111111111111,2026-03-20,40,0.9
h001,64,3.90625,2026-03-21,70,0.9142857142857143
h002,28,3.75,2026-03-21,30,0.9333333333333333
h003,31,3.5806451612903225,2026-03-21,40,0.775
h004,36,4.138888888888889,2026-03-21,40,0.9
h005,37,3.7027027027027026,2026-03-21,40,0.925
h006,56,3.6785714285714284,2026-03-21,70,0.8
h007,35,3.6857142857142855,2026-03-21,40,0.875
h008,37,4.243243243243243,2026-03-21,40,0.925
h009,42,3.880952380952381,2026-03-21,50,0.84
h010,34,3.911764705882353,2026-03-21,40,0.85
h011,52,4.211538461538462,2026-03-21,60,0.8666666666666667
h012,41,4.048780487804878,2026-03-21,50,0.82
h013,47,3.851063829787234,2026-03-21,50,0.94
h014,55,3.890909090909091,2026-03-21,60,0.9166666666666666
h015,55,3.690909090909091,2026-03-21,60,0.9166666666666666
h016,73,3.73972602739726,2026-03-21,80,0.9125
h017,46,4.108695652173913,2026-03-21,50,0.92
h018,56,3.767857142857143,2026-03-21,60,0.9333333333333333
h019,41,3.6341463414634148,2026-03-21,50,0.82
h020,51,3.9411764705882355,2026-03-21,60,0.85
h021,47,4.0,2026-03-21,50,0.94
h022,25,3.52,2026-03-21,30,0.8333333333333334
h023,25,4.08,2026-03-21,30,0.8333333333333334
h024,54,3.6296296296296298,2026-03-21,60,0.9
h025,38,3.763157894736842,2026-03-21,40,0.95
h026,45,4.022222222222222,2026-03-21,50,0.9
h027,56,4.0,2026-03-21,60,0.9333333333333333
h028,42,3.761904761904762,2026-03-21,40,1.0
h029,24,3.625,2026-03-21,30,0.8
h030,49,3.7755102040816326,2026-03-21,60,0.8166666666666667
h031,58,4.0,2026-03-21,60,0.9666666666666667
h032,37,3.810810810810811,2026-03-21,40,0.925
h033,30,3.7666666666666666,2026-03-21,40,0.75
h034,53,3.9056603773584904,2026-03-21,60,0.8833333333333333
h035,67,3.8805970149253732,2026-03-21,70,0.9571428571428572
h036,34,3.6470588235294117,2026-03-21,40,0.85
h037,28,4.178571428571429,2026-03-21,40,0.7
h038,30,3.7666666666666666,2026-03-21,30,1.0
h039,68,3.6470588235294117,2026-03-21,70,0.9714285714285714
h040,38,3.6315789473684212,2026-03-21,50,0.76
h041,37,3.7837837837837838,2026-03-21,40,0.925
h042,45,3.8,2026-03-21,50,0.9
h043,55,3.909090909090909,2026-03-21,60,0.9166666666666666
h044,46,3.760869565217391,2026-03-21,50,0.92
h045,47,3.8297872340425534,2026-03-21,50,0.94
h046,42,4.404761904761905,2026-03-21,50,0.84
h047,34,3.676470588235294,2026-03-21,40,0.85
h048,33,4.151515151515151,2026-03-21,40,0.825
h049,47,4.0638297872340425,2026-03-21,60,0.7833333333333333
h050,36,3.861111111111111,2026-03-21,40,0.9
h001,64,3.90625,2026-03-22,70,0.9142857142857143
h002,28,3.75,2026-03-22,30,0.9333333333333333
h003,31,3.5806451612903225,2026-03-22,40,0.775
h004,36,4.138888888888889,2026-03-22,40,0.9
h005,38,3.710526315789474,2026-03-22,40,0.95
h006,56,3.6785714285714284,2026-03-22,70,0.8
h007,35,3.6857142857142855,2026-03-22,40,0.875
h008,37,4.243243243243243,2026-03-22,40,0.925
h009,42,3.880952380952381,2026-03-22,50,0.84
h010,34,3.911764705882353,2026-03-22,40,0.85
h011,52,4.211538461538462,2026-03-22,60,0.8666666666666667
h012,41,4.048780487804878,2026-03-22,50,0.82
h013,46,3.869565217391304,2026-03-22,50,0.92
h014,55,3.890909090909091,2026-03-22,60,0.9166666666666666
h015,55,3.690909090909091,2026-03-22,60,0.9166666666666666
h016,73,3.73972602739726,2026-03-22,80,0.9125
h017,46,4.108695652173913,2026-03-22,50,0.92
h018,55,3.7818181818181817,2026-03-22,60,0.9166666666666666
h019,41,3.6341463414634148,2026-03-22,50,0.82
h020,51,3.9411764705882355,2026-03-22,60,0.85
h021,47,4.0,2026-03-22,50,0.94
h022,25,3.52,2026-03-22,30,0.8333333333333334
h023,25,4.08,2026-03-22,30,0.8333333333333334
h024,54,3.6296296296296298,2026-03-22,60,0.9
h025,38,3.763157894736842,2026-03-22,40,0.95
h026,45,4.022222222222222,2026-03-22,50,0.9
h027,56,4.0,2026-03-22,60,0.9333333333333333
h028,42,3.761904761904762,2026-03-22,40,1.0
h029,24,3.625,2026-03-22,30,0.8
h030,49,3.7755102040816326,2026-03-22,60,0.8166666666666667
h031,58,4.0,2026-03-22,60,0.9666666666666667
h032,37,3.810810810810811,2026-03-22,40,0.925
h033,30,3.7666666666666666,2026-03-22,40,0.75
h034,53,3.9056603773584904,2026-03-22,60,0.8833333333333333
h035,67,3.8805970149253732,2026-03-22,70,0.9571428571428572
h036,34,3.6470588235294117,2026-03-22,40,0.85
h037,28,4.178571428571429,2026-03-22,40,0.7
h038,30,3.7666666666666666,2026-03-22,30,1.0
h039,68,3.6470588235294117,2026-03-22,70,0.9714285714285714
h040,38,3.6315789473684212,2026-03-22,50,0.76
h041,37,3.7837837837837838,2026-03-22,40,0.925
h042,45,3.8,2026-03-22,50,0.9
h043,54,3.9444444444444446,2026-03-22,60,0.9
h044,46,3.760869565217391,2026-03-22,50,0.92
h045,47,3.8297872340425534,2026-03-22,50,0.94
h046,42,4.404761904761905,2026-03-22,50,0.84
h047,34,3.676470588235294,2026-03-22,40,0.85
h048,33,4.151515151515151,2026-03-22,40,0.825
h049,47,4.0638297872340425,2026-03-22,60,0.7833333333333333
h050,36,3.861111111111111,2026-03-22,40,0.9
h001,64,3.90625,2026-03-23,70,0.9142857142857143
h002,28,3.75,2026-03-23,30,0.9333333333333333
h003,31,3.5806451612903225,2026-03-23,40,0.775
h004,36,4.138888888888889,2026-03-23,40,0.9
h005,38,3.710526315789474,2026-03-23,40,0.95
h006,56,3.6785714285714284,2026-03-23,70,0.8
h007,35,3.6857142857142855,2026-03-23,40,0.875
h008,37,4.243243243243243,2026-03-23,40,0.925
h009,42,3.880952380952381,2026-03-23,50,0.84
h010,34,3.911764705882353,2026-03-23,40,0.85
h011,52,4.211538461538462,2026-03-23,60,0.8666666666666667
h012,41,4.048780487804878,2026-03-23,50,0.82
h013,46,3.869565217391304,2026-03-23,50,0.92
h014,55,3.890909090909091,2026-03-23,60,0.9166666666666666
h015,55,3.690909090909091,2026-03-23,60,0.9166666666666666
h016,73,3.73972602739726,2026-03-23,80,0.9125
h017,46,4.108695652173913,2026-03-23,50,0.92
h018,55,3.7818181818181817,2026-03-23,60,0.9166666666666666
h019,41,3.6341463414634148,2026-03-23,50,0.82
h020,51,3.9411764705882355,2026-03-23,60,0.85
h021,47,4.0,2026-03-23,50,0.94
h022,25,3.52,2026-03-23,30,0.8333333333333334
h023,25,4.08,2026-03-23,30,0.8333333333333334
h024,54,3.6296296296296298,2026-03-23,60,0.9
h025,38,3.763157894736842,2026-03-23,40,0.95
h026,45,4.022222222222222,2026-03-23,50,0.9
h027,56,4.0,2026-03-23,60,0.9333333333333333
h028,42,3.761904761904762,2026-03-23,40,1.0
h029,24,3.625,2026-03-23,30,0.8
h030,49,3.7755102040816326,2026-03-23,60,0.8166666666666667
h031,58,4.0,2026-03-23,60,0.9666666666666667
h032,37,3.810810810810811,2026-03-23,40,0.925
h033,30,3.7666666666666666,2026-03-23,40,0.75
h034,53,3.9056603773584904,2026-03-23,60,0.8833333333333333
h035,67,3.8805970149253732,2026-03-23,70,0.9571428571428572
h036,34,3.6470588235294117,2026-03-23,40,0.85
h037,28,4.178571428571429,2026-03-23,40,0.7
h038,30,3.7666666666666666,2026-03-23,30,1.0
h039,68,3.6470588235294117,2026-03-23,70,0.9714285714285714
h040,38,3.6315789473684212,2026-03-23,50,0.76
h041,37,3.7837837837837838,2026-03-23,40,0.925
h042,45,3.8,2026-03-23,50,0.9
h043,54,3.9444444444444446,2026-03-23,60,0.9
h044,46,3.760869565217391,2026-03-23,50,0.92
h045,47,3.8297872340425534,2026-03-23,50,0.94
h046,42,4.404761904761905,2026-03-23,50,0.84
h047,34,3.676470588235294,2026-03-23,40,0.85
h048,33,4.151515151515151,2026-03-23,40,0.825
h049,47,4.0638297872340425,2026-03-23,60,0.7833333333333333
h050,36,3.861111111111111,2026-03-23,40,0.9
h001,64,3.90625,2026-03-24,70,0.9142857142857143
h002,28,3.75,2026-03-24,30,0.9333333333333333
h003,31,3.5806451612903225,2026-03-24,40,0.775
h004,36,4.138888888888889,2026-03-24,40,0.9
h005,38,3.710526315789474,2026-03-24,40,0.95
h006,56,3.6785714285714284,2026-03-24,70,0.8
h007,35,3.6857142857142855,2026-03-24,40,0.875
h008,37,4.243243243243243,2026-03-24,40,0.925
h009,42,3.880952380952381,2026-03-24,50,0.84
h010,35,3.914285714285714,2026-03-24,40,0.875
h011,52,4.211538461538462,2026-03-24,60,0.8666666666666667
h012,41,4.048780487804878,2026-03-24,50,0.82
h013,46,3.869565217391304,2026-03-24,50,0.92
h014,54,3.9074074074074074,2026-03-24,60,0.9
h015,55,3.690909090909091,2026-03-24,60,0.9166666666666666
h016,73,3.73972602739726,2026-03-24,80,0.9125
h017,46,4.108695652173913,2026-03-24,50,0.92
h018,55,3.7818181818181817,2026-03-24,60,0.9166666666666666
h019,41,3.6341463414634148,2026-03-24,50,0.82
h020,51,3.9411764705882355,2026-03-24,60,0.85
h021,47,4.0,2026-03-24,50,0.94
h022,25,3.52,2026-03-24,30,0.8333333333333334
h023,25,4.08,2026-03-24,30,0.8333333333333334
h024,54,3.6296296296296298,2026-03-24,60,0.9
h025,38,3.763157894736842,2026-03-24,40,0.95
h026,45,4.022222222222222,2026-03-24,50,0.9
h027,56,4.0,2026-03-24,60,0.9333333333333333
h028,42,3.761904761904762,2026-03-24,40,1.0
h029,24,3.625,2026-03-24,30,0.8
h030,49,3.7755102040816326,2026-03-24,60,0.8166666666666667
h031,58,4.0,2026-03-24,60,0.9666666666666667
h032,37,3.810810810810811,2026-03-24,40,0.925
h033,31,3.7419354838709675,2026-03-24,40,0.775
h034,53,3.9056603773584904,2026-03-24,60,0.8833333333333333
h035,67,3.8805970149253732,2026-03-24,70,0.9571428571428572
h036,34,3.6470588235294117,2026-03-24,40,0.85
h037,28,4.178571428571429,2026-03-24,40,0.7
h038,30,3.7666666666666666,2026-03-24,30,1.0
h039,68,3.6470588235294117,2026-03-24,70,0.9714285714285714
h040,38,3.6315789473684212,2026-03-24,50,0.76
h041,37,3.7837837837837838,2026-03-24,40,0.925
h042,46,3.782608695652174,2026-03-24,50,0.92
h043,54,3.9444444444444446,2026-03-24,60,0.9
h044,46,3.760869565217391,2026-03-24,50,0.92
h045,47,3.8297872340425534,2026-03-24,50,0.94
h046,41,4.365853658536586,2026-03-24,50,0.82
h047,34,3.676470588235294,2026-03-24,40,0.85
h048,34,4.117647058823529,2026-03-24,40,0.85
h049,47,4.0638297872340425,2026-03-24,60,0.7833333333333333
h050,37,3.7837837837837838,2026-03-24,40,0.925
h001,64,3.90625,2026-03-25,70,0.9142857142857143
h002,28,3.75,2026-03-25,30,0.9333333333333333
h003,31,3.5806451612903225,2026-03-25,40,0.775
h004,36,4.138888888888889,2026-03-25,40,0.9
h005,38,3.710526315789474,2026-03-25,40,0.95
h006,56,3.6785714285714284,2026-03-25,70,0.8
h007,35,3.6857142857142855,2026-03-25,40,0.875
h008,37,4.243243243243243,2026-03-25,40,0.925
h009,42,3.880952380952381,2026-03-25,50,0.84
h010,35,3.914285714285714,2026-03-25,40,0.875
h011,52,4.211538461538462,2026-03-25,60,0.8666666666666667
h012,41,4.048780487804878,2026-03-25,50,0.82
h013,46,3.869565217391304,2026-03-25,50,0.92
h014,53,3.9245283018867925,2026-03-25,60,0.8833333333333333
h015,55,3.690909090909091,2026-03-25,60,0.9166666666666666
h016,73,3.73972602739726,2026-03-25,80,0.9125
h017,46,4.108695652173913,2026-03-25,50,0.92
h018,55,3.7818181818181817,2026-03-25,60,0.9166666666666666
h019,41,3.6341463414634148,2026-03-25,50,0.82
h020,51,3.9411764705882355,2026-03-25,60,0.85
h021,47,4.0,2026-03-25,50,0.94
h022,25,3.52,2026-03-25,30,0.8333333333333334
h023,25,4.08,2026-03-25,30,0.8333333333333334
h024,54,3.6296296296296298,2026-03-25,60,0.9
h025,38,3.763157894736842,2026-03-25,40,0.95
h026,45,4.022222222222222,2026-03-25,50,0.9
h027,56,4.0,2026-03-25,60,0.9333333333333333
h028,42,3.761904761904762,2026-03-25,40,1.0
h029,24,3.625,2026-03-25,30,0.8
h030,49,3.7755102040816326,2026-03-25,60,0.8166666666666667
h031,58,4.0,2026-03-25,60,0.9666666666666667
h032,37,3.810810810810811,2026-03-25,40,0.925
h033,31,3.7419354838709675,2026-03-25,40,0.775
h034,53,3.9056603773584904,2026-03-25,60,0.8833333333333333
h035,67,3.8805970149253732,2026-03-25,70,0.9571428571428572
h036,34,3.6470588235294117,2026-03-25,40,0.85
h037,28,4.178571428571429,2026-03-25,40,0.7
h038,29,3.7241379310344827,2026-03-25,30,0.9666666666666667
h039,68,3.6470588235294117,2026-03-25,70,0.9714285714285714
h040,37,3.6216216216216215,2026-03-25,50,0.74
h041,37,3.7837837837837838,2026-03-25,40,0.925
h042,46,3.782608695652174,2026-03-25,50,0.92
h043,54,3.9444444444444446,2026-03-25,60,0.9
h044,46,3.760869565217391,2026-03-25,50,0.92
h045,46,3.891304347826087,2026-03-25,50,0.92
h046,41,4.365853658536586,2026-03-25,50,0.82
h047,34,3.676470588235294,2026-03-25,40,0.85
h048,34,4.117647058823529,2026-03-25,40,0.85
h049,47,4.0638297872340425,2026-03-25,60,0.7833333333333333
h050,37,3.7837837837837838,2026-03-25,40,0.925
h001,64,3.90625,2026-03-26,70,0.9142857142857143
h002,28,3.75,2026-03-26,30,0.9333333333333333
h003,32,3.59375,2026-03-26,40,0.8
h004,36,4.138888888888889,2026-03-26,40,0.9
h005,38,3.710526315789474,2026-03-26,40,0.95
h006,56,3.6785714285714284,2026-03-26,70,0.8
h007,35,3.6857142857142855,2026-03-26,40,0.875
h008,38,4.2105263157894735,2026-03-26,40,0.95
h009,43,3.9069767441860463,2026-03-26,50,0.86
h010,35,3.914285714285714,2026-03-26,40,0.875
h011,52,4.211538461538462,2026-03-26,60,0.8666666666666667
h012,41,4.048780487804878,2026-03-26,50,0.82
h013,46,3.869565217391304,2026-03-26,50,0.92
h014,54,3.9074074074074074,2026-03-26,60,0.9
h015,55,3.690909090909091,2026-03-26,60,0.9166666666666666
h016,73,3.73972602739726,2026-03-26,80,0.9125
h017,46,4.108695652173913,2026-03-26,50,0.92
h018,55,3.7818181818181817,2026-03-26,60,0.9166666666666666
h019,41,3.6341463414634148,2026-03-26,50,0.82
h020,51,3.9411764705882355,2026-03-26,60,0.85
h021,48,3.9375,2026-03-26,50,0.96
h022,25,3.52,2026-03-26,30,0.8333333333333334
h023,25,4.08,2026-03-26,30,0.8333333333333334
h024,54,3.6296296296296298,2026-03-26,60,0.9
h025,38,3.763157894736842,2026-03-26,40,0.95
h026,45,4.022222222222222,2026-03-26,50,0.9
h027,56,4.0,2026-03-26,60,0.9333333333333333
h028,42,3.761904761904762,2026-03-26,40,1.0
h029,24,3.625,2026-03-26,30,0.8
h030,50,3.72,2026-03-26,60,0.8333333333333334
h031,58,4.0,2026-03-26,60,0.9666666666666667
h032,37,3.810810810810811,2026-03-26,40,0.925
h033,31,3.7419354838709675,2026-03-26,40,0.775
h034,53,3.9056603773584904,2026-03-26,60,0.8833333333333333
h035,69,3.8550724637681157,2026-03-26,70,0.9857142857142858
h036,34,3.6470588235294117,2026-03-26,40,0.85
h037,28,4.178571428571429,2026-03-26,40,0.7
h038,29,3.7241379310344827,2026-03-26,30,0.9666666666666667
h039,68,3.6470588235294117,2026-03-26,70,0.9714285714285714
h040,37,3.6216216216216215,2026-03-26,50,0.74
h041,37,3.7837837837837838,2026-03-26,40,0.925
h042,46,3.782608695652174,2026-03-26,50,0.92
h043,54,3.9444444444444446,2026-03-26,60,0.9
h044,46,3.760869565217391,2026-03-26,50,0.92
h045,46,3.891304347826087,2026-03-26,50,0.92
h046,41,4.365853658536586,2026-03-26,50,0.82
h047,34,3.676470588235294,2026-03-26,40,0.85
h048,34,4.117647058823529,2026-03-26,40,0.85
h049,47,4.0638297872340425,2026-03-26,60,0.7833333333333333
h050,37,3.7837837837837838,2026-03-26,40,0.925
h001,64,3.90625,2026-03-27,70,0.9142857142857143
h002,28,3.75,2026-03-27,30,0.9333333333333333
h003,32,3.59375,2026-03-27,40,0.8
h004,36,4.138888888888889,2026-03-27,40,0.9
h005,38,3.710526315789474,2026-03-27,40,0.95
h006,56,3.6785714285714284,2026-03-27,70,0.8
h007,35,3.6857142857142855,2026-03-27,40,0.875
h008,38,4.2105263157894735,2026-03-27,40,0.95
h009,43,3.9069767441860463,2026-03-27,50,0.86
h010,35,3.914285714285714,2026-03-27,40,0.875
h011,52,4.211538461538462,2026-03-27,60,0.8666666666666667
h012,41,4.048780487804878,2026-03-27,50,0.82
h013,46,3.869565217391304,2026-03-27,50,0.92
h014,54,3.9074074074074074,2026-03-27,60,0.9
h015,55,3.690909090909091,2026-03-27,60,0.9166666666666666
h016,73,3.73972602739726,2026-03-27,80,0.9125
h017,46,4.108695652173913,2026-03-27,50,0.92
h018,55,3.7818181818181817,2026-03-27,60,0.9166666666666666
h019,41,3.6341463414634148,2026-03-27,50,0.82
h020,51,3.9411764705882355,2026-03-27,60,0.85
h021,48,3.9375,2026-03-27,50,0.96
h022,25,3.52,2026-03-27,30,0.8333333333333334
h023,25,4.08,2026-03-27,30,0.8333333333333334
h024,54,3.6296296296296298,2026-03-27,60,0.9
h025,38,3.763157894736842,2026-03-27,40,0.95
h026,45,4.022222222222222,2026-03-27,50,0.9
h027,56,4.0,2026-03-27,60,0.9333333333333333
h028,42,3.761904761904762,2026-03-27,40,1.0
h029,24,3.625,2026-03-27,30,0.8
h030,49,3.7142857142857144,2026-03-27,60,0.8166666666666667
h031,58,4.0,2026-03-27,60,0.9666666666666667
h032,37,3.810810810810811,2026-03-27,40,0.925
h033,31,3.7419354838709675,2026-03-27,40,0.775
h034,53,3.9056603773584904,2026-03-27,60,0.8833333333333333
h035,69,3.8550724637681157,2026-03-27,70,0.9857142857142858
h036,34,3.6470588235294117,2026-03-27,40,0.85
h037,28,4.178571428571429,2026-03-27,40,0.7
h038,29,3.7241379310344827,2026-03-27,30,0.9666666666666667
h039,68,3.6470588235294117,2026-03-27,70,0.9714285714285714
h040,37,3.6216216216216215,2026-03-27,50,0.74
h041,37,3.7837837837837838,2026-03-27,40,0.925
h042,46,3.782608695652174,2026-03-27,50,0.92
h043,54,3.9444444444444446,2026-03-27,60,0.9
h044,46,3.760869565217391,2026-03-27,50,0.92
h045,46,3.891304347826087,2026-03-27,50,0.92
h046,41,4.365853658536586,2026-03-27,50,0.82
h047,34,3.676470588235294,2026-03-27,40,0.85
h048,34,4.117647058823529,2026-03-27,40,0.85
h049,47,4.0638297872340425,2026-03-27,60,0.7833333333333333
h050,37,3.7837837837837838,2026-03-27,40,0.925
h001,64,3.90625,2026-03-28,70,0.9142857142857143
h002,28,3.75,2026-03-28,30,0.9333333333333333
h003,32,3.59375,2026-03-28,40,0.8
h004,36,4.138888888888889,2026-03-28,40,0.9
h005,38,3.710526315789474,2026-03-28,40,0.95
h006,56,3.6785714285714284,2026-03-28,70,0.8
h007,35,3.6857142857142855,2026-03-28,40,0.875
h008,38,4.2105263157894735,2026-03-28,40,0.95
h009,43,3.9069767441860463,2026-03-28,50,0.86
h010,35,3.914285714285714,2026-03-28,40,0.875
h011,52,4.211538461538462,2026-03-28,60,0.8666666666666667
h012,41,4.048780487804878,2026-03-28,50,0.82
h013,47,3.9148936170212765,2026-03-28,50,0.94
h014,54,3.9074074074074074,2026-03-28,60,0.9
h015,55,3.690909090909091,2026-03-28,60,0.9166666666666666
h016,73,3.73972602739726,2026-03-28,80,0.9125
h017,46,4.108695652173913,2026-03-28,50,0.92
h018,55,3.7818181818181817,2026-03-28,60,0.9166666666666666
h019,41,3.6341463414634148,2026-03-28,50,0.82
h020,51,3.9411764705882355,2026-03-28,60,0.85
h021,48,3.9375,2026-03-28,50,0.96
h022,25,3.52,2026-03-28,30,0.8333333333333334
h023,25,4.08,2026-03-28,30,0.8333333333333334
h024,54,3.6296296296296298,2026-03-28,60,0.9
h025,39,3.7948717948717947,2026-03-28,40,0.975
h026,45,4.022222222222222,2026-03-28,50,0.9
h027,56,4.0,2026-03-28,60,0.9333333333333333
h028,42,3.761904761904762,2026-03-28,40,1.0
h029,24,3.625,2026-03-28,30,0.8
h030,50,3.7,2026-03-28,60,0.8333333333333334
h031,58,4.0,2026-03-28,60,0.9666666666666667
h032,37,3.810810810810811,2026-03-28,40,0.925
h033,31,3.7419354838709675,2026-03-28,40,0.775
h034,53,3.9056603773584904,2026-03-28,60,0.8833333333333333
h035,69,3.8550724637681157,2026-03-28,70,0.9857142857142858
h036,34,3.6470588235294117,2026-03-28,40,0.85
h037,28,4.178571428571429,2026-03-28,40,0.7
h038,29,3.7241379310344827,2026-03-28,30,0.9666666666666667
h039,68,3.6470588235294117,2026-03-28,70,0.9714285714285714
h040,37,3.6216216216216215,2026-03-28,50,0.74
h041,37,3.7837837837837838,2026-03-28,40,0.925
h042,46,3.782608695652174,2026-03-28,50,0.92
h043,54,3.9444444444444446,2026-03-28,60,0.9
h044,46,3.760869565217391,2026-03-28,50,0.92
h045,46,3.891304347826087,2026-03-28,50,0.92
h046,41,4.365853658536586,2026-03-28,50,0.82
h047,34,3.676470588235294,2026-03-28,40,0.85
h048,34,4.117647058823529,2026-03-28,40,0.85
h049,47,4.0638297872340425,2026-03-28,60,0.7833333333333333
h050,37,3.7837837837837838,2026-03-28,40,0.925
h001,64,3.90625,2026-03-29,70,0.9142857142857143
h002,28,3.75,2026-03-29,30,0.9333333333333333
h003,33,3.606060606060606,2026-03-29,40,0.825
h004,36,4.138888888888889,2026-03-29,40,0.9
h005,38,3.710526315789474,2026-03-29,40,0.95
h006,56,3.6785714285714284,2026-03-29,70,0.8
h007,35,3.6857142857142855,2026-03-29,40,0.875
h008,38,4.2105263157894735,2026-03-29,40,0.95
h009,43,3.9069767441860463,2026-03-29,50,0.86
h010,35,3.914285714285714,2026-03-29,40,0.875
h011,52,4.211538461538462,2026-03-29,60,0.8666666666666667
h012,41,4.048780487804878,2026-03-29,50,0.82
h013,47,3.9148936170212765,2026-03-29,50,0.94
h014,54,3.9074074074074074,2026-03-29,60,0.9
h015,55,3.690909090909091,2026-03-29,60,0.9166666666666666
h016,73,3.73972602739726,2026-03-29,80,0.9125
h017,46,4.108695652173913,2026-03-29,50,0.92
h018,54,3.7962962962962963,2026-03-29,60,0.9
h019,41,3.6341463414634148,2026-03-29,50,0.82
h020,51,3.9411764705882355,2026-03-29,60,0.85
h021,48,3.9375,2026-03-29,50,0.96
h022,25,3.52,2026-03-29,30,0.8333333333333334
h023,25,4.08,2026-03-29,30,0.8333333333333334
h024,55,3.618181818181818,2026-03-29,60,0.9166666666666666
h025,39,3.7948717948717947,2026-03-29,40,0.975
h026,45,4.022222222222222,2026-03-29,50,0.9
h027,56,4.0,2026-03-29,60,0.9333333333333333
h028,42,3.761904761904762,2026-03-29,40,1.0
h029,24,3.625,2026-03-29,30,0.8
h030,50,3.7,2026-03-29,60,0.8333333333333334
h031,58,4.0,2026-03-29,60,0.9666666666666667
h032,37,3.810810810810811,2026-03-29,40,0.925
h033,31,3.7419354838709675,2026-03-29,40,0.775
h034,53,3.9056603773584904,2026-03-29,60,0.8833333333333333
h035,69,3.8550724637681157,2026-03-29,70,0.9857142857142858
h036,34,3.6470588235294117,2026-03-29,40,0.85
h037,28,4.178571428571429,2026-03-29,40,0.7
h038,29,3.7241379310344827,2026-03-29,30,0.9666666666666667
h039,68,3.6470588235294117,2026-03-29,70,0.9714285714285714
h040,37,3.6216216216216215,2026-03-29,50,0.74
h041,37,3.7837837837837838,2026-03-29,40,0.925
h042,46,3.782608695652174,2026-03-29,50,0.92
h043,55,3.890909090909091,2026-03-29,60,0.9166666666666666
h044,46,3.760869565217391,2026-03-29,50,0.92
h045,46,3.891304347826087,2026-03-29,50,0.92
h046,41,4.365853658536586,2026-03-29,50,0.82
h047,34,3.676470588235294,2026-03-29,40,0.85
h048,33,4.090909090909091,2026-03-29,40,0.825
h049,47,4.0638297872340425,2026-03-29,60,0.7833333333333333
h050,38,3.789473684210526,2026-03-29,40,0.95
h001,64,3.90625,2026-03-30,70,0.9142857142857143
h002,28,3.75,2026-03-30,30,0.9333333333333333
h003,33,3.606060606060606,2026-03-30,40,0.825
h004,37,4.081081081081081,2026-03-30,40,0.925
h005,38,3.710526315789474,2026-03-30,40,0.95
h006,56,3.6785714285714284,2026-03-30,70,0.8
h007,35,3.6857142857142855,2026-03-30,40,0.875
h008,38,4.2105263157894735,2026-03-30,40,0.95
h009,43,3.9069767441860463,2026-03-30,50,0.86
h010,35,3.914285714285714,2026-03-30,40,0.875
h011,52,4.211538461538462,2026-03-30,60,0.8666666666666667
h012,41,4.048780487804878,2026-03-30,50,0.82
h013,47,3.9148936170212765,2026-03-30,50,0.94
h014,54,3.9074074074074074,2026-03-30,60,0.9
h015,55,3.690909090909091,2026-03-30,60,0.9166666666666666
h016,73,3.73972602739726,2026-03-30,80,0.9125
h017,44,4.068181818181818,2026-03-30,50,0.88
h018,54,3.7962962962962963,2026-03-30,60,0.9
h019,41,3.6341463414634148,2026-03-30,50,0.82
h020,51,3.9411764705882355,2026-03-30,60,0.85
h021,48,3.9375,2026-03-30,50,0.96
h022,25,3.52,2026-03-30,30,0.8333333333333334
h023,25,4.08,2026-03-30,30,0.8333333333333334
h024,55,3.618181818181818,2026-03-30,60,0.9166666666666666
h025,39,3.7948717948717947,2026-03-30,40,0.975
h026,45,4.022222222222222,2026-03-30,50,0.9
h027,55,4.036363636363636,2026-03-30,60,0.9166666666666666
h028,42,3.761904761904762,2026-03-30,40,1.0
h029,24,3.625,2026-03-30,30,0.8
h030,50,3.7,2026-03-30,60,0.8333333333333334
h031,58,4.0,2026-03-30,60,0.9666666666666667
h032,37,3.810810810810811,2026-03-30,40,0.925
h033,31,3.7419354838709675,2026-03-30,40,0.775
h034,53,3.9056603773584904,2026-03-30,60,0.8833333333333333
h035,69,3.8550724637681157,2026-03-30,70,0.9857142857142858
h036,34,3.6470588235294117,2026-03-30,40,0.85
h037,28,4.178571428571429,2026-03-30,40,0.7
h038,29,3.7241379310344827,2026-03-30,30,0.9666666666666667
h039,68,3.6470588235294117,2026-03-30,70,0.9714285714285714
h040,37,3.6216216216216215,2026-03-30,50,0.74
h041,37,3.7837837837837838,2026-03-30,40,0.925
h042,46,3.782608695652174,2026-03-30,50,0.92
h043,55,3.890909090909091,2026-03-30,60,0.9166666666666666
h044,46,3.760869565217391,2026-03-30,50,0.92
h045,46,3.891304347826087,2026-03-30,50,0.92
h046,41,4.365853658536586,2026-03-30,50,0.82
h047,34,3.676470588235294,2026-03-30,40,0.85
h048,33,4.090909090909091,2026-03-30,40,0.825
h049,47,4.0638297872340425,2026-03-30,60,0.7833333333333333
h050,38,3.789473684210526,2026-03-30,40,0.95
h001,64,3.90625,2026-03-31,70,0.9142857142857143
h002,28,3.75,2026-03-31,30,0.9333333333333333
h003,33,3.606060606060606,2026-03-31,40,0.825
h004,37,4.081081081081081,2026-03-31,40,0.925
h005,38,3.710526315789474,2026-03-31,40,0.95
h006,56,3.6785714285714284,2026-03-31,70,0.8
h007,35,3.6857142857142855,2026-03-31,40,0.875
h008,38,4.2105263157894735,2026-03-31,40,0.95
h009,43,3.9069767441860463,2026-03-31,50,0.86
h010,35,3.914285714285714,2026-03-31,40,0.875
h011,52,4.211538461538462,2026-03-31,60,0.8666666666666667
h012,41,4.048780487804878,2026-03-31,50,0.82
h013,47,3.9148936170212765,2026-03-31,50,0.94
h014,54,3.9074074074074074,2026-03-31,60,0.9
h015,55,3.690909090909091,2026-03-31,60,0.9166666666666666
h016,73,3.73972602739726,2026-03-31,80,0.9125
h017,44,4.068181818181818,2026-03-31,50,0.88
h018,54,3.7962962962962963,2026-03-31,60,0.9
h019,41,3.6341463414634148,2026-03-31,50,0.82
h020,51,3.9411764705882355,2026-03-31,60,0.85
h021,48,3.9375,2026-03-31,50,0.96
h022,25,3.52,2026-03-31,30,0.8333333333333334
h023,25,4.08,2026-03-31,30,0.8333333333333334
h024,53,3.5660377358490565,2026-03-31,60,0.8833333333333333
h025,39,3.7948717948717947,2026-03-31,40,0.975
h026,45,4.022222222222222,2026-03-31,50,0.9
h027,55,4.036363636363636,2026-03-31,60,0.9166666666666666
h028,41,3.7804878048780486,2026-03-31,40,1.0
h029,24,3.625,2026-03-31,30,0.8
h030,50,3.7,2026-03-31,60,0.8333333333333334
h031,58,4.0,2026-03-31,60,0.9666666666666667
h032,37,3.810810810810811,2026-03-31,40,0.925
h033,31,3.7419354838709675,2026-03-31,40,0.775
h034,53,3.9056603773584904,2026-03-31,60,0.8833333333333333
h035,69,3.8550724637681157,2026-03-31,70,0.9857142857142858
h036,34,3.6470588235294117,2026-03-31,40,0.85
h037,28,4.178571428571429,2026-03-31,40,0.7
h038,29,3.7241379310344827,2026-03-31,30,0.9666666666666667
h039,68,3.6470588235294117,2026-03-31,70,0.9714285714285714
h040,37,3.6216216216216215,2026-03-31,50,0.74
h041,37,3.7837837837837838,2026-03-31,40,0.925
h042,46,3.782608695652174,2026-03-31,50,0.92
h043,55,3.890909090909091,2026-03-31,60,0.9166666666666666
h044,46,3.760869565217391,2026-03-31,50,0.92
h045,46,3.891304347826087,2026-03-31,50,0.92
h046,41,4.365853658536586,2026-03-31,50,0.82
h047,34,3.676470588235294,2026-03-31,40,0.85
h048,33,4.090909090909091,2026-03-31,40,0.825
h049,47,4.0638297872340425,2026-03-31,60,0.7833333333333333
h050,38,3.789473684210526,2026-03-31,40,0.95
h001,64,3.90625,2026-04-01,70,0.9142857142857143
h002,28,3.75,2026-04-01,30,0.9333333333333333
h003,33,3.606060606060606,2026-04-01,40,0.825
h004,37,4.081081081081081,2026-04-01,40,0.925
h005,38,3.710526315789474,2026-04-01,40,0.95
h006,55,3.672727272727273,2026-04-01,70,0.7857142857142857
h007,35,3.6857142857142855,2026-04-01,40,0.875
h008,38,4.2105263157894735,2026-04-01,40,0.95
h009,43,3.9069767441860463,2026-04-01,50,0.86
h010,35,3.914285714285714,2026-04-01,40,0.875
h011,52,4.211538461538462,2026-04-01,60,0.8666666666666667
h012,41,4.048780487804878,2026-04-01,50,0.82
h013,47,3.9148936170212765,2026-04-01,50,0.94
h014,54,3.9074074074074074,2026-04-01,60,0.9
h015,55,3.690909090909091,2026-04-01,60,0.9166666666666666
h016,73,3.73972602739726,2026-04-01,80,0.9125
h017,45,4.022222222222222,2026-04-01,50,0.9
h018,54,3.7962962962962963,2026-04-01,60,0.9
h019,41,3.6341463414634148,2026-04-01,50,0.82
h020,51,3.9411764705882355,2026-04-01,60,0.85
h021,48,3.9375,2026-04-01,50,0.96
h022,25,3.52,2026-04-01,30,0.8333333333333334
h023,25,4.08,2026-04-01,30,0.8333333333333334
h024,53,3.5660377358490565,2026-04-01,60,0.8833333333333333
h025,39,3.7948717948717947,2026-04-01,40,0.975
h026,45,4.022222222222222,2026-04-01,50,0.9
h027,55,4.036363636363636,2026-04-01,60,0.9166666666666666
h028,41,3.7804878048780486,2026-04-01,40,1.0
h029,24,3.625,2026-04-01,30,0.8
h030,50,3.7,2026-04-01,60,0.8333333333333334
h031,58,4.0,2026-04-01,60,0.9666666666666667
h032,37,3.810810810810811,2026-04-01,40,0.925
h033,31,3.7419354838709675,2026-04-01,40,0.775
h034,53,3.9056603773584904,2026-04-01,60,0.8833333333333333
h035,69,3.8550724637681157,2026-04-01,70,0.9857142857142858
h036,34,3.6470588235294117,2026-04-01,40,0.85
h037,28,4.178571428571429,2026-04-01,40,0.7
h038,29,3.7241379310344827,2026-04-01,30,0.9666666666666667
h039,68,3.6470588235294117,2026-04-01,70,0.9714285714285714
h040,37,3.6216216216216215,2026-04-01,50,0.74
h041,37,3.7837837837837838,2026-04-01,40,0.925
h042,46,3.782608695652174,2026-04-01,50,0.92
h043,56,3.9285714285714284,2026-04-01,60,0.9333333333333333
h044,46,3.760869565217391,2026-04-01,50,0.92
h045,46,3.891304347826087,2026-04-01,50,0.92
h046,41,4.365853658536586,2026-04-01,50,0.82
h047,34,3.676470588235294,2026-04-01,40,0.85
h048,33,4.090909090909091,2026-04-01,40,0.825
h049,47,4.0638297872340425,2026-04-01,60,0.7833333333333333
h050,38,3.789473684210526,2026-04-01,40,0.95
h001,64,3.90625,2026-04-02,70,0.9142857142857143
h002,28,3.75,2026-04-02,30,0.9333333333333333
h003,33,3.606060606060606,2026-04-02,40,0.825
h004,37,4.081081081081081,2026-04-02,40,0.925
h005,38,3.710526315789474,2026-04-02,40,0.95
h006,55,3.672727272727273,2026-04-02,70,0.7857142857142857
h007,35,3.6857142857142855,2026-04-02,40,0.875
h008,38,4.2105263157894735,2026-04-02,40,0.95
h009,43,3.9069767441860463,2026-04-02,50,0.86
h010,35,3.914285714285714,2026-04-02,40,0.875
h011,52,4.211538461538462,2026-04-02,60,0.8666666666666667
h012,41,4.048780487804878,2026-04-02,50,0.82
h013,47,3.9148936170212765,2026-04-02,50,0.94
h014,54,3.9074074074074074,2026-04-02,60,0.9
h015,55,3.690909090909091,2026-04-02,60,0.9166666666666666
h016,73,3.73972602739726,2026-04-02,80,0.9125
h017,45,4.022222222222222,2026-04-02,50,0.9
h018,54,3.7962962962962963,2026-04-02,60,0.9
h019,41,3.6341463414634148,2026-04-02,50,0.82
h020,51,3.9411764705882355,2026-04-02,60,0.85
h021,48,3.9375,2026-04-02,50,0.96
h022,25,3.52,2026-04-02,30,0.8333333333333334
h023,25,4.08,2026-04-02,30,0.8333333333333334
h024,53,3.5660377358490565,2026-04-02,60,0.8833333333333333
h025,39,3.7948717948717947,2026-04-02,40,0.975
h026,45,4.022222222222222,2026-04-02,50,0.9
h027,55,4.036363636363636,2026-04-02,60,0.9166666666666666
h028,41,3.7804878048780486,2026-04-02,40,1.0
h029,24,3.625,2026-04-02,30,0.8
h030,50,3.7,2026-04-02,60,0.8333333333333334
h031,57,4.017543859649122,2026-04-02,60,0.95
h032,37,3.810810810810811,2026-04-02,40,0.925
h033,30,3.7666666666666666,2026-04-02,40,0.75
h034,53,3.9056603773584904,2026-04-02,60,0.8833333333333333
h035,70,3.8285714285714287,2026-04-02,70,1.0
h036,34,3.6470588235294117,2026-04-02,40,0.85
h037,28,4.178571428571429,2026-04-02,40,0.7
h038,29,3.7241379310344827,2026-04-02,30,0.9666666666666667
h039,68,3.6470588235294117,2026-04-02,70,0.9714285714285714
h040,37,3.6216216216216215,2026-04-02,50,0.74
h041,37,3.7837837837837838,2026-04-02,40,0.925
h042,46,3.782608695652174,2026-04-02,50,0.92
h043,56,3.9285714285714284,2026-04-02,60,0.9333333333333333
h044,47,3.723404255319149,2026-04-02,50,0.94
h045,47,3.893617021276596,2026-04-02,50,0.94
h046,41,4.365853658536586,2026-04-02,50,0.82
h047,34,3.676470588235294,2026-04-02,40,0.85
h048,33,4.090909090909091,2026-04-02,40,0.825
h049,47,4.0638297872340425,2026-04-02,60,0.7833333333333333
h050,38,3.789473684210526,2026-04-02,40,0.95
h001,64,3.90625,2026-04-03,70,0.9142857142857143
h002,28,3.75,2026-04-03,30,0.9333333333333333
h003,33,3.606060606060606,2026-04-03,40,0.825
h004,37,4.081081081081081,2026-04-03,40,0.925
h005,38,3.710526315789474,2026-04-03,40,0.95
h006,55,3.672727272727273,2026-04-03,70,0.7857142857142857
h007,35,3.6857142857142855,2026-04-03,40,0.875
h008,38,4.2105263157894735,2026-04-03,40,0.95
h009,43,3.9069767441860463,2026-04-03,50,0.86
h010,35,3.914285714285714,2026-04-03,40,0.875
h011,52,4.211538461538462,2026-04-03,60,0.8666666666666667
h012,41,4.048780487804878,2026-04-03,50,0.82
h013,47,3.9148936170212765,2026-04-03,50,0.94
h014,54,3.9074074074074074,2026-04-03,60,0.9
h015,55,3.690909090909091,2026-04-03,60,0.9166666666666666
h016,73,3.73972602739726,2026-04-03,80,0.9125
h017,45,4.022222222222222,2026-04-03,50,0.9
h018,54,3.7962962962962963,2026-04-03,60,0.9
h019,41,3.6341463414634148,2026-04-03,50,0.82
h020,51,3.9411764705882355,2026-04-03,60,0.85
h021,48,3.9375,2026-04-03,50,0.96
h022,25,3.52,2026-04-03,30,0.8333333333333334
h023,25,4.08,2026-04-03,30,0.8333333333333334
h024,53,3.5660377358490565,2026-04-03,60,0.8833333333333333
h025,39,3.7948717948717947,2026-04-03,40,0.975
h026,46,4.0,2026-04-03,50,0.92
h027,55,4.036363636363636,2026-04-03,60,0.9166666666666666
h028,41,3.7804878048780486,2026-04-03,40,1.0
h029,24,3.625,2026-04-03,30,0.8
h030,50,3.7,2026-04-03,60,0.8333333333333334
h031,57,4.017543859649122,2026-04-03,60,0.95
h032,37,3.810810810810811,2026-04-03,40,0.925
h033,29,3.793103448275862,2026-04-03,40,0.725
h034,53,3.9056603773584904,2026-04-03,60,0.8833333333333333
h035,70,3.8285714285714287,2026-04-03,70,1.0
h036,34,3.6470588235294117,2026-04-03,40,0.85
h037,28,4.178571428571429,2026-04-03,40,0.7
h038,29,3.7241379310344827,2026-04-03,30,0.9666666666666667
h039,68,3.6470588235294117,2026-04-03,70,0.9714285714285714
h040,37,3.6216216216216215,2026-04-03,50,0.74
h041,37,3.7837837837837838,2026-04-03,40,0.925
h042,46,3.782608695652174,2026-04-03,50,0.92
h043,56,3.9285714285714284,2026-04-03,60,0.9333333333333333
h044,47,3.723404255319149,2026-04-03,50,0.94
h045,47,3.893617021276596,2026-04-03,50,0.94
h046,41,4.365853658536586,2026-04-03,50,0.82
h047,34,3.676470588235294,2026-04-03,40,0.85
h048,33,4.090909090909091,2026-04-03,40,0.825
h049,47,4.0638297872340425,2026-04-03,60,0.7833333333333333
h050,38,3.789473684210526,2026-04-03,40,0.95
h001,64,3.90625,2026-04-04,70,0.9142857142857143
h002,28,3.75,2026-04-04,30,0.9333333333333333
h003,33,3.606060606060606,2026-04-04,40,0.825
h004,37,4.081081081081081,2026-04-04,40,0.925
h005,38,3.710526315789474,2026-04-04,40,0.95
h006,55,3.672727272727273,2026-04-04,70,0.7857142857142857
h007,34,3.764705882352941,2026-04-04,40,0.85
h008,38,4.2105263157894735,2026-04-04,40,0.95
h009,43,3.9069767441860463,2026-04-04,50,0.86
h010,35,3.914285714285714,2026-04-04,40,0.875
h011,52,4.211538461538462,2026-04-04,60,0.8666666666666667
h012,41,4.048780487804878,2026-04-04,50,0.82
h013,47,3.9148936170212765,2026-04-04,50,0.94
h014,54,3.9074074074074074,2026-04-04,60,0.9
h015,55,3.690909090909091,2026-04-04,60,0.9166666666666666
h016,73,3.73972602739726,2026-04-04,80,0.9125
h017,45,4.022222222222222,2026-04-04,50,0.9
h018,55,3.7818181818181817,2026-04-04,60,0.9166666666666666
h019,41,3.6341463414634148,2026-04-04,50,0.82
h020,51,3.9411764705882355,2026-04-04,60,0.85
h021,49,3.938775510204082,2026-04-04,50,0.98
h022,25,3.52,2026-04-04,30,0.8333333333333334
h023,25,4.08,2026-04-04,30,0.8333333333333334
h024,52,3.576923076923077,2026-04-04,60,0.8666666666666667
h025,39,3.7948717948717947,2026-04-04,40,0.975
h026,46,4.0,2026-04-04,50,0.92
h027,55,4.036363636363636,2026-04-04,60,0.9166666666666666
h028,40,3.8,2026-04-04,40,1.0
h029,24,3.625,2026-04-04,30,0.8
h030,50,3.7,2026-04-04,60,0.8333333333333334
h031,57,4.017543859649122,2026-04-04,60,0.95
h032,37,3.810810810810811,2026-04-04,40,0.925
h033,29,3.793103448275862,2026-04-04,40,0.725
h034,53,3.9056603773584904,2026-04-04,60,0.8833333333333333
h035,70,3.8285714285714287,2026-04-04,70,1.0
h036,34,3.6470588235294117,2026-04-04,40,0.85
h037,28,4.178571428571429,2026-04-04,40,0.7
h038,29,3.7241379310344827,2026-04-04,30,0.9666666666666667
h039,68,3.6470588235294117,2026-04-04,70,0.9714285714285714
h040,37,3.6216216216216215,2026-04-04,50,0.74
h041,37,3.7837837837837838,2026-04-04,40,0.925
h042,46,3.782608695652174,2026-04-04,50,0.92
h043,56,3.9285714285714284,2026-04-04,60,0.9333333333333333
h044,47,3.723404255319149,2026-04-04,50,0.94
h045,47,3.893617021276596,2026-04-04,50,0.94
h046,41,4.365853658536586,2026-04-04,50,0.82
h047,34,3.676470588235294,2026-04-04,40,0.85
h048,33,4.090909090909091,2026-04-04,40,0.825
h049,47,4.0638297872340425,2026-04-04,60,0.7833333333333333
h050,38,3.789473684210526,2026-04-04,40,0.95
h001,64,3.90625,2026-04-05,70,0.9142857142857143
h002,28,3.75,2026-04-05,30,0.9333333333333333
h003,33,3.606060606060606,2026-04-05,40,0.825
h004,37,4.081081081081081,2026-04-05,40,0.925
h005,38,3.710526315789474,2026-04-05,40,0.95
h006,56,3.6785714285714284,2026-04-05,70,0.8
h007,34,3.764705882352941,2026-04-05,40,0.85
h008,38,4.2105263157894735,2026-04-05,40,0.95
h009,43,3.9069767441860463,2026-04-05,50,0.86
h010,35,3.914285714285714,2026-04-05,40,0.875
h011,52,4.211538461538462,2026-04-05,60,0.8666666666666667
h012,41,4.048780487804878,2026-04-05,50,0.82
h013,46,3.9347826086956523,2026-04-05,50,0.92
h014,54,3.9074074074074074,2026-04-05,60,0.9
h015,55,3.690909090909091,2026-04-05,60,0.9166666666666666
h016,73,3.73972602739726,2026-04-05,80,0.9125
h017,45,4.022222222222222,2026-04-05,50,0.9
h018,55,3.7818181818181817,2026-04-05,60,0.9166666666666666
h019,42,3.642857142857143,2026-04-05,50,0.84
h020,51,3.9411764705882355,2026-04-05,60,0.85
h021,49,3.938775510204082,2026-04-05,50,0.98
h022,25,3.52,2026-04-05,30,0.8333333333333334
h023,25,4.08,2026-04-05,30,0.8333333333333334
h024,52,3.576923076923077,2026-04-05,60,0.8666666666666667
h025,39,3.7948717948717947,2026-04-05,40,0.975
h026,46,4.0,2026-04-05,50,0.92
h027,55,4.036363636363636,2026-04-05,60,0.9166666666666666
h028,40,3.8,2026-04-05,40,1.0
h029,24,3.625,2026-04-05,30,0.8
h030,50,3.7,2026-04-05,60,0.8333333333333334
h031,57,4.017543859649122,2026-04-05,60,0.95
h032,37,3.810810810810811,2026-04-05,40,0.925
h033,29,3.793103448275862,2026-04-05,40,0.725
h034,53,3.9056603773584904,2026-04-05,60,0.8833333333333333
h035,70,3.8285714285714287,2026-04-05,70,1.0
h036,34,3.6470588235294117,2026-04-05,40,0.85
h037,28,4.178571428571429,2026-04-05,40,0.7
h038,29,3.7241379310344827,2026-04-05,30,0.9666666666666667
h039,68,3.6470588235294117,2026-04-05,70,0.9714285714285714
h040,37,3.6216216216216215,2026-04-05,50,0.74
h041,37,3.7837837837837838,2026-04-05,40,0.925
h042,46,3.782608695652174,2026-04-05,50,0.92
h043,56,3.9285714285714284,2026-04-05,60,0.9333333333333333
h044,47,3.723404255319149,2026-04-05,50,0.94
h045,47,3.893617021276596,2026-04-05,50,0.94
h046,41,4.365853658536586,2026-04-05,50,0.82
h047,34,3.676470588235294,2026-04-05,40,0.85
h048,33,4.090909090909091,2026-04-05,40,0.825
h049,47,4.0638297872340425,2026-04-05,60,0.7833333333333333
h050,38,3.789473684210526,2026-04-05,40,0.95
h001,64,3.90625,2026-04-06,70,0.9142857142857143
h002,28,3.75,2026-04-06,30,0.9333333333333333
h003,33,3.606060606060606,2026-04-06,40,0.825
h004,37,4.081081081081081,2026-04-06,40,0.925
h005,38,3.710526315789474,2026-04-06,40,0.95
h006,56,3.6785714285714284,2026-04-06,70,0.8
h007,34,3.764705882352941,2026-04-06,40,0.85
h008,39,4.230769230769231,2026-04-06,40,0.975
h009,43,3.9069767441860463,2026-04-06,50,0.86
h010,35,3.914285714285714,2026-04-06,40,0.875
h011,53,4.2075471698113205,2026-04-06,60,0.8833333333333333
h012,41,4.048780487804878,2026-04-06,50,0.82
h013,46,3.9347826086956523,2026-04-06,50,0.92
h014,54,3.9074074074074074,2026-04-06,60,0.9
h015,55,3.690909090909091,2026-04-06,60,0.9166666666666666
h016,73,3.73972602739726,2026-04-06,80,0.9125
h017,46,3.9565217391304346,2026-04-06,50,0.92
h018,55,3.7818181818181817,2026-04-06,60,0.9166666666666666
h019,42,3.642857142857143,2026-04-06,50,0.84
h020,51,3.9411764705882355,2026-04-06,60,0.85
h021,49,3.938775510204082,2026-04-06,50,0.98
h022,25,3.52,2026-04-06,30,0.8333333333333334
h023,25,4.08,2026-04-06,30,0.8333333333333334
h024,51,3.549019607843137,2026-04-06,60,0.85
h025,39,3.7948717948717947,2026-04-06,40,0.975
h026,46,4.0,2026-04-06,50,0.92
h027,56,4.053571428571429,2026-04-06,60,0.9333333333333333
h028,40,3.8,2026-04-06,40,1.0
h029,24,3.625,2026-04-06,30,0.8
h030,50,3.7,2026-04-06,60,0.8333333333333334
h031,57,4.017543859649122,2026-04-06,60,0.95
h032,37,3.810810810810811,2026-04-06,40,0.925
h033,29,3.793103448275862,2026-04-06,40,0.725
h034,53,3.9056603773584904,2026-04-06,60,0.8833333333333333
h035,70,3.8285714285714287,2026-04-06,70,1.0
h036,34,3.6470588235294117,2026-04-06,40,0.85
h037,28,4.178571428571429,2026-04-06,40,0.7
h038,29,3.7241379310344827,2026-04-06,30,0.9666666666666667
h039,68,3.6470588235294117,2026-04-06,70,0.9714285714285714
h040,37,3.6216216216216215,2026-04-06,50,0.74
h041,38,3.789473684210526,2026-04-06,40,0.95
h042,46,3.782608695652174,2026-04-06,50,0.92
h043,56,3.9285714285714284,2026-04-06,60,0.9333333333333333
h044,47,3.723404255319149,2026-04-06,50,0.94
h045,47,3.893617021276596,2026-04-06,50,0.94
h046,41,4.365853658536586,2026-04-06,50,0.82
h047,33,3.696969696969697,2026-04-06,40,0.825
h048,33,4.090909090909091,2026-04-06,40,0.825
h049,47,4.0638297872340425,2026-04-06,60,0.7833333333333333
h050,38,3.789473684210526,2026-04-06,40,0.95
h001,64,3.90625,2026-04-07,70,0.9142857142857143
h002,28,3.75,2026-04-07,30,0.9333333333333333
h003,33,3.606060606060606,2026-04-07,40,0.825
h004,37,4.081081081081081,2026-04-07,40,0.925
h005,38,3.710526315789474,2026-04-07,40,0.95
h006,56,3.6785714285714284,2026-04-07,70,0.8
h007,34,3.764705882352941,2026-04-07,40,0.85
h008,39,4.230769230769231,2026-04-07,40,0.975
h009,43,3.9069767441860463,2026-04-07,50,0.86
h010,35,3.914285714285714,2026-04-07,40,0.875
h011,53,4.2075471698113205,2026-04-07,60,0.8833333333333333
h012,41,4.048780487804878,2026-04-07,50,0.82
h013,46,3.9347826086956523,2026-04-07,50,0.92
h014,55,3.8727272727272726,2026-04-07,60,0.9166666666666666
h015,55,3.690909090909091,2026-04-07,60,0.9166666666666666
h016,73,3.73972602739726,2026-04-07,80,0.9125
h017,46,3.9565217391304346,2026-04-07,50,0.92
h018,55,3.7818181818181817,2026-04-07,60,0.9166666666666666
h019,42,3.642857142857143,2026-04-07,50,0.84
h020,51,3.9411764705882355,2026-04-07,60,0.85
h021,49,3.938775510204082,2026-04-07,50,0.98
h022,25,3.52,2026-04-07,30,0.8333333333333334
h023,25,4.08,2026-04-07,30,0.8333333333333334
h024,51,3.549019607843137,2026-04-07,60,0.85
h025,39,3.7948717948717947,2026-04-07,40,0.975
h026,46,4.0,2026-04-07,50,0.92
h027,56,4.053571428571429,2026-04-07,60,0.9333333333333333
h028,40,3.8,2026-04-07,40,1.0
h029,24,3.625,2026-04-07,30,0.8
h030,50,3.7,2026-04-07,60,0.8333333333333334
h031,57,4.017543859649122,2026-04-07,60,0.95
h032,37,3.810810810810811,2026-04-07,40,0.925
h033,29,3.793103448275862,2026-04-07,40,0.725
h034,53,3.9056603773584904,2026-04-07,60,0.8833333333333333
h035,70,3.8285714285714287,2026-04-07,70,1.0
h036,34,3.6470588235294117,2026-04-07,40,0.85
h037,28,4.178571428571429,2026-04-07,40,0.7
h038,29,3.7241379310344827,2026-04-07,30,0.9666666666666667
h039,68,3.6470588235294117,2026-04-07,70,0.9714285714285714
h040,39,3.717948717948718,2026-04-07,50,0.78
h041,38,3.789473684210526,2026-04-07,40,0.95
h042,46,3.782608695652174,2026-04-07,50,0.92
h043,56,3.9285714285714284,2026-04-07,60,0.9333333333333333
h044,47,3.723404255319149,2026-04-07,50,0.94
h045,47,3.893617021276596,2026-04-07,50,0.94
h046,41,4.365853658536586,2026-04-07,50,0.82
h047,33,3.696969696969697,2026-04-07,40,0.825
h048,33,4.090909090909091,2026-04-07,40,0.825
h049,47,4.0638297872340425,2026-04-07,60,0.7833333333333333
h050,37,3.7837837837837838,2026-04-07,40,0.925
h001,64,3.90625,2026-04-08,70,0.9142857142857143
h002,28,3.75,2026-04-08,30,0.9333333333333333
h003,33,3.606060606060606,2026-04-08,40,0.825
h004,37,4.081081081081081,2026-04-08,40,0.925
h005,38,3.710526315789474,2026-04-08,40,0.95
h006,56,3.6785714285714284,2026-04-08,70,0.8
h007,34,3.764705882352941,2026-04-08,40,0.85
h008,39,4.230769230769231,2026-04-08,40,0.975
h009,43,3.9069767441860463,2026-04-08,50,0.86
h010,35,3.914285714285714,2026-04-08,40,0.875
h011,53,4.2075471698113205,2026-04-08,60,0.8833333333333333
h012,41,4.048780487804878,2026-04-08,50,0.82
h013,46,3.9347826086956523,2026-04-08,50,0.92
h014,55,3.8727272727272726,2026-04-08,60,0.9166666666666666
h015,55,3.690909090909091,2026-04-08,60,0.9166666666666666
h016,73,3.73972602739726,2026-04-08,80,0.9125
h017,46,3.9565217391304346,2026-04-08,50,0.92
h018,55,3.7818181818181817,2026-04-08,60,0.9166666666666666
h019,42,3.642857142857143,2026-04-08,50,0.84
h020,51,3.9411764705882355,2026-04-08,60,0.85
h021,49,3.938775510204082,2026-04-08,50,0.98
h022,25,3.52,2026-04-08,30,0.8333333333333334
h023,25,4.08,2026-04-08,30,0.8333333333333334
h024,51,3.549019607843137,2026-04-08,60,0.85
h025,39,3.7948717948717947,2026-04-08,40,0.975
h026,46,4.0,2026-04-08,50,0.92
h027,57,4.035087719298246,2026-04-08,60,0.95
h028,40,3.8,2026-04-08,40,1.0
h029,24,3.625,2026-04-08,30,0.8
h030,50,3.7,2026-04-08,60,0.8333333333333334
h031,57,4.017543859649122,2026-04-08,60,0.95
h032,37,3.810810810810811,2026-04-08,40,0.925
h033,29,3.793103448275862,2026-04-08,40,0.725
h034,53,3.9056603773584904,2026-04-08,60,0.8833333333333333
h035,70,3.8285714285714287,2026-04-08,70,1.0
h036,34,3.6470588235294117,2026-04-08,40,0.85
h037,28,4.178571428571429,2026-04-08,40,0.7
h038,29,3.7241379310344827,2026-04-08,30,0.9666666666666667
h039,68,3.6470588235294117,2026-04-08,70,0.9714285714285714
h040,39,3.717948717948718,2026-04-08,50,0.78
h041,38,3.789473684210526,2026-04-08,40,0.95
h042,46,3.782608695652174,2026-04-08,50,0.92
h043,56,3.9285714285714284,2026-04-08,60,0.9333333333333333
h044,48,3.6875,2026-04-08,50,0.96
h045,47,3.893617021276596,2026-04-08,50,0.94
h046,42,4.333333333333333,2026-04-08,50,0.84
h047,33,3.696969696969697,2026-04-08,40,0.825
h048,33,4.090909090909091,2026-04-08,40,0.825
h049,47,4.0638297872340425,2026-04-08,60,0.7833333333333333
h050,37,3.7837837837837838,2026-04-08,40,0.925
h001,64,3.90625,2026-04-09,70,0.9142857142857143
h002,28,3.75,2026-04-09,30,0.9333333333333333
h003,33,3.606060606060606,2026-04-09,40,0.825
h004,37,4.081081081081081,2026-04-09,40,0.925
h005,38,3.710526315789474,2026-04-09,40,0.95
h006,56,3.6785714285714284,2026-04-09,70,0.8
h007,34,3.764705882352941,2026-04-09,40,0.85
h008,39,4.230769230769231,2026-04-09,40,0.975
h009,43,3.9069767441860463,2026-04-09,50,0.86
h010,35,3.914285714285714,2026-04-09,40,0.875
h011,53,4.2075471698113205,2026-04-09,60,0.8833333333333333
h012,41,4.048780487804878,2026-04-09,50,0.82
h013,46,3.9347826086956523,2026-04-09,50,0.92
h014,55,3.8727272727272726,2026-04-09,60,0.9166666666666666
h015,55,3.690909090909091,2026-04-09,60,0.9166666666666666
h016,73,3.73972602739726,2026-04-09,80,0.9125
h017,46,3.9565217391304346,2026-04-09,50,0.92
h018,55,3.7818181818181817,2026-04-09,60,0.9166666666666666
h019,42,3.642857142857143,2026-04-09,50,0.84
h020,51,3.9411764705882355,2026-04-09,60,0.85
h021,49,3.938775510204082,2026-04-09,50,0.98
h022,25,3.52,2026-04-09,30,0.8333333333333334
h023,25,4.08,2026-04-09,30,0.8333333333333334
h024,51,3.549019607843137,2026-04-09,60,0.85
h025,39,3.7948717948717947,2026-04-09,40,0.975
h026,46,4.0,2026-04-09,50,0.92
h027,57,4.035087719298246,2026-04-09,60,0.95
h028,40,3.8,2026-04-09,40,1.0
h029,24,3.625,2026-04-09,30,0.8
h030,50,3.7,2026-04-09,60,0.8333333333333334
h031,57,4.017543859649122,2026-04-09,60,0.95
h032,37,3.810810810810811,2026-04-09,40,0.925
h033,29,3.793103448275862,2026-04-09,40,0.725
h034,53,3.9056603773584904,2026-04-09,60,0.8833333333333333
h035,70,3.8285714285714287,2026-04-09,70,1.0
h036,34,3.6470588235294117,2026-04-09,40,0.85
h037,28,4.178571428571429,2026-04-09,40,0.7
h038,29,3.7241379310344827,2026-04-09,30,0.9666666666666667
h039,68,3.6470588235294117,2026-04-09,70,0.9714285714285714
h040,39,3.717948717948718,2026-04-09,50,0.78
h041,38,3.789473684210526,2026-04-09,40,0.95
h042,46,3.782608695652174,2026-04-09,50,0.92
h043,55,3.9454545454545453,2026-04-09,60,0.9166666666666666
h044,48,3.6875,2026-04-09,50,0.96
h045,47,3.893617021276596,2026-04-09,50,0.94
h046,42,4.333333333333333,2026-04-09,50,0.84
h047,33,3.696969696969697,2026-04-09,40,0.825
h048,33,4.090909090909091,2026-04-09,40,0.825
h049,47,4.0638297872340425,2026-04-09,60,0.7833333333333333
h050,37,3.7837837837837838,2026-04-09,40,0.925
h001,63,3.888888888888889,2026-04-10,70,0.9
h002,28,3.75,2026-04-10,30,0.9333333333333333
h003,33,3.606060606060606,2026-04-10,40,0.825
h004,37,4.081081081081081,2026-04-10,40,0.925
h005,38,3.710526315789474,2026-04-10,40,0.95
h006,56,3.6785714285714284,2026-04-10,70,0.8
h007,34,3.764705882352941,2026-04-10,40,0.85
h008,39,4.230769230769231,2026-04-10,40,0.975
h009,43,3.9069767441860463,2026-04-10,50,0.86
h010,35,3.914285714285714,2026-04-10,40,0.875
h011,53,4.2075471698113205,2026-04-10,60,0.8833333333333333
h012,41,4.048780487804878,2026-04-10,50,0.82
h013,46,3.9347826086956523,2026-04-10,50,0.92
h014,54,3.8518518518518516,2026-04-10,60,0.9
h015,55,3.690909090909091,2026-04-10,60,0.9166666666666666
h016,73,3.73972602739726,2026-04-10,80,0.9125
h017,46,3.9565217391304346,2026-04-10,50,0.92
h018,55,3.7818181818181817,2026-04-10,60,0.9166666666666666
h019,42,3.642857142857143,2026-04-10,50,0.84
h020,51,3.9411764705882355,2026-04-10,60,0.85
h021,49,3.938775510204082,2026-04-10,50,0.98
h022,25,3.52,2026-04-10,30,0.8333333333333334
h023,25,4.08,2026-04-10,30,0.8333333333333334
h024,51,3.549019607843137,2026-04-10,60,0.85
h025,39,3.7948717948717947,2026-04-10,40,0.975
h026,46,4.0,2026-04-10,50,0.92
h027,57,4.035087719298246,2026-04-10,60,0.95
h028,40,3.8,2026-04-10,40,1.0
h029,24,3.625,2026-04-10,30,0.8
h030,50,3.7,2026-04-10,60,0.8333333333333334
h031,57,4.017543859649122,2026-04-10,60,0.95
h032,37,3.810810810810811,2026-04-10,40,0.925
h033,28,3.75,2026-04-10,40,0.7
h034,54,3.925925925925926,2026-04-10,60,0.9
h035,70,3.8285714285714287,2026-04-10,70,1.0
h036,33,3.5757575757575757,2026-04-10,40,0.825
h037,28,4.178571428571429,2026-04-10,40,0.7
h038,28,3.75,2026-04-10,30,0.9333333333333333
h039,68,3.6470588235294117,2026-04-10,70,0.9714285714285714
h040,39,3.717948717948718,2026-04-10,50,0.78
h041,38,3.789473684210526,2026-04-10,40,0.95
h042,46,3.782608695652174,2026-04-10,50,0.92
h043,55,3.9454545454545453,2026-04-10,60,0.9166666666666666
h044,48,3.6875,2026-04-10,50,0.96
h045,47,3.893617021276596,2026-04-10,50,0.94
h046,42,4.333333333333333,2026-04-10,50,0.84
h047,32,3.6875,2026-04-10,40,0.8
h048,33,4.090909090909091,2026-04-10,40,0.825
h049,46,4.086956521739131,2026-04-10,60,0.7666666666666667
h050,37,3.7837837837837838,2026-04-10,40,0.925
h001,63,3.888888888888889,2026-04-11,70,0.9
h002,28,3.75,2026-04-11,30,0.9333333333333333
h003,33,3.606060606060606,2026-04-11,40,0.825
h004,36,4.027777777777778,2026-04-11,40,0.9
h005,39,3.7435897435897436,2026-04-11,40,0.975
h006,56,3.6785714285714284,2026-04-11,70,0.8
h007,34,3.764705882352941,2026-04-11,40,0.85
h008,39,4.230769230769231,2026-04-11,40,0.975
h009,43,3.9069767441860463,2026-04-11,50,0.86
h010,35,3.914285714285714,2026-04-11,40,0.875
h011,53,4.2075471698113205,2026-04-11,60,0.8833333333333333
h012,41,4.048780487804878,2026-04-11,50,0.82
h013,46,3.9347826086956523,2026-04-11,50,0.92
h014,54,3.8518518518518516,2026-04-11,60,0.9
h015,55,3.690909090909091,2026-04-11,60,0.9166666666666666
h016,74,3.72972972972973,2026-04-11,80,0.925
h017,46,3.9565217391304346,2026-04-11,50,0.92
h018,55,3.7818181818181817,2026-04-11,60,0.9166666666666666
h019,42,3.642857142857143,2026-04-11,50,0.84
h020,51,3.9411764705882355,2026-04-11,60,0.85
h021,50,3.98,2026-04-11,50,1.0
h022,25,3.52,2026-04-11,30,0.8333333333333334
h023,25,4.08,2026-04-11,30,0.8333333333333334
h024,51,3.549019607843137,2026-04-11,60,0.85
h025,39,3.7948717948717947,2026-04-11,40,0.975
h026,46,4.0,2026-04-11,50,0.92
h027,57,4.035087719298246,2026-04-11,60,0.95
h028,40,3.8,2026-04-11,40,1.0
h029,24,3.625,2026-04-11,30,0.8
h030,50,3.7,2026-04-11,60,0.8333333333333334
h031,57,4.017543859649122,2026-04-11,60,0.95
h032,37,3.810810810810811,2026-04-11,40,0.925
h033,28,3.75,2026-04-11,40,0.7
h034,54,3.925925925925926,2026-04-11,60,0.9
h035,70,3.8285714285714287,2026-04-11,70,1.0
h036,33,3.5757575757575757,2026-04-11,40,0.825
h037,28,4.178571428571429,2026-04-11,40,0.7
h038,28,3.75,2026-04-11,30,0.9333333333333333
h039,68,3.6470588235294117,2026-04-11,70,0.9714285714285714
h040,39,3.717948717948718,2026-04-11,50,0.78
h041,38,3.789473684210526,2026-04-11,40,0.95
h042,46,3.782608695652174,2026-04-11,50,0.92
h043,55,3.9454545454545453,2026-04-11,60,0.9166666666666666
h044,48,3.6875,2026-04-11,50,0.96
h045,47,3.893617021276596,2026-04-11,50,0.94
h046,42,4.333333333333333,2026-04-11,50,0.84
h047,32,3.6875,2026-04-11,40,0.8
h048,33,4.090909090909091,2026-04-11,40,0.825
h049,47,4.1063829787234045,2026-04-11,60,0.7833333333333333
h050,37,3.7837837837837838,2026-04-11,40,0.925
h001,63,3.888888888888889,2026-04-12,70,0.9
h002,28,3.75,2026-04-12,30,0.9333333333333333
h003,33,3.606060606060606,2026-04-12,40,0.825
h004,36,4.027777777777778,2026-04-12,40,0.9
h005,39,3.7435897435897436,2026-04-12,40,0.975
h006,56,3.6785714285714284,2026-04-12,70,0.8
h007,34,3.764705882352941,2026-04-12,40,0.85
h008,39,4.230769230769231,2026-04-12,40,0.975
h009,43,3.9069767441860463,2026-04-12,50,0.86
h010,35,3.914285714285714,2026-04-12,40,0.875
h011,53,4.2075471698113205,2026-04-12,60,0.8833333333333333
h012,41,4.048780487804878,2026-04-12,50,0.82
h013,46,3.9347826086956523,2026-04-12,50,0.92
h014,54,3.8518518518518516,2026-04-12,60,0.9
h015,55,3.690909090909091,2026-04-12,60,0.9166666666666666
h016,74,3.72972972972973,2026-04-12,80,0.925
h017,46,3.9565217391304346,2026-04-12,50,0.92
h018,55,3.7818181818181817,2026-04-12,60,0.9166666666666666
h019,42,3.642857142857143,2026-04-12,50,0.84
h020,51,3.9411764705882355,2026-04-12,60,0.85
h021,50,3.98,2026-04-12,50,1.0
h022,25,3.52,2026-04-12,30,0.8333333333333334
h023,25,4.08,2026-04-12,30,0.8333333333333334
h024,50,3.56,2026-04-12,60,0.8333333333333334
h025,39,3.7948717948717947,2026-04-12,40,0.975
h026,46,4.0,2026-04-12,50,0.92
h027,57,4.035087719298246,2026-04-12,60,0.95
h028,40,3.8,2026-04-12,40,1.0
h029,24,3.625,2026-04-12,30,0.8
h030,49,3.693877551020408,2026-04-12,60,0.8166666666666667
h031,57,4.017543859649122,2026-04-12,60,0.95
h032,37,3.810810810810811,2026-04-12,40,0.925
h033,28,3.75,2026-04-12,40,0.7
h034,54,3.925925925925926,2026-04-12,60,0.9
h035,71,3.8309859154929575,2026-04-12,70,1.0
h036,33,3.5757575757575757,2026-04-12,40,0.825
h037,28,4.178571428571429,2026-04-12,40,0.7
h038,28,3.75,2026-04-12,30,0.9333333333333333
h039,68,3.6470588235294117,2026-04-12,70,0.9714285714285714
h040,39,3.717948717948718,2026-04-12,50,0.78
h041,38,3.789473684210526,2026-04-12,40,0.95
h042,46,3.782608695652174,2026-04-12,50,0.92
h043,55,3.9454545454545453,2026-04-12,60,0.9166666666666666
h044,48,3.6875,2026-04-12,50,0.96
h045,47,3.893617021276596,2026-04-12,50,0.94
h046,42,4.333333333333333,2026-04-12,50,0.84
h047,31,3.6451612903225805,2026-04-12,40,0.775
h048,33,4.090909090909091,2026-04-12,40,0.825
h049,47,4.1063829787234045,2026-04-12,60,0.7833333333333333
h050,37,3.7837837837837838,2026-04-12,40,0.925
h001,63,3.888888888888889,2026-04-13,70,0.9
h002,28,3.75,2026-04-13,30,0.9333333333333333
h003,33,3.606060606060606,2026-04-13,40,0.825
h004,36,4.027777777777778,2026-04-13,40,0.9
h005,39,3.7435897435897436,2026-04-13,40,0.975
h006,55,3.6545454545454548,2026-04-13,70,0.7857142857142857
h007,34,3.764705882352941,2026-04-13,40,0.85
h008,39,4.230769230769231,2026-04-13,40,0.975
h009,43,3.9069767441860463,2026-04-13,50,0.86
h010,35,3.914285714285714,2026-04-13,40,0.875
h011,54,4.185185185185185,2026-04-13,60,0.9
h012,41,4.048780487804878,2026-04-13,50,0.82
h013,46,3.9347826086956523,2026-04-13,50,0.92
h014,54,3.8518518518518516,2026-04-13,60,0.9
h015,55,3.690909090909091,2026-04-13,60,0.9166666666666666
h016,74,3.72972972972973,2026-04-13,80,0.925
h017,46,3.9565217391304346,2026-04-13,50,0.92
h018,55,3.7818181818181817,2026-04-13,60,0.9166666666666666
h019,42,3.642857142857143,2026-04-13,50,0.84
h020,51,3.9411764705882355,2026-04-13,60,0.85
h021,50,3.98,2026-04-13,50,1.0
h022,25,3.52,2026-04-13,30,0.8333333333333334
h023,25,4.08,2026-04-13,30,0.8333333333333334
h024,50,3.56,2026-04-13,60,0.8333333333333334
h025,39,3.7948717948717947,2026-04-13,40,0.975
h026,46,4.0,2026-04-13,50,0.92
h027,57,4.035087719298246,2026-04-13,60,0.95
h028,40,3.8,2026-04-13,40,1.0
h029,24,3.625,2026-04-13,30,0.8
h030,49,3.693877551020408,2026-04-13,60,0.8166666666666667
h031,57,4.017543859649122,2026-04-13,60,0.95
h032,37,3.810810810810811,2026-04-13,40,0.925
h033,28,3.75,2026-04-13,40,0.7
h034,54,3.925925925925926,2026-04-13,60,0.9
h035,70,3.857142857142857,2026-04-13,70,1.0
h036,33,3.5757575757575757,2026-04-13,40,0.825
h037,27,4.222222222222222,2026-04-13,40,0.675
h038,28,3.75,2026-04-13,30,0.9333333333333333
h039,68,3.6470588235294117,2026-04-13,70,0.9714285714285714
h040,39,3.717948717948718,2026-04-13,50,0.78
h041,38,3.789473684210526,2026-04-13,40,0.95
h042,46,3.782608695652174,2026-04-13,50,0.92
h043,54,3.9074074074074074,2026-04-13,60,0.9
h044,48,3.6875,2026-04-13,50,0.96
h045,47,3.893617021276596,2026-04-13,50,0.94
h046,42,4.333333333333333,2026-04-13,50,0.84
h047,31,3.6451612903225805,2026-04-13,40,0.775
h048,33,4.090909090909091,2026-04-13,40,0.825
h049,47,4.1063829787234045,2026-04-13,60,0.7833333333333333
h050,37,3.7837837837837838,2026-04-13,40,0.925
h001,62,3.870967741935484,2026-04-14,70,0.8857142857142857
h002,28,3.75,2026-04-14,30,0.9333333333333333
h003,33,3.606060606060606,2026-04-14,40,0.825
h004,36,4.027777777777778,2026-04-14,40,0.9
h005,38,3.736842105263158,2026-04-14,40,0.95
h006,55,3.6545454545454548,2026-04-14,70,0.7857142857142857
h007,34,3.764705882352941,2026-04-14,40,0.85
h008,39,4.230769230769231,2026-04-14,40,0.975
h009,43,3.9069767441860463,2026-04-14,50,0.86
h010,35,3.914285714285714,2026-04-14,40,0.875
h011,54,4.185185185185185,2026-04-14,60,0.9
h012,41,4.048780487804878,2026-04-14,50,0.82
h013,46,3.9347826086956523,2026-04-14,50,0.92
h014,54,3.8518518518518516,2026-04-14,60,0.9
h015,55,3.690909090909091,2026-04-14,60,0.9166666666666666
h016,74,3.72972972972973,2026-04-14,80,0.925
h017,46,3.9565217391304346,2026-04-14,50,0.92
h018,55,3.7818181818181817,2026-04-14,60,0.9166666666666666
h019,42,3.642857142857143,2026-04-14,50,0.84
h020,51,3.9411764705882355,2026-04-14,60,0.85
h021,50,3.98,2026-04-14,50,1.0
h022,26,3.5,2026-04-14,30,0.8666666666666667
h023,25,4.08,2026-04-14,30,0.8333333333333334
h024,50,3.56,2026-04-14,60,0.8333333333333334
h025,39,3.7948717948717947,2026-04-14,40,0.975
h026,46,4.0,2026-04-14,50,0.92
h027,57,4.035087719298246,2026-04-14,60,0.95
h028,40,3.8,2026-04-14,40,1.0
h029,24,3.625,2026-04-14,30,0.8
h030,50,3.68,2026-04-14,60,0.8333333333333334
h031,57,4.017543859649122,2026-04-14,60,0.95
h032,36,3.7777777777777777,2026-04-14,40,0.9
h033,28,3.75,2026-04-14,40,0.7
h034,54,3.925925925925926,2026-04-14,60,0.9
h035,70,3.857142857142857,2026-04-14,70,1.0
h036,33,3.5757575757575757,2026-04-14,40,0.825
h037,27,4.222222222222222,2026-04-14,40,0.675
h038,28,3.75,2026-04-14,30,0.9333333333333333
h039,68,3.6470588235294117,2026-04-14,70,0.9714285714285714
h040,39,3.717948717948718,2026-04-14,50,0.78
h041,38,3.789473684210526,2026-04-14,40,0.95
h042,46,3.782608695652174,2026-04-14,50,0.92
h043,54,3.9074074074074074,2026-04-14,60,0.9
h044,48,3.6875,2026-04-14,50,0.96
h045,47,3.893617021276596,2026-04-14,50,0.94
h046,42,4.333333333333333,2026-04-14,50,0.84
h047,31,3.6451612903225805,2026-04-14,40,0.775
h048,33,4.090909090909091,2026-04-14,40,0.825
h049,47,4.1063829787234045,2026-04-14,60,0.7833333333333333
h050,37,3.7837837837837838,2026-04-14,40,0.925
h001,62,3.870967741935484,2026-04-15,70,0.8857142857142857
h002,28,3.75,2026-04-15,30,0.9333333333333333
h003,33,3.606060606060606,2026-04-15,40,0.825
h004,36,4.027777777777778,2026-04-15,40,0.9
h005,38,3.736842105263158,2026-04-15,40,0.95
h006,55,3.6545454545454548,2026-04-15,70,0.7857142857142857
h007,34,3.764705882352941,2026-04-15,40,0.85
h008,39,4.230769230769231,2026-04-15,40,0.975
h009,43,3.9069767441860463,2026-04-15,50,0.86
h010,35,3.914285714285714,2026-04-15,40,0.875
h011,54,4.185185185185185,2026-04-15,60,0.9
h012,41,4.048780487804878,2026-04-15,50,0.82
h013,46,3.9347826086956523,2026-04-15,50,0.92
h014,54,3.8518518518518516,2026-04-15,60,0.9
h015,55,3.690909090909091,2026-04-15,60,0.9166666666666666
h016,74,3.72972972972973,2026-04-15,80,0.925
h017,46,3.9565217391304346,2026-04-15,50,0.92
h018,55,3.7818181818181817,2026-04-15,60,0.9166666666666666
h019,42,3.642857142857143,2026-04-15,50,0.84
h020,51,3.9411764705882355,2026-04-15,60,0.85
h021,50,4.02,2026-04-15,50,1.0
h022,26,3.5,2026-04-15,30,0.8666666666666667
h023,25,4.08,2026-04-15,30,0.8333333333333334
h024,50,3.56,2026-04-15,60,0.8333333333333334
h025,40,3.8,2026-04-15,40,1.0
h026,45,4.0,2026-04-15,50,0.9
h027,57,4.035087719298246,2026-04-15,60,0.95
h028,40,3.8,2026-04-15,40,1.0
h029,26,3.576923076923077,2026-04-15,30,0.8666666666666667
h030,50,3.68,2026-04-15,60,0.8333333333333334
h031,57,4.017543859649122,2026-04-15,60,0.95
h032,36,3.7777777777777777,2026-04-15,40,0.9
h033,28,3.75,2026-04-15,40,0.7
h034,54,3.925925925925926,2026-04-15,60,0.9
h035,70,3.857142857142857,2026-04-15,70,1.0
h036,33,3.5757575757575757,2026-04-15,40,0.825
h037,27,4.222222222222222,2026-04-15,40,0.675
h038,28,3.75,2026-04-15,30,0.9333333333333333
h039,68,3.6470588235294117,2026-04-15,70,0.9714285714285714
h040,40,3.7,2026-04-15,50,0.8
h041,38,3.789473684210526,2026-04-15,40,0.95
h042,46,3.782608695652174,2026-04-15,50,0.92
h043,54,3.9074074074074074,2026-04-15,60,0.9
h044,48,3.6875,2026-04-15,50,0.96
h045,47,3.893617021276596,2026-04-15,50,0.94
h046,42,4.333333333333333,2026-04-15,50,0.84
h047,31,3.6451612903225805,2026-04-15,40,0.775
h048,33,4.090909090909091,2026-04-15,40,0.825
h049,47,4.1063829787234045,2026-04-15,60,0.7833333333333333
h050,37,3.7837837837837838,2026-04-15,40,0.925
h001,62,3.870967741935484,2026-04-16,70,0.8857142857142857
h002,28,3.75,2026-04-16,30,0.9333333333333333
h003,33,3.606060606060606,2026-04-16,40,0.825
h004,36,4.027777777777778,2026-04-16,40,0.9
h005,38,3.736842105263158,2026-04-16,40,0.95
h006,55,3.6545454545454548,2026-04-16,70,0.7857142857142857
h007,34,3.764705882352941,2026-04-16,40,0.85
h008,39,4.230769230769231,2026-04-16,40,0.975
h009,44,3.909090909090909,2026-04-16,50,0.88
h010,35,3.914285714285714,2026-04-16,40,0.875
h011,54,4.185185185185185,2026-04-16,60,0.9
h012,41,4.048780487804878,2026-04-16,50,0.82
h013,46,3.9347826086956523,2026-04-16,50,0.92
h014,55,3.8545454545454545,2026-04-16,60,0.9166666666666666
h015,55,3.690909090909091,2026-04-16,60,0.9166666666666666
h016,73,3.767123287671233,2026-04-16,80,0.9125
h017,46,3.9565217391304346,2026-04-16,50,0.92
h018,55,3.7818181818181817,2026-04-16,60,0.9166666666666666
h019,42,3.642857142857143,2026-04-16,50,0.84
h020,51,3.9411764705882355,2026-04-16,60,0.85
h021,50,4.02,2026-04-16,50,1.0
h022,26,3.5,2026-04-16,30,0.8666666666666667
h023,25,4.08,2026-04-16,30,0.8333333333333334
h024,50,3.56,2026-04-16,60,0.8333333333333334
h025,40,3.8,2026-04-16,40,1.0
h026,45,4.0,2026-04-16,50,0.9
h027,57,4.035087719298246,2026-04-16,60,0.95
h028,40,3.8,2026-04-16,40,1.0
h029,26,3.576923076923077,2026-04-16,30,0.8666666666666667
h030,50,3.68,2026-04-16,60,0.8333333333333334
h031,57,4.017543859649122,2026-04-16,60,0.95
h032,36,3.7777777777777777,2026-04-16,40,0.9
h033,28,3.75,2026-04-16,40,0.7
h034,54,3.925925925925926,2026-04-16,60,0.9
h035,70,3.857142857142857,2026-04-16,70,1.0
h036,33,3.5757575757575757,2026-04-16,40,0.825
h037,27,4.222222222222222,2026-04-16,40,0.675
h038,28,3.75,2026-04-16,30,0.9333333333333333
h039,69,3.6666666666666665,2026-04-16,70,0.9857142857142858
h040,39,3.6666666666666665,2026-04-16,50,0.78
h041,38,3.789473684210526,2026-04-16,40,0.95
h042,46,3.782608695652174,2026-04-16,50,0.92
h043,55,3.909090909090909,2026-04-16,60,0.9166666666666666
h044,48,3.6875,2026-04-16,50,0.96
h045,47,3.893617021276596,2026-04-16,50,0.94
h046,42,4.333333333333333,2026-04-16,50,0.84
h047,31,3.6451612903225805,2026-04-16,40,0.775
h048,33,4.090909090909091,2026-04-16,40,0.825
h049,47,4.1063829787234045,2026-04-16,60,0.7833333333333333
h050,37,3.7837837837837838,2026-04-16,40,0.925
h001,62,3.870967741935484,2026-04-17,70,0.8857142857142857
h002,28,3.75,2026-04-17,30,0.9333333333333333
h003,33,3.606060606060606,2026-04-17,40,0.825
h004,36,4.027777777777778,2026-04-17,40,0.9
h005,38,3.736842105263158,2026-04-17,40,0.95
h006,55,3.6545454545454548,2026-04-17,70,0.7857142857142857
h007,34,3.764705882352941,2026-04-17,40,0.85
h008,39,4.230769230769231,2026-04-17,40,0.975
h009,44,3.909090909090909,2026-04-17,50,0.88
h010,35,3.914285714285714,2026-04-17,40,0.875
h011,54,4.185185185185185,2026-04-17,60,0.9
h012,40,4.0,2026-04-17,50,0.8
h013,46,3.9347826086956523,2026-04-17,50,0.92
h014,55,3.8545454545454545,2026-04-17,60,0.9166666666666666
h015,55,3.690909090909091,2026-04-17,60,0.9166666666666666
h016,74,3.77027027027027,2026-04-17,80,0.925
h017,46,3.9565217391304346,2026-04-17,50,0.92
h018,55,3.7818181818181817,2026-04-17,60,0.9166666666666666
h019,42,3.642857142857143,2026-04-17,50,0.84
h020,51,3.9411764705882355,2026-04-17,60,0.85
h021,50,4.02,2026-04-17,50,1.0
h022,26,3.5,2026-04-17,30,0.8666666666666667
h023,25,4.08,2026-04-17,30,0.8333333333333334
h024,50,3.56,2026-04-17,60,0.8333333333333334
h025,40,3.8,2026-04-17,40,1.0
h026,44,4.0,2026-04-17,50,0.88
h027,57,4.035087719298246,2026-04-17,60,0.95
h028,40,3.8,2026-04-17,40,1.0
h029,26,3.576923076923077,2026-04-17,30,0.8666666666666667
h030,50,3.68,2026-04-17,60,0.8333333333333334
h031,57,4.017543859649122,2026-04-17,60,0.95
h032,36,3.7777777777777777,2026-04-17,40,0.9
h033,28,3.75,2026-04-17,40,0.7
h034,54,3.925925925925926,2026-04-17,60,0.9
h035,70,3.857142857142857,2026-04-17,70,1.0
h036,33,3.5757575757575757,2026-04-17,40,0.825
h037,27,4.222222222222222,2026-04-17,40,0.675
h038,28,3.75,2026-04-17,30,0.9333333333333333
h039,69,3.6666666666666665,2026-04-17,70,0.9857142857142858
h040,39,3.6666666666666665,2026-04-17,50,0.78
h041,39,3.7948717948717947,2026-04-17,40,0.975
h042,46,3.782608695652174,2026-04-17,50,0.92
h043,55,3.909090909090909,2026-04-17,60,0.9166666666666666
h044,48,3.6875,2026-04-17,50,0.96
h045,47,3.893617021276596,2026-04-17,50,0.94
h046,42,4.333333333333333,2026-04-17,50,0.84
h047,31,3.6451612903225805,2026-04-17,40,0.775
h048,34,4.117647058823529,2026-04-17,40,0.85
h049,47,4.1063829787234045,2026-04-17,60,0.7833333333333333
h050,37,3.7837837837837838,2026-04-17,40,0.925
h001,62,3.870967741935484,2026-04-18,70,0.8857142857142857
h002,28,3.75,2026-04-18,30,0.9333333333333333
h003,33,3.606060606060606,2026-04-18,40,0.825
h004,36,4.027777777777778,2026-04-18,40,0.9
h005,38,3.736842105263158,2026-04-18,40,0.95
h006,55,3.6545454545454548,2026-04-18,70,0.7857142857142857
h007,34,3.764705882352941,2026-04-18,40,0.85
h008,39,4.230769230769231,2026-04-18,40,0.975
h009,44,3.909090909090909,2026-04-18,50,0.88
h010,35,3.914285714285714,2026-04-18,40,0.875
h011,54,4.185185185185185,2026-04-18,60,0.9
h012,40,4.0,2026-04-18,50,0.8
h013,46,3.9347826086956523,2026-04-18,50,0.92
h014,55,3.8545454545454545,2026-04-18,60,0.9166666666666666
h015,55,3.690909090909091,2026-04-18,60,0.9166666666666666
h016,75,3.7733333333333334,2026-04-18,80,0.9375
h017,46,3.9565217391304346,2026-04-18,50,0.92
h018,55,3.7818181818181817,2026-04-18,60,0.9166666666666666
h019,43,3.6744186046511627,2026-04-18,50,0.86
h020,51,3.9411764705882355,2026-04-18,60,0.85
h021,50,4.02,2026-04-18,50,1.0
h022,26,3.5,2026-04-18,30,0.8666666666666667
h023,25,4.08,2026-04-18,30,0.8333333333333334
h024,50,3.56,2026-04-18,60,0.8333333333333334
h025,40,3.8,2026-04-18,40,1.0
h026,44,4.0,2026-04-18,50,0.88
h027,57,4.035087719298246,2026-04-18,60,0.95
h028,40,3.8,2026-04-18,40,1.0
h029,26,3.576923076923077,2026-04-18,30,0.8666666666666667
h030,50,3.68,2026-04-18,60,0.8333333333333334
h031,57,4.017543859649122,2026-04-18,60,0.95
h032,36,3.7777777777777777,2026-04-18,40,0.9
h033,28,3.75,2026-04-18,40,0.7
h034,54,3.925925925925926,2026-04-18,60,0.9
h035,70,3.857142857142857,2026-04-18,70,1.0
h036,33,3.5757575757575757,2026-04-18,40,0.825
h037,27,4.222222222222222,2026-04-18,40,0.675
h038,28,3.75,2026-04-18,30,0.9333333333333333
h039,69,3.6666666666666665,2026-04-18,70,0.9857142857142858
h040,40,3.625,2026-04-18,50,0.8
h041,39,3.7948717948717947,2026-04-18,40,0.975
h042,46,3.782608695652174,2026-04-18,50,0.92
h043,55,3.909090909090909,2026-04-18,60,0.9166666666666666
h044,48,3.6875,2026-04-18,50,0.96
h045,47,3.893617021276596,2026-04-18,50,0.94
h046,42,4.333333333333333,2026-04-18,50,0.84
h047,31,3.6451612903225805,2026-04-18,40,0.775
h048,34,4.117647058823529,2026-04-18,40,0.85
h049,47,4.1063829787234045,2026-04-18,60,0.7833333333333333
h050,37,3.7837837837837838,2026-04-18,40,0.925
h001,62,3.870967741935484,2026-04-19,70,0.8857142857142857
h002,28,3.75,2026-04-19,30,0.9333333333333333
h003,33,3.606060606060606,2026-04-19,40,0.825
h004,36,4.027777777777778,2026-04-19,40,0.9
h005,38,3.736842105263158,2026-04-19,40,0.95
h006,55,3.6545454545454548,2026-04-19,70,0.7857142857142857
h007,34,3.764705882352941,2026-04-19,40,0.85
h008,39,4.230769230769231,2026-04-19,40,0.975
h009,44,3.909090909090909,2026-04-19,50,0.88
h010,35,3.914285714285714,2026-04-19,40,0.875
h011,54,4.185185185185185,2026-04-19,60,0.9
h012,40,4.0,2026-04-19,50,0.8
h013,46,3.9347826086956523,2026-04-19,50,0.92
h014,55,3.8545454545454545,2026-04-19,60,0.9166666666666666
h015,55,3.690909090909091,2026-04-19,60,0.9166666666666666
h016,75,3.7733333333333334,2026-04-19,80,0.9375
h017,46,3.9565217391304346,2026-04-19,50,0.92
h018,55,3.7818181818181817,2026-04-19,60,0.9166666666666666
h019,43,3.6744186046511627,2026-04-19,50,0.86
h020,51,3.9411764705882355,2026-04-19,60,0.85
h021,50,4.02,2026-04-19,50,1.0
h022,26,3.5,2026-04-19,30,0.8666666666666667
h023,25,4.08,2026-04-19,30,0.8333333333333334
h024,50,3.56,2026-04-19,60,0.8333333333333334
h025,40,3.8,2026-04-19,40,1.0
h026,44,4.0,2026-04-19,50,0.88
h027,57,4.035087719298246,2026-04-19,60,0.95
h028,40,3.8,2026-04-19,40,1.0
h029,26,3.576923076923077,2026-04-19,30,0.8666666666666667
h030,50,3.68,2026-04-19,60,0.8333333333333334
h031,57,4.017543859649122,2026-04-19,60,0.95
h032,36,3.7777777777777777,2026-04-19,40,0.9
h033,28,3.75,2026-04-19,40,0.7
h034,54,3.925925925925926,2026-04-19,60,0.9
h035,70,3.857142857142857,2026-04-19,70,1.0
h036,33,3.5757575757575757,2026-04-19,40,0.825
h037,27,4.222222222222222,2026-04-19,40,0.675
h038,28,3.75,2026-04-19,30,0.9333333333333333
h039,69,3.6666666666666665,2026-04-19,70,0.9857142857142858
h040,40,3.625,2026-04-19,50,0.8
h041,39,3.7948717948717947,2026-04-19,40,0.975
h042,46,3.782608695652174,2026-04-19,50,0.92
h043,55,3.909090909090909,2026-04-19,60,0.9166666666666666
h044,48,3.6875,2026-04-19,50,0.96
h045,47,3.893617021276596,2026-04-19,50,0.94
h046,43,4.3023255813953485,2026-04-19,50,0.86
h047,31,3.6451612903225805,2026-04-19,40,0.775
h048,34,4.117647058823529,2026-04-19,40,0.85
h049,47,4.1063829787234045,2026-04-19,60,0.7833333333333333
h050,37,3.7837837837837838,2026-04-19,40,0.925
h001,63,3.8412698412698414,2026-04-20,70,0.9
h002,28,3.75,2026-04-20,30,0.9333333333333333
h003,33,3.606060606060606,2026-04-20,40,0.825
h004,36,4.027777777777778,2026-04-20,40,0.9
h005,38,3.736842105263158,2026-04-20,40,0.95
h006,55,3.6545454545454548,2026-04-20,70,0.7857142857142857
h007,34,3.764705882352941,2026-04-20,40,0.85
h008,39,4.230769230769231,2026-04-20,40,0.975
h009,44,3.909090909090909,2026-04-20,50,0.88
h010,35,3.914285714285714,2026-04-20,40,0.875
h011,54,4.185185185185185,2026-04-20,60,0.9
h012,40,4.0,2026-04-20,50,0.8
h013,46,3.9347826086956523,2026-04-20,50,0.92
h014,55,3.8545454545454545,2026-04-20,60,0.9166666666666666
h015,55,3.690909090909091,2026-04-20,60,0.9166666666666666
h016,75,3.7733333333333334,2026-04-20,80,0.9375
h017,45,3.933333333333333,2026-04-20,50,0.9
h018,55,3.7818181818181817,2026-04-20,60,0.9166666666666666
h019,43,3.6744186046511627,2026-04-20,50,0.86
h020,51,3.9411764705882355,2026-04-20,60,0.85
h021,50,4.02,2026-04-20,50,1.0
h022,26,3.5,2026-04-20,30,0.8666666666666667
h023,25,4.08,2026-04-20,30,0.8333333333333334
h024,50,3.56,2026-04-20,60,0.8333333333333334
h025,40,3.8,2026-04-20,40,1.0
h026,44,4.0,2026-04-20,50,0.88
h027,57,4.035087719298246,2026-04-20,60,0.95
h028,40,3.8,2026-04-20,40,1.0
h029,26,3.576923076923077,2026-04-20,30,0.8666666666666667
h030,50,3.68,2026-04-20,60,0.8333333333333334
h031,57,4.017543859649122,2026-04-20,60,0.95
h032,36,3.7777777777777777,2026-04-20,40,0.9
h033,28,3.75,2026-04-20,40,0.7
h034,54,3.925925925925926,2026-04-20,60,0.9
h035,70,3.857142857142857,2026-04-20,70,1.0
h036,33,3.5757575757575757,2026-04-20,40,0.825
h037,27,4.222222222222222,2026-04-20,40,0.675
h038,28,3.75,2026-04-20,30,0.9333333333333333
h039,69,3.6666666666666665,2026-04-20,70,0.9857142857142858
h040,40,3.625,2026-04-20,50,0.8
h041,39,3.7948717948717947,2026-04-20,40,0.975
h042,46,3.782608695652174,2026-04-20,50,0.92
h043,55,3.909090909090909,2026-04-20,60,0.9166666666666666
h044,48,3.6875,2026-04-20,50,0.96
h045,47,3.893617021276596,2026-04-20,50,0.94
h046,43,4.3023255813953485,2026-04-20,50,0.86
h047,31,3.6451612903225805,2026-04-20,40,0.775
h048,34,4.117647058823529,2026-04-20,40,0.85
h049,47,4.1063829787234045,2026-04-20,60,0.7833333333333333
h050,37,3.7837837837837838,2026-04-20,40,0.925
h001,63,3.8412698412698414,2026-04-21,70,0.9
h002,28,3.75,2026-04-21,30,0.9333333333333333
h003,33,3.606060606060606,2026-04-21,40,0.825
h004,36,4.027777777777778,2026-04-21,40,0.9
h005,38,3.736842105263158,2026-04-21,40,0.95
h006,55,3.6545454545454548,2026-04-21,70,0.7857142857142857
h007,34,3.764705882352941,2026-04-21,40,0.85
h008,39,4.230769230769231,2026-04-21,40,0.975
h009,44,3.909090909090909,2026-04-21,50,0.88
h010,35,3.914285714285714,2026-04-21,40,0.875
h011,54,4.185185185185185,2026-04-21,60,0.9
h012,40,4.0,2026-04-21,50,0.8
h013,46,3.9347826086956523,2026-04-21,50,0.92
h014,55,3.8545454545454545,2026-04-21,60,0.9166666666666666
h015,55,3.690909090909091,2026-04-21,60,0.9166666666666666
h016,75,3.7733333333333334,2026-04-21,80,0.9375
h017,45,3.933333333333333,2026-04-21,50,0.9
h018,55,3.7818181818181817,2026-04-21,60,0.9166666666666666
h019,43,3.6744186046511627,2026-04-21,50,0.86
h020,51,3.9411764705882355,2026-04-21,60,0.85
h021,50,4.02,2026-04-21,50,1.0
h022,26,3.5,2026-04-21,30,0.8666666666666667
h023,24,4.083333333333333,2026-04-21,30,0.8
h024,50,3.56,2026-04-21,60,0.8333333333333334
h025,40,3.8,2026-04-21,40,1.0
h026,44,4.0,2026-04-21,50,0.88
h027,57,4.035087719298246,2026-04-21,60,0.95
h028,40,3.8,2026-04-21,40,1.0
h029,26,3.576923076923077,2026-04-21,30,0.8666666666666667
h030,51,3.7254901960784315,2026-04-21,60,0.85
h031,57,4.017543859649122,2026-04-21,60,0.95
h032,36,3.7777777777777777,2026-04-21,40,0.9
h033,28,3.75,2026-04-21,40,0.7
h034,54,3.925925925925926,2026-04-21,60,0.9
h035,70,3.857142857142857,2026-04-21,70,1.0
h036,33,3.5757575757575757,2026-04-21,40,0.825
h037,27,4.222222222222222,2026-04-21,40,0.675
h038,28,3.75,2026-04-21,30,0.9333333333333333
h039,70,3.642857142857143,2026-04-21,70,1.0
h040,40,3.625,2026-04-21,50,0.8
h041,39,3.7948717948717947,2026-04-21,40,0.975
h042,46,3.782608695652174,2026-04-21,50,0.92
h043,55,3.909090909090909,2026-04-21,60,0.9166666666666666
h044,48,3.6875,2026-04-21,50,0.96
h045,47,3.893617021276596,2026-04-21,50,0.94
h046,43,4.3023255813953485,2026-04-21,50,0.86
h047,31,3.6451612903225805,2026-04-21,40,0.775
h048,34,4.117647058823529,2026-04-21,40,0.85
h049,48,4.104166666666667,2026-04-21,60,0.8
h050,37,3.7837837837837838,2026-04-21,40,0.925
h001,63,3.8412698412698414,2026-04-22,70,0.9
h002,28,3.75,2026-04-22,30,0.9333333333333333
h003,33,3.606060606060606,2026-04-22,40,0.825
h004,36,4.027777777777778,2026-04-22,40,0.9
h005,38,3.736842105263158,2026-04-22,40,0.95
h006,55,3.6545454545454548,2026-04-22,70,0.7857142857142857
h007,34,3.764705882352941,2026-04-22,40,0.85
h008,39,4.230769230769231,2026-04-22,40,0.975
h009,44,3.909090909090909,2026-04-22,50,0.88
h010,35,3.914285714285714,2026-04-22,40,0.875
h011,54,4.185185185185185,2026-04-22,60,0.9
h012,40,4.0,2026-04-22,50,0.8
h013,46,3.9347826086956523,2026-04-22,50,0.92
h014,55,3.8545454545454545,2026-04-22,60,0.9166666666666666
h015,55,3.690909090909091,2026-04-22,60,0.9166666666666666
h016,75,3.7733333333333334,2026-04-22,80,0.9375
h017,45,3.933333333333333,2026-04-22,50,0.9
h018,55,3.7818181818181817,2026-04-22,60,0.9166666666666666
h019,44,3.7045454545454546,2026-04-22,50,0.88
h020,51,3.9411764705882355,2026-04-22,60,0.85
h021,50,4.02,2026-04-22,50,1.0
h022,26,3.5,2026-04-22,30,0.8666666666666667
h023,24,4.083333333333333,2026-04-22,30,0.8
h024,50,3.56,2026-04-22,60,0.8333333333333334
h025,40,3.8,2026-04-22,40,1.0
h026,44,4.0,2026-04-22,50,0.88
h027,57,4.035087719298246,2026-04-22,60,0.95
h028,40,3.8,2026-04-22,40,1.0
h029,26,3.576923076923077,2026-04-22,30,0.8666666666666667
h030,51,3.7254901960784315,2026-04-22,60,0.85
h031,57,4.017543859649122,2026-04-22,60,0.95
h032,36,3.7777777777777777,2026-04-22,40,0.9
h033,28,3.75,2026-04-22,40,0.7
h034,55,3.8727272727272726,2026-04-22,60,0.9166666666666666
h035,71,3.8732394366197185,2026-04-22,70,1.0
h036,33,3.5757575757575757,2026-04-22,40,0.825
h037,27,4.222222222222222,2026-04-22,40,0.675
h038,28,3.75,2026-04-22,30,0.9333333333333333
h039,70,3.642857142857143,2026-04-22,70,1.0
h040,40,3.625,2026-04-22,50,0.8
h041,39,3.7948717948717947,2026-04-22,40,0.975
h042,46,3.782608695652174,2026-04-22,50,0.92
h043,55,3.909090909090909,2026-04-22,60,0.9166666666666666
h044,48,3.6875,2026-04-22,50,0.96
h045,47,3.893617021276596,2026-04-22,50,0.94
h046,43,4.3023255813953485,2026-04-22,50,0.86
h047,31,3.6451612903225805,2026-04-22,40,0.775
h048,34,4.117647058823529,2026-04-22,40,0.85
h049,48,4.104166666666667,2026-04-22,60,0.8
h050,37,3.7837837837837838,2026-04-22,40,0.925
h001,63,3.8412698412698414,2026-04-23,70,0.9
h002,28,3.75,2026-04-23,30,0.9333333333333333
h003,33,3.606060606060606,2026-04-23,40,0.825
h004,36,4.027777777777778,2026-04-23,40,0.9
h005,38,3.736842105263158,2026-04-23,40,0.95
h006,55,3.6545454545454548,2026-04-23,70,0.7857142857142857
h007,34,3.764705882352941,2026-04-23,40,0.85
h008,39,4.230769230769231,2026-04-23,40,0.975
h009,44,3.909090909090909,2026-04-23,50,0.88
h010,35,3.914285714285714,2026-04-23,40,0.875
h011,54,4.185185185185185,2026-04-23,60,0.9
h012,40,4.0,2026-04-23,50,0.8
h013,46,3.9347826086956523,2026-04-23,50,0.92
h014,55,3.8545454545454545,2026-04-23,60,0.9166666666666666
h015,55,3.690909090909091,2026-04-23,60,0.9166666666666666
h016,75,3.7733333333333334,2026-04-23,80,0.9375
h017,45,3.933333333333333,2026-04-23,50,0.9
h018,55,3.7818181818181817,2026-04-23,60,0.9166666666666666
h019,44,3.7045454545454546,2026-04-23,50,0.88
h020,51,3.9411764705882355,2026-04-23,60,0.85
h021,50,4.02,2026-04-23,50,1.0
h022,26,3.5,2026-04-23,30,0.8666666666666667
h023,24,4.083333333333333,2026-04-23,30,0.8
h024,49,3.5306122448979593,2026-04-23,60,0.8166666666666667
h025,40,3.8,2026-04-23,40,1.0
h026,44,4.0,2026-04-23,50,0.88
h027,57,4.035087719298246,2026-04-23,60,0.95
h028,40,3.8,2026-04-23,40,1.0
h029,26,3.576923076923077,2026-04-23,30,0.8666666666666667
h030,51,3.7254901960784315,2026-04-23,60,0.85
h031,57,4.017543859649122,2026-04-23,60,0.95
h032,36,3.7777777777777777,2026-04-23,40,0.9
h033,28,3.75,2026-04-23,40,0.7
h034,55,3.8727272727272726,2026-04-23,60,0.9166666666666666
h035,71,3.8732394366197185,2026-04-23,70,1.0
h036,33,3.5757575757575757,2026-04-23,40,0.825
h037,27,4.222222222222222,2026-04-23,40,0.675
h038,28,3.75,2026-04-23,30,0.9333333333333333
h039,70,3.642857142857143,2026-04-23,70,1.0
h040,40,3.625,2026-04-23,50,0.8
h041,39,3.7948717948717947,2026-04-23,40,0.975
h042,46,3.782608695652174,2026-04-23,50,0.92
h043,55,3.909090909090909,2026-04-23,60,0.9166666666666666
h044,48,3.6875,2026-04-23,50,0.96
h045,47,3.893617021276596,2026-04-23,50,0.94
h046,43,4.3023255813953485,2026-04-23,50,0.86
h047,31,3.6451612903225805,2026-04-23,40,0.775
h048,35,4.142857142857143,2026-04-23,40,0.875
h049,48,4.104166666666667,2026-04-23,60,0.8
h050,37,3.7837837837837838,2026-04-23,40,0.925
h001,63,3.8412698412698414,2026-04-24,70,0.9
h002,28,3.75,2026-04-24,30,0.9333333333333333
h003,33,3.606060606060606,2026-04-24,40,0.825
h004,36,4.027777777777778,2026-04-24,40,0.9
h005,38,3.736842105263158,2026-04-24,40,0.95
h006,55,3.6545454545454548,2026-04-24,70,0.7857142857142857
h007,34,3.764705882352941,2026-04-24,40,0.85
h008,39,4.230769230769231,2026-04-24,40,0.975
h009,44,3.909090909090909,2026-04-24,50,0.88
h010,35,3.914285714285714,2026-04-24,40,0.875
h011,54,4.185185185185185,2026-04-24,60,0.9
h012,40,4.0,2026-04-24,50,0.8
h013,46,3.9347826086956523,2026-04-24,50,0.92
h014,55,3.8545454545454545,2026-04-24,60,0.9166666666666666
h015,55,3.690909090909091,2026-04-24,60,0.9166666666666666
h016,75,3.7733333333333334,2026-04-24,80,0.9375
h017,45,3.933333333333333,2026-04-24,50,0.9
h018,55,3.7818181818181817,2026-04-24,60,0.9166666666666666
h019,44,3.7045454545454546,2026-04-24,50,0.88
h020,51,3.9411764705882355,2026-04-24,60,0.85
h021,50,4.02,2026-04-24,50,1.0
h022,26,3.5,2026-04-24,30,0.8666666666666667
h023,24,4.083333333333333,2026-04-24,30,0.8
h024,49,3.5306122448979593,2026-04-24,60,0.8166666666666667
h025,40,3.8,2026-04-24,40,1.0
h026,44,4.0,2026-04-24,50,0.88
h027,57,4.035087719298246,2026-04-24,60,0.95
h028,40,3.8,2026-04-24,40,1.0
h029,26,3.576923076923077,2026-04-24,30,0.8666666666666667
h030,52,3.730769230769231,2026-04-24,60,0.8666666666666667
h031,57,4.017543859649122,2026-04-24,60,0.95
h032,36,3.7777777777777777,2026-04-24,40,0.9
h033,28,3.75,2026-04-24,40,0.7
h034,55,3.8727272727272726,2026-04-24,60,0.9166666666666666
h035,71,3.8732394366197185,2026-04-24,70,1.0
h036,33,3.5757575757575757,2026-04-24,40,0.825
h037,27,4.222222222222222,2026-04-24,40,0.675
h038,28,3.75,2026-04-24,30,0.9333333333333333
h039,70,3.642857142857143,2026-04-24,70,1.0
h040,40,3.625,2026-04-24,50,0.8
h041,39,3.7948717948717947,2026-04-24,40,0.975
h042,46,3.782608695652174,2026-04-24,50,0.92
h043,55,3.909090909090909,2026-04-24,60,0.9166666666666666
h044,48,3.6875,2026-04-24,50,0.96
h045,47,3.893617021276596,2026-04-24,50,0.94
h046,43,4.3023255813953485,2026-04-24,50,0.86
h047,31,3.6451612903225805,2026-04-24,40,0.775
h048,35,4.142857142857143,2026-04-24,40,0.875
h049,48,4.104166666666667,2026-04-24,60,0.8
h050,37,3.7837837837837838,2026-04-24,40,0.925
h001,63,3.8412698412698414,2026-04-25,70,0.9
h002,28,3.75,2026-04-25,30,0.9333333333333333
h003,33,3.606060606060606,2026-04-25,40,0.825
h004,36,4.027777777777778,2026-04-25,40,0.9
h005,38,3.736842105263158,2026-04-25,40,0.95
h006,55,3.6545454545454548,2026-04-25,70,0.7857142857142857
h007,34,3.764705882352941,2026-04-25,40,0.85
h008,39,4.230769230769231,2026-04-25,40,0.975
h009,44,3.909090909090909,2026-04-25,50,0.88
h010,35,3.914285714285714,2026-04-25,40,0.875
h011,54,4.185185185185185,2026-04-25,60,0.9
h012,39,4.051282051282051,2026-04-25,50,0.78
h013,46,3.9347826086956523,2026-04-25,50,0.92
h014,54,3.888888888888889,2026-04-25,60,0.9
h015,55,3.690909090909091,2026-04-25,60,0.9166666666666666
h016,76,3.8026315789473686,2026-04-25,80,0.95
h017,45,3.933333333333333,2026-04-25,50,0.9
h018,55,3.7818181818181817,2026-04-25,60,0.9166666666666666
h019,44,3.7045454545454546,2026-04-25,50,0.88
h020,50,3.92,2026-04-25,60,0.8333333333333334
h021,50,4.02,2026-04-25,50,1.0
h022,26,3.5,2026-04-25,30,0.8666666666666667
h023,24,4.083333333333333,2026-04-25,30,0.8
h024,49,3.5306122448979593,2026-04-25,60,0.8166666666666667
h025,40,3.8,2026-04-25,40,1.0
h026,45,3.977777777777778,2026-04-25,50,0.9
h027,57,4.035087719298246,2026-04-25,60,0.95
h028,40,3.8,2026-04-25,40,1.0
h029,26,3.576923076923077,2026-04-25,30,0.8666666666666667
h030,52,3.730769230769231,2026-04-25,60,0.8666666666666667
h031,57,4.017543859649122,2026-04-25,60,0.95
h032,36,3.7777777777777777,2026-04-25,40,0.9
h033,28,3.75,2026-04-25,40,0.7
h034,55,3.8727272727272726,2026-04-25,60,0.9166666666666666
h035,71,3.8732394366197185,2026-04-25,70,1.0
h036,33,3.5757575757575757,2026-04-25,40,0.825
h037,27,4.222222222222222,2026-04-25,40,0.675
h038,28,3.75,2026-04-25,30,0.9333333333333333
h039,70,3.642857142857143,2026-04-25,70,1.0
h040,39,3.6666666666666665,2026-04-25,50,0.78
h041,39,3.7948717948717947,2026-04-25,40,0.975
h042,46,3.782608695652174,2026-04-25,50,0.92
h043,55,3.909090909090909,2026-04-25,60,0.9166666666666666
h044,48,3.6875,2026-04-25,50,0.96
h045,46,3.9130434782608696,2026-04-25,50,0.92
h046,43,4.3023255813953485,2026-04-25,50,0.86
h047,31,3.6451612903225805,2026-04-25,40,0.775
h048,35,4.142857142857143,2026-04-25,40,0.875
h049,48,4.104166666666667,2026-04-25,60,0.8
h050,37,3.7837837837837838,2026-04-25,40,0.925
h001,63,3.8412698412698414,2026-04-26,70,0.9
h002,28,3.75,2026-04-26,30,0.9333333333333333
h003,33,3.606060606060606,2026-04-26,40,0.825
h004,36,4.027777777777778,2026-04-26,40,0.9
h005,38,3.736842105263158,2026-04-26,40,0.95
h006,56,3.6607142857142856,2026-04-26,70,0.8
h007,34,3.764705882352941,2026-04-26,40,0.85
h008,39,4.230769230769231,2026-04-26,40,0.975
h009,44,3.909090909090909,2026-04-26,50,0.88
h010,35,3.914285714285714,2026-04-26,40,0.875
h011,54,4.185185185185185,2026-04-26,60,0.9
h012,40,4.075,2026-04-26,50,0.8
h013,46,3.9347826086956523,2026-04-26,50,0.92
h014,53,3.8679245283018866,2026-04-26,60,0.8833333333333333
h015,55,3.690909090909091,2026-04-26,60,0.9166666666666666
h016,76,3.8026315789473686,2026-04-26,80,0.95
h017,45,3.933333333333333,2026-04-26,50,0.9
h018,55,3.7818181818181817,2026-04-26,60,0.9166666666666666
h019,44,3.7045454545454546,2026-04-26,50,0.88
h020,50,3.92,2026-04-26,60,0.8333333333333334
h021,50,4.02,2026-04-26,50,1.0
h022,26,3.5,2026-04-26,30,0.8666666666666667
h023,24,4.083333333333333,2026-04-26,30,0.8
h024,49,3.5306122448979593,2026-04-26,60,0.8166666666666667
h025,40,3.8,2026-04-26,40,1.0
h026,45,3.977777777777778,2026-04-26,50,0.9
h027,57,4.035087719298246,2026-04-26,60,0.95
h028,40,3.8,2026-04-26,40,1.0
h029,26,3.576923076923077,2026-04-26,30,0.8666666666666667
h030,53,3.7358490566037736,2026-04-26,60,0.8833333333333333
h031,57,4.017543859649122,2026-04-26,60,0.95
h032,36,3.7777777777777777,2026-04-26,40,0.9
h033,28,3.75,2026-04-26,40,0.7
h034,55,3.8727272727272726,2026-04-26,60,0.9166666666666666
h035,71,3.8732394366197185,2026-04-26,70,1.0
h036,33,3.5757575757575757,2026-04-26,40,0.825
h037,26,4.1923076923076925,2026-04-26,40,0.65
h038,28,3.75,2026-04-26,30,0.9333333333333333
h039,70,3.642857142857143,2026-04-26,70,1.0
h040,39,3.6666666666666665,2026-04-26,50,0.78
h041,39,3.7948717948717947,2026-04-26,40,0.975
h042,46,3.782608695652174,2026-04-26,50,0.92
h043,55,3.909090909090909,2026-04-26,60,0.9166666666666666
h044,48,3.6875,2026-04-26,50,0.96
h045,46,3.9130434782608696,2026-04-26,50,0.92
h046,43,4.3023255813953485,2026-04-26,50,0.86
h047,31,3.6451612903225805,2026-04-26,40,0.775
h048,35,4.142857142857143,2026-04-26,40,0.875
h049,48,4.104166666666667,2026-04-26,60,0.8
h050,37,3.7837837837837838,2026-04-26,40,0.925
h001,63,3.8412698412698414,2026-04-27,70,0.9
h002,28,3.75,2026-04-27,30,0.9333333333333333
h003,33,3.606060606060606,2026-04-27,40,0.825
h004,36,4.027777777777778,2026-04-27,40,0.9
h005,37,3.7837837837837838,2026-04-27,40,0.925
h006,56,3.6607142857142856,2026-04-27,70,0.8
h007,34,3.764705882352941,2026-04-27,40,0.85
h008,39,4.230769230769231,2026-04-27,40,0.975
h009,43,3.883720930232558,2026-04-27,50,0.86
h010,35,3.914285714285714,2026-04-27,40,0.875
h011,54,4.185185185185185,2026-04-27,60,0.9
h012,40,4.075,2026-04-27,50,0.8
h013,46,3.9347826086956523,2026-04-27,50,0.92
h014,53,3.8679245283018866,2026-04-27,60,0.8833333333333333
h015,55,3.690909090909091,2026-04-27,60,0.9166666666666666
h016,76,3.8026315789473686,2026-04-27,80,0.95
h017,45,3.933333333333333,2026-04-27,50,0.9
h018,55,3.7818181818181817,2026-04-27,60,0.9166666666666666
h019,44,3.7045454545454546,2026-04-27,50,0.88
h020,50,3.92,2026-04-27,60,0.8333333333333334
h021,50,4.02,2026-04-27,50,1.0
h022,26,3.5,2026-04-27,30,0.8666666666666667
h023,24,4.083333333333333,2026-04-27,30,0.8
h024,49,3.5306122448979593,2026-04-27,60,0.8166666666666667
h025,40,3.8,2026-04-27,40,1.0
h026,45,3.977777777777778,2026-04-27,50,0.9
h027,57,4.035087719298246,2026-04-27,60,0.95
h028,40,3.8,2026-04-27,40,1.0
h029,26,3.576923076923077,2026-04-27,30,0.8666666666666667
h030,53,3.7358490566037736,2026-04-27,60,0.8833333333333333
h031,57,4.017543859649122,2026-04-27,60,0.95
h032,36,3.7777777777777777,2026-04-27,40,0.9
h033,28,3.75,2026-04-27,40,0.7
h034,55,3.8727272727272726,2026-04-27,60,0.9166666666666666
h035,71,3.8732394366197185,2026-04-27,70,1.0
h036,33,3.5757575757575757,2026-04-27,40,0.825
h037,26,4.1923076923076925,2026-04-27,40,0.65
h038,28,3.75,2026-04-27,30,0.9333333333333333
h039,70,3.642857142857143,2026-04-27,70,1.0
h040,39,3.6666666666666665,2026-04-27,50,0.78
h041,39,3.7948717948717947,2026-04-27,40,0.975
h042,46,3.782608695652174,2026-04-27,50,0.92
h043,55,3.909090909090909,2026-04-27,60,0.9166666666666666
h044,48,3.6875,2026-04-27,50,0.96
h045,46,3.9130434782608696,2026-04-27,50,0.92
h046,43,4.3023255813953485,2026-04-27,50,0.86
h047,31,3.6451612903225805,2026-04-27,40,0.775
h048,35,4.142857142857143,2026-04-27,40,0.875
h049,48,4.104166666666667,2026-04-27,60,0.8
h050,37,3.7837837837837838,2026-04-27,40,0.925
h001,63,3.8412698412698414,2026-04-28,70,0.9
h002,29,3.6551724137931036,2026-04-28,30,0.9666666666666667
h003,33,3.606060606060606,2026-04-28,40,0.825
h004,36,4.027777777777778,2026-04-28,40,0.9
h005,37,3.7837837837837838,2026-04-28,40,0.925
h006,56,3.6607142857142856,2026-04-28,70,0.8
h007,34,3.764705882352941,2026-04-28,40,0.85
h008,39,4.230769230769231,2026-04-28,40,0.975
h009,43,3.883720930232558,2026-04-28,50,0.86
h010,36,3.9722222222222223,2026-04-28,40,0.9
h011,54,4.185185185185185,2026-04-28,60,0.9
h012,40,4.075,2026-04-28,50,0.8
h013,46,3.9347826086956523,2026-04-28,50,0.92
h014,53,3.8679245283018866,2026-04-28,60,0.8833333333333333
h015,55,3.690909090909091,2026-04-28,60,0.9166666666666666
h016,76,3.8026315789473686,2026-04-28,80,0.95
h017,45,3.933333333333333,2026-04-28,50,0.9
h018,55,3.7818181818181817,2026-04-28,60,0.9166666666666666
h019,44,3.7045454545454546,2026-04-28,50,0.88
h020,50,3.92,2026-04-28,60,0.8333333333333334
h021,50,4.02,2026-04-28,50,1.0
h022,26,3.5,2026-04-28,30,0.8666666666666667
h023,24,4.083333333333333,2026-04-28,30,0.8
h024,49,3.5306122448979593,2026-04-28,60,0.8166666666666667
h025,40,3.8,2026-04-28,40,1.0
h026,45,3.977777777777778,2026-04-28,50,0.9
h027,57,4.035087719298246,2026-04-28,60,0.95
h028,40,3.8,2026-04-28,40,1.0
h029,26,3.576923076923077,2026-04-28,30,0.8666666666666667
h030,53,3.7358490566037736,2026-04-28,60,0.8833333333333333
h031,57,4.017543859649122,2026-04-28,60,0.95
h032,36,3.7777777777777777,2026-04-28,40,0.9
h033,28,3.75,2026-04-28,40,0.7
h034,55,3.8727272727272726,2026-04-28,60,0.9166666666666666
h035,71,3.8732394366197185,2026-04-28,70,1.0
h036,33,3.5757575757575757,2026-04-28,40,0.825
h037,26,4.1923076923076925,2026-04-28,40,0.65
h038,28,3.75,2026-04-28,30,0.9333333333333333
h039,70,3.642857142857143,2026-04-28,70,1.0
h040,39,3.6666666666666665,2026-04-28,50,0.78
h041,39,3.7948717948717947,2026-04-28,40,0.975
h042,46,3.782608695652174,2026-04-28,50,0.92
h043,55,3.909090909090909,2026-04-28,60,0.9166666666666666
h044,48,3.6875,2026-04-28,50,0.96
h045,47,3.9148936170212765,2026-04-28,50,0.94
h046,43,4.3023255813953485,2026-04-28,50,0.86
h047,31,3.6451612903225805,2026-04-28,40,0.775
h048,35,4.142857142857143,2026-04-28,40,0.875
h049,48,4.104166666666667,2026-04-28,60,0.8
h050,37,3.7837837837837838,2026-04-28,40,0.925
h001,63,3.8412698412698414,2026-04-29,70,0.9
h002,29,3.6551724137931036,2026-04-29,30,0.9666666666666667
h003,33,3.606060606060606,2026-04-29,40,0.825
h004,36,4.027777777777778,2026-04-29,40,0.9
h005,37,3.7837837837837838,2026-04-29,40,0.925
h006,56,3.6607142857142856,2026-04-29,70,0.8
h007,34,3.764705882352941,2026-04-29,40,0.85
h008,38,4.2105263157894735,2026-04-29,40,0.95
h009,43,3.883720930232558,2026-04-29,50,0.86
h010,37,3.918918918918919,2026-04-29,40,0.925
h011,54,4.185185185185185,2026-04-29,60,0.9
h012,41,4.0,2026-04-29,50,0.82
h013,46,3.9347826086956523,2026-04-29,50,0.92
h014,52,3.826923076923077,2026-04-29,60,0.8666666666666667
h015,55,3.690909090909091,2026-04-29,60,0.9166666666666666
h016,76,3.8026315789473686,2026-04-29,80,0.95
h017,45,3.933333333333333,2026-04-29,50,0.9
h018,55,3.7818181818181817,2026-04-29,60,0.9166666666666666
h019,44,3.7045454545454546,2026-04-29,50,0.88
h020,50,3.92,2026-04-29,60,0.8333333333333334
h021,50,4.08,2026-04-29,50,1.0
h022,26,3.5,2026-04-29,30,0.8666666666666667
h023,24,4.083333333333333,2026-04-29,30,0.8
h024,49,3.5306122448979593,2026-04-29,60,0.8166666666666667
h025,40,3.8,2026-04-29,40,1.0
h026,45,3.977777777777778,2026-04-29,50,0.9
h027,57,4.035087719298246,2026-04-29,60,0.95
h028,40,3.8,2026-04-29,40,1.0
h029,26,3.576923076923077,2026-04-29,30,0.8666666666666667
h030,53,3.7358490566037736,2026-04-29,60,0.8833333333333333
h031,57,4.017543859649122,2026-04-29,60,0.95
h032,37,3.7837837837837838,2026-04-29,40,0.925
h033,28,3.75,2026-04-29,40,0.7
h034,55,3.8727272727272726,2026-04-29,60,0.9166666666666666
h035,71,3.8732394366197185,2026-04-29,70,1.0
h036,33,3.5757575757575757,2026-04-29,40,0.825
h037,26,4.1923076923076925,2026-04-29,40,0.65
h038,28,3.75,2026-04-29,30,0.9333333333333333
h039,70,3.642857142857143,2026-04-29,70,1.0
h040,39,3.6666666666666665,2026-04-29,50,0.78
h041,39,3.7948717948717947,2026-04-29,40,0.975
h042,46,3.782608695652174,2026-04-29,50,0.92
h043,55,3.909090909090909,2026-04-29,60,0.9166666666666666
h044,48,3.6875,2026-04-29,50,0.96
h045,47,3.9148936170212765,2026-04-29,50,0.94
h046,43,4.3023255813953485,2026-04-29,50,0.86
h047,31,3.6451612903225805,2026-04-29,40,0.775
h048,35,4.142857142857143,2026-04-29,40,0.875
h049,48,4.104166666666667,2026-04-29,60,0.8
h050,37,3.7837837837837838,2026-04-29,40,0.925
h001,63,3.8412698412698414,2026-04-30,70,0.9
h002,29,3.6551724137931036,2026-04-30,30,0.9666666666666667
h003,33,3.606060606060606,2026-04-30,40,0.825
h004,36,4.027777777777778,2026-04-30,40,0.9
h005,37,3.7837837837837838,2026-04-30,40,0.925
h006,56,3.6607142857142856,2026-04-30,70,0.8
h007,34,3.764705882352941,2026-04-30,40,0.85
h008,37,4.216216216216216,2026-04-30,40,0.925
h009,43,3.86046511627907,2026-04-30,50,0.86
h010,37,3.918918918918919,2026-04-30,40,0.925
h011,54,4.185185185185185,2026-04-30,60,0.9
h012,41,4.0,2026-04-30,50,0.82
h013,46,3.9347826086956523,2026-04-30,50,0.92
h014,52,3.826923076923077,2026-04-30,60,0.8666666666666667
h015,55,3.690909090909091,2026-04-30,60,0.9166666666666666
h016,76,3.8026315789473686,2026-04-30,80,0.95
h017,45,3.933333333333333,2026-04-30,50,0.9
h018,55,3.7818181818181817,2026-04-30,60,0.9166666666666666
h019,44,3.7045454545454546,2026-04-30,50,0.88
h020,50,3.92,2026-04-30,60,0.8333333333333334
h021,50,4.08,2026-04-30,50,1.0
h022,26,3.5,2026-04-30,30,0.8666666666666667
h023,24,4.083333333333333,2026-04-30,30,0.8
h024,49,3.5306122448979593,2026-04-30,60,0.8166666666666667
h025,39,3.7948717948717947,2026-04-30,40,0.975
h026,45,3.977777777777778,2026-04-30,50,0.9
h027,57,4.035087719298246,2026-04-30,60,0.95
h028,40,3.8,2026-04-30,40,1.0
h029,26,3.576923076923077,2026-04-30,30,0.8666666666666667
h030,54,3.7222222222222223,2026-04-30,60,0.9
h031,57,4.017543859649122,2026-04-30,60,0.95
h032,37,3.7837837837837838,2026-04-30,40,0.925
h033,28,3.75,2026-04-30,40,0.7
h034,55,3.8727272727272726,2026-04-30,60,0.9166666666666666
h035,71,3.8732394366197185,2026-04-30,70,1.0
h036,32,3.59375,2026-04-30,40,0.8
h037,26,4.1923076923076925,2026-04-30,40,0.65
h038,28,3.75,2026-04-30,30,0.9333333333333333
h039,70,3.642857142857143,2026-04-30,70,1.0
h040,39,3.6666666666666665,2026-04-30,50,0.78
h041,39,3.7948717948717947,2026-04-30,40,0.975
h042,46,3.782608695652174,2026-04-30,50,0.92
h043,55,3.909090909090909,2026-04-30,60,0.9166666666666666
h044,48,3.6875,2026-04-30,50,0.96
h045,47,3.9148936170212765,2026-04-30,50,0.94
h046,43,4.3023255813953485,2026-04-30,50,0.86
h047,31,3.6451612903225805,2026-04-30,40,0.775
h048,35,4.142857142857143,2026-04-30,40,0.875
h049,48,4.104166666666667,2026-04-30,60,0.8
h050,37,3.7837837837837838,2026-04-30,40,0.925
h001,63,3.8412698412698414,2026-05-01,70,0.9
h002,29,3.6551724137931036,2026-05-01,30,0.9666666666666667
h003,33,3.606060606060606,2026-05-01,40,0.825
h004,36,4.027777777777778,2026-05-01,40,0.9
h005,37,3.7837837837837838,2026-05-01,40,0.925
h006,56,3.6607142857142856,2026-05-01,70,0.8
h007,34,3.764705882352941,2026-05-01,40,0.85
h008,37,4.216216216216216,2026-05-01,40,0.925
h009,43,3.86046511627907,2026-05-01,50,0.86
h010,37,3.918918918918919,2026-05-01,40,0.925
h011,54,4.185185185185185,2026-05-01,60,0.9
h012,41,4.0,2026-05-01,50,0.82
h013,46,3.9347826086956523,2026-05-01,50,0.92
h014,52,3.826923076923077,2026-05-01,60,0.8666666666666667
h015,55,3.690909090909091,2026-05-01,60,0.9166666666666666
h016,76,3.8026315789473686,2026-05-01,80,0.95
h017,45,3.933333333333333,2026-05-01,50,0.9
h018,55,3.7818181818181817,2026-05-01,60,0.9166666666666666
h019,44,3.7045454545454546,2026-05-01,50,0.88
h020,50,3.92,2026-05-01,60,0.8333333333333334
h021,50,4.08,2026-05-01,50,1.0
h022,26,3.5,2026-05-01,30,0.8666666666666667
h023,24,4.083333333333333,2026-05-01,30,0.8
h024,50,3.58,2026-05-01,60,0.8333333333333334
h025,40,3.75,2026-05-01,40,1.0
h026,45,3.977777777777778,2026-05-01,50,0.9
h027,57,4.035087719298246,2026-05-01,60,0.95
h028,40,3.8,2026-05-01,40,1.0
h029,26,3.576923076923077,2026-05-01,30,0.8666666666666667
h030,54,3.7222222222222223,2026-05-01,60,0.9
h031,57,4.017543859649122,2026-05-01,60,0.95
h032,37,3.7837837837837838,2026-05-01,40,0.925
h033,28,3.75,2026-05-01,40,0.7
h034,55,3.8727272727272726,2026-05-01,60,0.9166666666666666
h035,71,3.8732394366197185,2026-05-01,70,1.0
h036,32,3.59375,2026-05-01,40,0.8
h037,26,4.1923076923076925,2026-05-01,40,0.65
h038,28,3.75,2026-05-01,30,0.9333333333333333
h039,69,3.6666666666666665,2026-05-01,70,0.9857142857142858
h040,39,3.6666666666666665,2026-05-01,50,0.78
h041,39,3.7948717948717947,2026-05-01,40,0.975
h042,46,3.782608695652174,2026-05-01,50,0.92
h043,55,3.909090909090909,2026-05-01,60,0.9166666666666666
h044,48,3.6875,2026-05-01,50,0.96
h045,47,3.9148936170212765,2026-05-01,50,0.94
h046,43,4.3023255813953485,2026-05-01,50,0.86
h047,31,3.6451612903225805,2026-05-01,40,0.775
h048,35,4.142857142857143,2026-05-01,40,0.875
h049,48,4.104166666666667,2026-05-01,60,0.8
h050,37,3.7837837837837838,2026-05-01,40,0.925
h001,63,3.8412698412698414,2026-05-02,70,0.9
h002,29,3.6551724137931036,2026-05-02,30,0.9666666666666667
h003,33,3.606060606060606,2026-05-02,40,0.825
h004,36,4.027777777777778,2026-05-02,40,0.9
h005,37,3.7837837837837838,2026-05-02,40,0.925
h006,56,3.6607142857142856,2026-05-02,70,0.8
h007,35,3.742857142857143,2026-05-02,40,0.875
h008,37,4.216216216216216,2026-05-02,40,0.925
h009,43,3.86046511627907,2026-05-02,50,0.86
h010,37,3.918918918918919,2026-05-02,40,0.925
h011,54,4.185185185185185,2026-05-02,60,0.9
h012,41,4.0,2026-05-02,50,0.82
h013,46,3.9347826086956523,2026-05-02,50,0.92
h014,52,3.826923076923077,2026-05-02,60,0.8666666666666667
h015,55,3.690909090909091,2026-05-02,60,0.9166666666666666
h016,76,3.8026315789473686,2026-05-02,80,0.95
h017,45,3.933333333333333,2026-05-02,50,0.9
h018,54,3.740740740740741,2026-05-02,60,0.9
h019,44,3.7045454545454546,2026-05-02,50,0.88
h020,50,3.92,2026-05-02,60,0.8333333333333334
h021,50,4.08,2026-05-02,50,1.0
h022,26,3.5,2026-05-02,30,0.8666666666666667
h023,24,4.083333333333333,2026-05-02,30,0.8
h024,50,3.58,2026-05-02,60,0.8333333333333334
h025,40,3.75,2026-05-02,40,1.0
h026,45,3.977777777777778,2026-05-02,50,0.9
h027,57,4.035087719298246,2026-05-02,60,0.95
h028,40,3.8,2026-05-02,40,1.0
h029,26,3.576923076923077,2026-05-02,30,0.8666666666666667
h030,54,3.7222222222222223,2026-05-02,60,0.9
h031,57,4.017543859649122,2026-05-02,60,0.95
h032,37,3.7837837837837838,2026-05-02,40,0.925
h033,27,3.814814814814815,2026-05-02,40,0.675
h034,55,3.8727272727272726,2026-05-02,60,0.9166666666666666
h035,71,3.8732394366197185,2026-05-02,70,1.0
h036,32,3.59375,2026-05-02,40,0.8
h037,26,4.1923076923076925,2026-05-02,40,0.65
h038,28,3.75,2026-05-02,30,0.9333333333333333
h039,69,3.6666666666666665,2026-05-02,70,0.9857142857142858
h040,39,3.6666666666666665,2026-05-02,50,0.78
h041,39,3.7948717948717947,2026-05-02,40,0.975
h042,46,3.782608695652174,2026-05-02,50,0.92
h043,55,3.909090909090909,2026-05-02,60,0.9166666666666666
h044,48,3.6875,2026-05-02,50,0.96
h045,47,3.9148936170212765,2026-05-02,50,0.94
h046,43,4.3023255813953485,2026-05-02,50,0.86
h047,31,3.6451612903225805,2026-05-02,40,0.775
h048,35,4.142857142857143,2026-05-02,40,0.875
h049,48,4.104166666666667,2026-05-02,60,0.8
h050,37,3.7837837837837838,2026-05-02,40,0.925
h001,63,3.8412698412698414,2026-05-03,70,0.9
h002,29,3.6551724137931036,2026-05-03,30,0.9666666666666667
h003,33,3.606060606060606,2026-05-03,40,0.825
h004,36,4.027777777777778,2026-05-03,40,0.9
h005,37,3.7837837837837838,2026-05-03,40,0.925
h006,56,3.6607142857142856,2026-05-03,70,0.8
h007,35,3.742857142857143,2026-05-03,40,0.875
h008,37,4.216216216216216,2026-05-03,40,0.925
h009,43,3.86046511627907,2026-05-03,50,0.86
h010,38,3.9473684210526314,2026-05-03,40,0.95
h011,54,4.185185185185185,2026-05-03,60,0.9
h012,41,4.0,2026-05-03,50,0.82
h013,46,3.9347826086956523,2026-05-03,50,0.92
h014,52,3.826923076923077,2026-05-03,60,0.8666666666666667
h015,55,3.690909090909091,2026-05-03,60,0.9166666666666666
h016,76,3.8026315789473686,2026-05-03,80,0.95
h017,44,4.0,2026-05-03,50,0.88
h018,53,3.7169811320754715,2026-05-03,60,0.8833333333333333
h019,44,3.7045454545454546,2026-05-03,50,0.88
h020,50,3.92,2026-05-03,60,0.8333333333333334
h021,50,4.08,2026-05-03,50,1.0
h022,26,3.5,2026-05-03,30,0.8666666666666667
h023,24,4.083333333333333,2026-05-03,30,0.8
h024,50,3.58,2026-05-03,60,0.8333333333333334
h025,40,3.75,2026-05-03,40,1.0
h026,45,3.977777777777778,2026-05-03,50,0.9
h027,57,4.035087719298246,2026-05-03,60,0.95
h028,40,3.8,2026-05-03,40,1.0
h029,27,3.6296296296296298,2026-05-03,30,0.9
h030,54,3.7222222222222223,2026-05-03,60,0.9
h031,57,4.017543859649122,2026-05-03,60,0.95
h032,37,3.7837837837837838,2026-05-03,40,0.925
h033,27,3.814814814814815,2026-05-03,40,0.675
h034,55,3.8727272727272726,2026-05-03,60,0.9166666666666666
h035,72,3.9027777777777777,2026-05-03,70,1.0
h036,32,3.59375,2026-05-03,40,0.8
h037,26,4.1923076923076925,2026-05-03,40,0.65
h038,28,3.75,2026-05-03,30,0.9333333333333333
h039,69,3.6666666666666665,2026-05-03,70,0.9857142857142858
h040,39,3.6666666666666665,2026-05-03,50,0.78
h041,39,3.7948717948717947,2026-05-03,40,0.975
h042,46,3.782608695652174,2026-05-03,50,0.92
h043,55,3.909090909090909,2026-05-03,60,0.9166666666666666
h044,48,3.6875,2026-05-03,50,0.96
h045,47,3.9148936170212765,2026-05-03,50,0.94
h046,41,4.2682926829268295,2026-05-03,50,0.82
h047,31,3.6451612903225805,2026-05-03,40,0.775
h048,35,4.142857142857143,2026-05-03,40,0.875
h049,49,4.122448979591836,2026-05-03,60,0.8166666666666667
h050,37,3.7837837837837838,2026-05-03,40,0.925
h001,63,3.8412698412698414,2026-05-04,70,0.9
h002,29,3.6551724137931036,2026-05-04,30,0.9666666666666667
h003,34,3.676470588235294,2026-05-04,40,0.85
h004,36,4.027777777777778,2026-05-04,40,0.9
h005,37,3.7837837837837838,2026-05-04,40,0.925
h006,56,3.6607142857142856,2026-05-04,70,0.8
h007,35,3.742857142857143,2026-05-04,40,0.875
h008,37,4.216216216216216,2026-05-04,40,0.925
h009,43,3.86046511627907,2026-05-04,50,0.86
h010,38,3.9473684210526314,2026-05-04,40,0.95
h011,54,4.185185185185185,2026-05-04,60,0.9
h012,41,4.0,2026-05-04,50,0.82
h013,46,3.9347826086956523,2026-05-04,50,0.92
h014,52,3.826923076923077,2026-05-04,60,0.8666666666666667
h015,55,3.690909090909091,2026-05-04,60,0.9166666666666666
h016,76,3.8026315789473686,2026-05-04,80,0.95
h017,44,4.0,2026-05-04,50,0.88
h018,53,3.7169811320754715,2026-05-04,60,0.8833333333333333
h019,44,3.7045454545454546,2026-05-04,50,0.88
h020,50,3.92,2026-05-04,60,0.8333333333333334
h021,51,4.0588235294117645,2026-05-04,50,1.0
h022,26,3.5,2026-05-04,30,0.8666666666666667
h023,24,4.083333333333333,2026-05-04,30,0.8
h024,50,3.58,2026-05-04,60,0.8333333333333334
h025,40,3.75,2026-05-04,40,1.0
h026,45,3.977777777777778,2026-05-04,50,0.9
h027,57,4.035087719298246,2026-05-04,60,0.95
h028,40,3.8,2026-05-04,40,1.0
h029,26,3.6153846153846154,2026-05-04,30,0.8666666666666667
h030,54,3.7222222222222223,2026-05-04,60,0.9
h031,57,4.017543859649122,2026-05-04,60,0.95
h032,37,3.7837837837837838,2026-05-04,40,0.925
h033,27,3.814814814814815,2026-05-04,40,0.675
h034,55,3.8727272727272726,2026-05-04,60,0.9166666666666666
h035,71,3.943661971830986,2026-05-04,70,1.0
h036,32,3.59375,2026-05-04,40,0.8
h037,27,4.2592592592592595,2026-05-04,40,0.675
h038,28,3.75,2026-05-04,30,0.9333333333333333
h039,69,3.6666666666666665,2026-05-04,70,0.9857142857142858
h040,39,3.6666666666666665,2026-05-04,50,0.78
h041,39,3.7948717948717947,2026-05-04,40,0.975
h042,46,3.782608695652174,2026-05-04,50,0.92
h043,55,3.909090909090909,2026-05-04,60,0.9166666666666666
h044,48,3.6875,2026-05-04,50,0.96
h045,47,3.9148936170212765,2026-05-04,50,0.94
h046,41,4.2682926829268295,2026-05-04,50,0.82
h047,31,3.6451612903225805,2026-05-04,40,0.775
h048,35,4.142857142857143,2026-05-04,40,0.875
h049,49,4.122448979591836,2026-05-04,60,0.8166666666666667
h050,37,3.7837837837837838,2026-05-04,40,0.925
h001,63,3.8412698412698414,2026-05-05,70,0.9
h002,29,3.6551724137931036,2026-05-05,30,0.9666666666666667
h003,34,3.676470588235294,2026-05-05,40,0.85
h004,36,4.027777777777778,2026-05-05,40,0.9
h005,37,3.7837837837837838,2026-05-05,40,0.925
h006,56,3.6607142857142856,2026-05-05,70,0.8
h007,35,3.742857142857143,2026-05-05,40,0.875
h008,37,4.216216216216216,2026-05-05,40,0.925
h009,43,3.86046511627907,2026-05-05,50,0.86
h010,38,3.9473684210526314,2026-05-05,40,0.95
h011,56,4.214285714285714,2026-05-05,60,0.9333333333333333
h012,41,4.0,2026-05-05,50,0.82
h013,46,3.9347826086956523,2026-05-05,50,0.92
h014,53,3.7735849056603774,2026-05-05,60,0.8833333333333333
h015,55,3.690909090909091,2026-05-05,60,0.9166666666666666
h016,76,3.8026315789473686,2026-05-05,80,0.95
h017,44,4.0,2026-05-05,50,0.88
h018,54,3.740740740740741,2026-05-05,60,0.9
h019,44,3.7045454545454546,2026-05-05,50,0.88
h020,50,3.92,2026-05-05,60,0.8333333333333334
h021,51,4.0588235294117645,2026-05-05,50,1.0
h022,26,3.5,2026-05-05,30,0.8666666666666667
h023,24,4.083333333333333,2026-05-05,30,0.8
h024,50,3.58,2026-05-05,60,0.8333333333333334
h025,40,3.75,2026-05-05,40,1.0
h026,45,3.977777777777778,2026-05-05,50,0.9
h027,57,4.035087719298246,2026-05-05,60,0.95
h028,40,3.8,2026-05-05,40,1.0
h029,26,3.6153846153846154,2026-05-05,30,0.8666666666666667
h030,55,3.709090909090909,2026-05-05,60,0.9166666666666666
h031,57,4.017543859649122,2026-05-05,60,0.95
h032,37,3.7837837837837838,2026-05-05,40,0.925
h033,27,3.814814814814815,2026-05-05,40,0.675
h034,55,3.8727272727272726,2026-05-05,60,0.9166666666666666
h035,71,3.943661971830986,2026-05-05,70,1.0
h036,32,3.59375,2026-05-05,40,0.8
h037,27,4.2592592592592595,2026-05-05,40,0.675
h038,28,3.75,2026-05-05,30,0.9333333333333333
h039,69,3.6666666666666665,2026-05-05,70,0.9857142857142858
h040,39,3.6666666666666665,2026-05-05,50,0.78
h041,39,3.7948717948717947,2026-05-05,40,0.975
h042,46,3.782608695652174,2026-05-05,50,0.92
h043,55,3.909090909090909,2026-05-05,60,0.9166666666666666
h044,48,3.6875,2026-05-05,50,0.96
h045,47,3.9148936170212765,2026-05-05,50,0.94
h046,41,4.2682926829268295,2026-05-05,50,0.82
h047,31,3.6451612903225805,2026-05-05,40,0.775
h048,35,4.142857142857143,2026-05-05,40,0.875
h049,50,4.14,2026-05-05,60,0.8333333333333334
h050,37,3.7837837837837838,2026-05-05,40,0.925
h001,63,3.8412698412698414,2026-05-06,70,0.9
h002,29,3.6551724137931036,2026-05-06,30,0.9666666666666667
h003,34,3.676470588235294,2026-05-06,40,0.85
h004,36,4.027777777777778,2026-05-06,40,0.9
h005,37,3.7837837837837838,2026-05-06,40,0.925
h006,56,3.6607142857142856,2026-05-06,70,0.8
h007,34,3.735294117647059,2026-05-06,40,0.85
h008,37,4.216216216216216,2026-05-06,40,0.925
h009,43,3.86046511627907,2026-05-06,50,0.86
h010,38,3.9473684210526314,2026-05-06,40,0.95
h011,56,4.214285714285714,2026-05-06,60,0.9333333333333333
h012,41,4.0,2026-05-06,50,0.82
h013,46,3.9347826086956523,2026-05-06,50,0.92
h014,53,3.7735849056603774,2026-05-06,60,0.8833333333333333
h015,56,3.732142857142857,2026-05-06,60,0.9333333333333333
h016,76,3.8026315789473686,2026-05-06,80,0.95
h017,44,4.0,2026-05-06,50,0.88
h018,54,3.740740740740741,2026-05-06,60,0.9
h019,44,3.7045454545454546,2026-05-06,50,0.88
h020,50,3.92,2026-05-06,60,0.8333333333333334
h021,51,4.0588235294117645,2026-05-06,50,1.0
h022,26,3.5,2026-05-06,30,0.8666666666666667
h023,24,4.083333333333333,2026-05-06,30,0.8
h024,50,3.58,2026-05-06,60,0.8333333333333334
h025,40,3.75,2026-05-06,40,1.0
h026,45,3.977777777777778,2026-05-06,50,0.9
h027,57,4.035087719298246,2026-05-06,60,0.95
h028,39,3.8205128205128207,2026-05-06,40,0.975
h029,26,3.6153846153846154,2026-05-06,30,0.8666666666666667
h030,55,3.709090909090909,2026-05-06,60,0.9166666666666666
h031,57,4.017543859649122,2026-05-06,60,0.95
h032,37,3.7837837837837838,2026-05-06,40,0.925
h033,27,3.814814814814815,2026-05-06,40,0.675
h034,56,3.857142857142857,2026-05-06,60,0.9333333333333333
h035,71,3.943661971830986,2026-05-06,70,1.0
h036,32,3.59375,2026-05-06,40,0.8
h037,26,4.269230769230769,2026-05-06,40,0.65
h038,28,3.75,2026-05-06,30,0.9333333333333333
h039,69,3.6666666666666665,2026-05-06,70,0.9857142857142858
h040,39,3.6666666666666665,2026-05-06,50,0.78
h041,39,3.7948717948717947,2026-05-06,40,0.975
h042,46,3.782608695652174,2026-05-06,50,0.92
h043,55,3.909090909090909,2026-05-06,60,0.9166666666666666
h044,48,3.6875,2026-05-06,50,0.96
h045,47,3.9148936170212765,2026-05-06,50,0.94
h046,40,4.225,2026-05-06,50,0.8
h047,31,3.6451612903225805,2026-05-06,40,0.775
h048,35,4.142857142857143,2026-05-06,40,0.875
h049,50,4.14,2026-05-06,60,0.8333333333333334
h050,37,3.7837837837837838,2026-05-06,40,0.925
h001,63,3.8412698412698414,2026-05-07,70,0.9
h002,29,3.6551724137931036,2026-05-07,30,0.9666666666666667
h003,34,3.676470588235294,2026-05-07,40,0.85
h004,36,4.027777777777778,2026-05-07,40,0.9
h005,37,3.7837837837837838,2026-05-07,40,0.925
h006,56,3.6607142857142856,2026-05-07,70,0.8
h007,34,3.735294117647059,2026-05-07,40,0.85
h008,37,4.216216216216216,2026-05-07,40,0.925
h009,43,3.86046511627907,2026-05-07,50,0.86
h010,38,3.9473684210526314,2026-05-07,40,0.95
h011,56,4.214285714285714,2026-05-07,60,0.9333333333333333
h012,40,3.975,2026-05-07,50,0.8
h013,46,3.9347826086956523,2026-05-07,50,0.92
h014,53,3.7735849056603774,2026-05-07,60,0.8833333333333333
h015,56,3.732142857142857,2026-05-07,60,0.9333333333333333
h016,75,3.8,2026-05-07,80,0.9375
h017,44,4.0,2026-05-07,50,0.88
h018,54,3.740740740740741,2026-05-07,60,0.9
h019,44,3.7045454545454546,2026-05-07,50,0.88
h020,50,3.92,2026-05-07,60,0.8333333333333334
h021,51,4.0588235294117645,2026-05-07,50,1.0
h022,26,3.5,2026-05-07,30,0.8666666666666667
h023,24,4.083333333333333,2026-05-07,30,0.8
h024,50,3.58,2026-05-07,60,0.8333333333333334
h025,40,3.75,2026-05-07,40,1.0
h026,44,3.9318181818181817,2026-05-07,50,0.88
h027,57,4.035087719298246,2026-05-07,60,0.95
h028,39,3.8205128205128207,2026-05-07,40,0.975
h029,26,3.6153846153846154,2026-05-07,30,0.8666666666666667
h030,54,3.7037037037037037,2026-05-07,60,0.9
h031,57,4.017543859649122,2026-05-07,60,0.95
h032,37,3.7837837837837838,2026-05-07,40,0.925
h033,27,3.814814814814815,2026-05-07,40,0.675
h034,55,3.8545454545454545,2026-05-07,60,0.9166666666666666
h035,71,3.943661971830986,2026-05-07,70,1.0
h036,32,3.59375,2026-05-07,40,0.8
h037,26,4.269230769230769,2026-05-07,40,0.65
h038,28,3.75,2026-05-07,30,0.9333333333333333
h039,69,3.6666666666666665,2026-05-07,70,0.9857142857142858
h040,39,3.6666666666666665,2026-05-07,50,0.78
h041,39,3.7948717948717947,2026-05-07,40,0.975
h042,46,3.782608695652174,2026-05-07,50,0.92
h043,55,3.909090909090909,2026-05-07,60,0.9166666666666666
h044,48,3.6875,2026-05-07,50,0.96
h045,47,3.9148936170212765,2026-05-07,50,0.94
h046,40,4.225,2026-05-07,50,0.8
h047,31,3.6451612903225805,2026-05-07,40,0.775
h048,35,4.142857142857143,2026-05-07,40,0.875
h049,50,4.14,2026-05-07,60,0.8333333333333334
h050,37,3.7837837837837838,2026-05-07,40,0.925
h001,63,3.8412698412698414,2026-05-08,70,0.9
h002,29,3.6551724137931036,2026-05-08,30,0.9666666666666667
h003,34,3.676470588235294,2026-05-08,40,0.85
h004,37,4.0,2026-05-08,40,0.925
h005,38,3.789473684210526,2026-05-08,40,0.95
h006,57,3.7017543859649122,2026-05-08,70,0.8142857142857143
h007,34,3.735294117647059,2026-05-08,40,0.85
h008,37,4.216216216216216,2026-05-08,40,0.925
h009,43,3.86046511627907,2026-05-08,50,0.86
h010,38,3.9473684210526314,2026-05-08,40,0.95
h011,56,4.214285714285714,2026-05-08,60,0.9333333333333333
h012,40,3.975,2026-05-08,50,0.8
h013,46,3.9347826086956523,2026-05-08,50,0.92
h014,52,3.75,2026-05-08,60,0.8666666666666667
h015,56,3.732142857142857,2026-05-08,60,0.9333333333333333
h016,75,3.8,2026-05-08,80,0.9375
h017,44,4.0,2026-05-08,50,0.88
h018,54,3.740740740740741,2026-05-08,60,0.9
h019,44,3.7045454545454546,2026-05-08,50,0.88
h020,50,3.92,2026-05-08,60,0.8333333333333334
h021,51,4.0588235294117645,2026-05-08,50,1.0
h022,26,3.5,2026-05-08,30,0.8666666666666667
h023,24,4.083333333333333,2026-05-08,30,0.8
h024,50,3.58,2026-05-08,60,0.8333333333333334
h025,40,3.75,2026-05-08,40,1.0
h026,44,3.9318181818181817,2026-05-08,50,0.88
h027,57,4.035087719298246,2026-05-08,60,0.95
h028,39,3.8205128205128207,2026-05-08,40,0.975
h029,26,3.6153846153846154,2026-05-08,30,0.8666666666666667
h030,54,3.7037037037037037,2026-05-08,60,0.9
h031,57,4.017543859649122,2026-05-08,60,0.95
h032,37,3.7837837837837838,2026-05-08,40,0.925
h033,27,3.814814814814815,2026-05-08,40,0.675
h034,55,3.8545454545454545,2026-05-08,60,0.9166666666666666
h035,71,3.943661971830986,2026-05-08,70,1.0
h036,32,3.59375,2026-05-08,40,0.8
h037,26,4.269230769230769,2026-05-08,40,0.65
h038,28,3.75,2026-05-08,30,0.9333333333333333
h039,69,3.6666666666666665,2026-05-08,70,0.9857142857142858
h040,39,3.6666666666666665,2026-05-08,50,0.78
h041,39,3.7948717948717947,2026-05-08,40,0.975
h042,46,3.782608695652174,2026-05-08,50,0.92
h043,55,3.909090909090909,2026-05-08,60,0.9166666666666666
h044,48,3.6875,2026-05-08,50,0.96
h045,47,3.9148936170212765,2026-05-08,50,0.94
h046,40,4.225,2026-05-08,50,0.8
h047,31,3.6451612903225805,2026-05-08,40,0.775
h048,35,4.142857142857143,2026-05-08,40,0.875
h049,50,4.14,2026-05-08,60,0.8333333333333334
h050,37,3.7837837837837838,2026-05-08,40,0.925
h001,63,3.8412698412698414,2026-05-09,70,0.9
h002,29,3.6551724137931036,2026-05-09,30,0.9666666666666667
h003,34,3.676470588235294,2026-05-09,40,0.85
h004,37,4.0,2026-05-09,40,0.925
h005,38,3.789473684210526,2026-05-09,40,0.95
h006,57,3.7017543859649122,2026-05-09,70,0.8142857142857143
h007,34,3.735294117647059,2026-05-09,40,0.85
h008,37,4.216216216216216,2026-05-09,40,0.925
h009,43,3.86046511627907,2026-05-09,50,0.86
h010,38,3.9473684210526314,2026-05-09,40,0.95
h011,56,4.214285714285714,2026-05-09,60,0.9333333333333333
h012,40,3.975,2026-05-09,50,0.8
h013,46,3.9347826086956523,2026-05-09,50,0.92
h014,52,3.75,2026-05-09,60,0.8666666666666667
h015,56,3.732142857142857,2026-05-09,60,0.9333333333333333
h016,75,3.8,2026-05-09,80,0.9375
h017,44,4.0,2026-05-09,50,0.88
h018,54,3.740740740740741,2026-05-09,60,0.9
h019,44,3.7045454545454546,2026-05-09,50,0.88
h020,50,3.92,2026-05-09,60,0.8333333333333334
h021,51,4.0588235294117645,2026-05-09,50,1.0
h022,26,3.5,2026-05-09,30,0.8666666666666667
h023,24,4.083333333333333,2026-05-09,30,0.8
h024,50,3.58,2026-05-09,60,0.8333333333333334
h025,40,3.75,2026-05-09,40,1.0
h026,44,3.9318181818181817,2026-05-09,50,0.88
h027,57,4.035087719298246,2026-05-09,60,0.95
h028,39,3.8205128205128207,2026-05-09,40,0.975
h029,26,3.6153846153846154,2026-05-09,30,0.8666666666666667
h030,54,3.7037037037037037,2026-05-09,60,0.9
h031,57,4.017543859649122,2026-05-09,60,0.95
h032,37,3.7837837837837838,2026-05-09,40,0.925
h033,27,3.814814814814815,2026-05-09,40,0.675
h034,55,3.8545454545454545,2026-05-09,60,0.9166666666666666
h035,71,3.943661971830986,2026-05-09,70,1.0
h036,32,3.59375,2026-05-09,40,0.8
h037,26,4.269230769230769,2026-05-09,40,0.65
h038,27,3.6666666666666665,2026-05-09,30,0.9
h039,70,3.6714285714285713,2026-05-09,70,1.0
h040,39,3.6666666666666665,2026-05-09,50,0.78
h041,39,3.7948717948717947,2026-05-09,40,0.975
h042,46,3.782608695652174,2026-05-09,50,0.92
h043,55,3.909090909090909,2026-05-09,60,0.9166666666666666
h044,48,3.6875,2026-05-09,50,0.96
h045,46,3.9565217391304346,2026-05-09,50,0.92
h046,40,4.225,2026-05-09,50,0.8
h047,31,3.6451612903225805,2026-05-09,40,0.775
h048,35,4.142857142857143,2026-05-09,40,0.875
h049,51,4.137254901960785,2026-05-09,60,0.85
h050,37,3.7837837837837838,2026-05-09,40,0.925
h001,63,3.8412698412698414,2026-05-10,70,0.9
h002,29,3.6551724137931036,2026-05-10,30,0.9666666666666667
h003,34,3.676470588235294,2026-05-10,40,0.85
h004,37,4.0,2026-05-10,40,0.925
h005,38,3.789473684210526,2026-05-10,40,0.95
h006,57,3.7017543859649122,2026-05-10,70,0.8142857142857143
h007,34,3.735294117647059,2026-05-10,40,0.85
h008,37,4.216216216216216,2026-05-10,40,0.925
h009,43,3.86046511627907,2026-05-10,50,0.86
h010,38,3.9473684210526314,2026-05-10,40,0.95
h011,55,4.254545454545455,2026-05-10,60,0.9166666666666666
h012,39,4.0,2026-05-10,50,0.78
h013,46,3.9347826086956523,2026-05-10,50,0.92
h014,52,3.75,2026-05-10,60,0.8666666666666667
h015,56,3.732142857142857,2026-05-10,60,0.9333333333333333
h016,75,3.8,2026-05-10,80,0.9375
h017,44,4.0,2026-05-10,50,0.88
h018,54,3.740740740740741,2026-05-10,60,0.9
h019,44,3.7045454545454546,2026-05-10,50,0.88
h020,50,3.92,2026-05-10,60,0.8333333333333334
h021,51,4.0588235294117645,2026-05-10,50,1.0
h022,26,3.5,2026-05-10,30,0.8666666666666667
h023,24,4.083333333333333,2026-05-10,30,0.8
h024,50,3.58,2026-05-10,60,0.8333333333333334
h025,39,3.717948717948718,2026-05-10,40,0.975
h026,44,3.9318181818181817,2026-05-10,50,0.88
h027,57,4.035087719298246,2026-05-10,60,0.95
h028,39,3.8205128205128207,2026-05-10,40,0.975
h029,26,3.6153846153846154,2026-05-10,30,0.8666666666666667
h030,54,3.7037037037037037,2026-05-10,60,0.9
h031,57,4.017543859649122,2026-05-10,60,0.95
h032,37,3.7837837837837838,2026-05-10,40,0.925
h033,27,3.814814814814815,2026-05-10,40,0.675
h034,55,3.8545454545454545,2026-05-10,60,0.9166666666666666
h035,70,3.942857142857143,2026-05-10,70,1.0
h036,32,3.59375,2026-05-10,40,0.8
h037,26,4.269230769230769,2026-05-10,40,0.65
h038,27,3.6666666666666665,2026-05-10,30,0.9
h039,70,3.6714285714285713,2026-05-10,70,1.0
h040,39,3.6666666666666665,2026-05-10,50,0.78
h041,38,3.736842105263158,2026-05-10,40,0.95
h042,46,3.782608695652174,2026-05-10,50,0.92
h043,55,3.909090909090909,2026-05-10,60,0.9166666666666666
h044,48,3.6875,2026-05-10,50,0.96
h045,46,3.9565217391304346,2026-05-10,50,0.92
h046,40,4.225,2026-05-10,50,0.8
h047,31,3.6451612903225805,2026-05-10,40,0.775
h048,35,4.142857142857143,2026-05-10,40,0.875
h049,51,4.137254901960785,2026-05-10,60,0.85
h050,37,3.7837837837837838,2026-05-10,40,0.925
h001,63,3.8412698412698414,2026-05-11,70,0.9
h002,29,3.6551724137931036,2026-05-11,30,0.9666666666666667
h003,34,3.676470588235294,2026-05-11,40,0.85
h004,37,4.0,2026-05-11,40,0.925
h005,38,3.789473684210526,2026-05-11,40,0.95
h006,57,3.7017543859649122,2026-05-11,70,0.8142857142857143
h007,34,3.735294117647059,2026-05-11,40,0.85
h008,37,4.216216216216216,2026-05-11,40,0.925
h009,44,3.909090909090909,2026-05-11,50,0.88
h010,38,3.9473684210526314,2026-05-11,40,0.95
h011,55,4.254545454545455,2026-05-11,60,0.9166666666666666
h012,39,4.0,2026-05-11,50,0.78
h013,46,3.9347826086956523,2026-05-11,50,0.92
h014,52,3.75,2026-05-11,60,0.8666666666666667
h015,56,3.732142857142857,2026-05-11,60,0.9333333333333333
h016,77,3.792207792207792,2026-05-11,80,0.9625
h017,44,4.0,2026-05-11,50,0.88
h018,54,3.740740740740741,2026-05-11,60,0.9
h019,44,3.7045454545454546,2026-05-11,50,0.88
h020,49,3.9183673469387754,2026-05-11,60,0.8166666666666667
h021,51,4.0588235294117645,2026-05-11,50,1.0
h022,26,3.5,2026-05-11,30,0.8666666666666667
h023,24,4.083333333333333,2026-05-11,30,0.8
h024,50,3.58,2026-05-11,60,0.8333333333333334
h025,39,3.717948717948718,2026-05-11,40,0.975
h026,44,3.9318181818181817,2026-05-11,50,0.88
h027,57,4.035087719298246,2026-05-11,60,0.95
h028,39,3.8205128205128207,2026-05-11,40,0.975
h029,26,3.6153846153846154,2026-05-11,30,0.8666666666666667
h030,54,3.7037037037037037,2026-05-11,60,0.9
h031,57,4.017543859649122,2026-05-11,60,0.95
h032,37,3.7837837837837838,2026-05-11,40,0.925
h033,27,3.814814814814815,2026-05-11,40,0.675
h034,54,3.8333333333333335,2026-05-11,60,0.9
h035,70,3.942857142857143,2026-05-11,70,1.0
h036,32,3.59375,2026-05-11,40,0.8
h037,26,4.269230769230769,2026-05-11,40,0.65
h038,27,3.6666666666666665,2026-05-11,30,0.9
h039,70,3.6714285714285713,2026-05-11,70,1.0
h040,39,3.6666666666666665,2026-05-11,50,0.78
h041,38,3.736842105263158,2026-05-11,40,0.95
h042,46,3.782608695652174,2026-05-11,50,0.92
h043,55,3.909090909090909,2026-05-11,60,0.9166666666666666
h044,48,3.6875,2026-05-11,50,0.96
h045,46,3.9565217391304346,2026-05-11,50,0.92
h046,40,4.225,2026-05-11,50,0.8
h047,31,3.6451612903225805,2026-05-11,40,0.775
h048,35,4.142857142857143,2026-05-11,40,0.875
h049,51,4.137254901960785,2026-05-11,60,0.85
h050,37,3.7837837837837838,2026-05-11,40,0.925
h001,62,3.8225806451612905,2026-05-12,70,0.8857142857142857
h002,29,3.6551724137931036,2026-05-12,30,0.9666666666666667
h003,34,3.676470588235294,2026-05-12,40,0.85
h004,37,4.0,2026-05-12,40,0.925
h005,38,3.789473684210526,2026-05-12,40,0.95
h006,57,3.7017543859649122,2026-05-12,70,0.8142857142857143
h007,34,3.735294117647059,2026-05-12,40,0.85
h008,37,4.216216216216216,2026-05-12,40,0.925
h009,44,3.909090909090909,2026-05-12,50,0.88
h010,38,3.9473684210526314,2026-05-12,40,0.95
h011,55,4.254545454545455,2026-05-12,60,0.9166666666666666
h012,38,3.973684210526316,2026-05-12,50,0.76
h013,46,3.9347826086956523,2026-05-12,50,0.92
h014,52,3.75,2026-05-12,60,0.8666666666666667
h015,56,3.732142857142857,2026-05-12,60,0.9333333333333333
h016,77,3.792207792207792,2026-05-12,80,0.9625
h017,44,4.0,2026-05-12,50,0.88
h018,55,3.7636363636363637,2026-05-12,60,0.9166666666666666
h019,44,3.7045454545454546,2026-05-12,50,0.88
h020,49,3.9183673469387754,2026-05-12,60,0.8166666666666667
h021,51,4.0588235294117645,2026-05-12,50,1.0
h022,26,3.5,2026-05-12,30,0.8666666666666667
h023,24,4.083333333333333,2026-05-12,30,0.8
h024,51,3.5686274509803924,2026-05-12,60,0.85
h025,39,3.717948717948718,2026-05-12,40,0.975
h026,44,3.9318181818181817,2026-05-12,50,0.88
h027,57,4.035087719298246,2026-05-12,60,0.95
h028,39,3.8205128205128207,2026-05-12,40,0.975
h029,26,3.6153846153846154,2026-05-12,30,0.8666666666666667
h030,54,3.7037037037037037,2026-05-12,60,0.9
h031,57,4.017543859649122,2026-05-12,60,0.95
h032,37,3.7837837837837838,2026-05-12,40,0.925
h033,27,3.814814814814815,2026-05-12,40,0.675
h034,54,3.8333333333333335,2026-05-12,60,0.9
h035,70,3.942857142857143,2026-05-12,70,1.0
h036,32,3.59375,2026-05-12,40,0.8
h037,26,4.269230769230769,2026-05-12,40,0.65
h038,27,3.6666666666666665,2026-05-12,30,0.9
h039,70,3.6714285714285713,2026-05-12,70,1.0
h040,39,3.6666666666666665,2026-05-12,50,0.78
h041,38,3.736842105263158,2026-05-12,40,0.95
h042,46,3.782608695652174,2026-05-12,50,0.92
h043,55,3.909090909090909,2026-05-12,60,0.9166666666666666
h044,48,3.6875,2026-05-12,50,0.96
h045,46,3.9565217391304346,2026-05-12,50,0.92
h046,40,4.225,2026-05-12,50,0.8
h047,30,3.7333333333333334,2026-05-12,40,0.75
h048,35,4.142857142857143,2026-05-12,40,0.875
h049,51,4.137254901960785,2026-05-12,60,0.85
h050,37,3.7837837837837838,2026-05-12,40,0.925
h001,62,3.8225806451612905,2026-05-13,70,0.8857142857142857
h002,29,3.6551724137931036,2026-05-13,30,0.9666666666666667
h003,34,3.676470588235294,2026-05-13,40,0.85
h004,37,4.0,2026-05-13,40,0.925
h005,38,3.789473684210526,2026-05-13,40,0.95
h006,58,3.7413793103448274,2026-05-13,70,0.8285714285714286
h007,34,3.735294117647059,2026-05-13,40,0.85
h008,37,4.216216216216216,2026-05-13,40,0.925
h009,44,3.909090909090909,2026-05-13,50,0.88
h010,38,3.9473684210526314,2026-05-13,40,0.95
h011,55,4.254545454545455,2026-05-13,60,0.9166666666666666
h012,38,3.973684210526316,2026-05-13,50,0.76
h013,46,3.9347826086956523,2026-05-13,50,0.92
h014,53,3.7547169811320753,2026-05-13,60,0.8833333333333333
h015,55,3.7636363636363637,2026-05-13,60,0.9166666666666666
h016,77,3.792207792207792,2026-05-13,80,0.9625
h017,44,4.0,2026-05-13,50,0.88
h018,55,3.7636363636363637,2026-05-13,60,0.9166666666666666
h019,44,3.7045454545454546,2026-05-13,50,0.88
h020,49,3.9183673469387754,2026-05-13,60,0.8166666666666667
h021,51,4.0588235294117645,2026-05-13,50,1.0
h022,26,3.5,2026-05-13,30,0.8666666666666667
h023,24,4.083333333333333,2026-05-13,30,0.8
h024,51,3.5686274509803924,2026-05-13,60,0.85
h025,39,3.717948717948718,2026-05-13,40,0.975
h026,44,3.9318181818181817,2026-05-13,50,0.88
h027,57,4.035087719298246,2026-05-13,60,0.95
h028,39,3.8205128205128207,2026-05-13,40,0.975
h029,26,3.6153846153846154,2026-05-13,30,0.8666666666666667
h030,54,3.7037037037037037,2026-05-13,60,0.9
h031,57,4.017543859649122,2026-05-13,60,0.95
h032,37,3.7837837837837838,2026-05-13,40,0.925
h033,27,3.814814814814815,2026-05-13,40,0.675
h034,54,3.8333333333333335,2026-05-13,60,0.9
h035,70,3.942857142857143,2026-05-13,70,1.0
h036,32,3.59375,2026-05-13,40,0.8
h037,26,4.269230769230769,2026-05-13,40,0.65
h038,27,3.6666666666666665,2026-05-13,30,0.9
h039,70,3.6714285714285713,2026-05-13,70,1.0
h040,39,3.6666666666666665,2026-05-13,50,0.78
h041,38,3.736842105263158,2026-05-13,40,0.95
h042,46,3.782608695652174,2026-05-13,50,0.92
h043,55,3.909090909090909,2026-05-13,60,0.9166666666666666
h044,48,3.6875,2026-05-13,50,0.96
h045,46,3.9565217391304346,2026-05-13,50,0.92
h046,40,4.225,2026-05-13,50,0.8
h047,30,3.7333333333333334,2026-05-13,40,0.75
h048,35,4.142857142857143,2026-05-13,40,0.875
h049,51,4.137254901960785,2026-05-13,60,0.85
h050,37,3.7837837837837838,2026-05-13,40,0.925
h001,62,3.8225806451612905,2026-05-14,70,0.8857142857142857
h002,28,3.642857142857143,2026-05-14,30,0.9333333333333333
h003,34,3.676470588235294,2026-05-14,40,0.85
h004,37,4.0,2026-05-14,40,0.925
h005,38,3.789473684210526,2026-05-14,40,0.95
h006,58,3.7413793103448274,2026-05-14,70,0.8285714285714286
h007,34,3.735294117647059,2026-05-14,40,0.85
h008,37,4.216216216216216,2026-05-14,40,0.925
h009,44,3.909090909090909,2026-05-14,50,0.88
h010,38,3.9473684210526314,2026-05-14,40,0.95
h011,55,4.254545454545455,2026-05-14,60,0.9166666666666666
h012,37,4.054054054054054,2026-05-14,50,0.74
h013,46,3.9347826086956523,2026-05-14,50,0.92
h014,53,3.7547169811320753,2026-05-14,60,0.8833333333333333
h015,55,3.7636363636363637,2026-05-14,60,0.9166666666666666
h016,77,3.792207792207792,2026-05-14,80,0.9625
h017,44,4.0,2026-05-14,50,0.88
h018,55,3.7636363636363637,2026-05-14,60,0.9166666666666666
h019,44,3.7045454545454546,2026-05-14,50,0.88
h020,49,3.9183673469387754,2026-05-14,60,0.8166666666666667
h021,51,4.0588235294117645,2026-05-14,50,1.0
h022,26,3.5,2026-05-14,30,0.8666666666666667
h023,24,4.083333333333333,2026-05-14,30,0.8
h024,51,3.5686274509803924,2026-05-14,60,0.85
h025,39,3.717948717948718,2026-05-14,40,0.975
h026,44,3.9318181818181817,2026-05-14,50,0.88
h027,57,4.035087719298246,2026-05-14,60,0.95
h028,40,3.8,2026-05-14,40,1.0
h029,26,3.6153846153846154,2026-05-14,30,0.8666666666666667
h030,54,3.7037037037037037,2026-05-14,60,0.9
h031,57,4.017543859649122,2026-05-14,60,0.95
h032,37,3.7837837837837838,2026-05-14,40,0.925
h033,27,3.814814814814815,2026-05-14,40,0.675
h034,54,3.8333333333333335,2026-05-14,60,0.9
h035,70,3.942857142857143,2026-05-14,70,1.0
h036,32,3.59375,2026-05-14,40,0.8
h037,26,4.269230769230769,2026-05-14,40,0.65
h038,27,3.6666666666666665,2026-05-14,30,0.9
h039,70,3.6714285714285713,2026-05-14,70,1.0
h040,39,3.6666666666666665,2026-05-14,50,0.78
h041,38,3.736842105263158,2026-05-14,40,0.95
h042,46,3.782608695652174,2026-05-14,50,0.92
h043,56,3.9107142857142856,2026-05-14,60,0.9333333333333333
h044,48,3.6875,2026-05-14,50,0.96
h045,46,3.9565217391304346,2026-05-14,50,0.92
h046,40,4.225,2026-05-14,50,0.8
h047,30,3.7333333333333334,2026-05-14,40,0.75
h048,35,4.142857142857143,2026-05-14,40,0.875
h049,51,4.137254901960785,2026-05-14,60,0.85
h050,37,3.7837837837837838,2026-05-14,40,0.925
h001,62,3.8225806451612905,2026-05-15,70,0.8857142857142857
h002,28,3.642857142857143,2026-05-15,30,0.9333333333333333
h003,34,3.676470588235294,2026-05-15,40,0.85
h004,37,4.0,2026-05-15,40,0.925
h005,38,3.789473684210526,2026-05-15,40,0.95
h006,58,3.7413793103448274,2026-05-15,70,0.8285714285714286
h007,34,3.735294117647059,2026-05-15,40,0.85
h008,37,4.216216216216216,2026-05-15,40,0.925
h009,44,3.909090909090909,2026-05-15,50,0.88
h010,38,3.9473684210526314,2026-05-15,40,0.95
h011,55,4.254545454545455,2026-05-15,60,0.9166666666666666
h012,37,4.054054054054054,2026-05-15,50,0.74
h013,46,3.9347826086956523,2026-05-15,50,0.92
h014,53,3.7547169811320753,2026-05-15,60,0.8833333333333333
h015,55,3.7636363636363637,2026-05-15,60,0.9166666666666666
h016,77,3.792207792207792,2026-05-15,80,0.9625
h017,44,4.0,2026-05-15,50,0.88
h018,55,3.7636363636363637,2026-05-15,60,0.9166666666666666
h019,44,3.7045454545454546,2026-05-15,50,0.88
h020,49,3.9183673469387754,2026-05-15,60,0.8166666666666667
h021,51,4.0588235294117645,2026-05-15,50,1.0
h022,26,3.5,2026-05-15,30,0.8666666666666667
h023,24,4.083333333333333,2026-05-15,30,0.8
h024,51,3.5686274509803924,2026-05-15,60,0.85
h025,39,3.717948717948718,2026-05-15,40,0.975
h026,44,3.9318181818181817,2026-05-15,50,0.88
h027,57,4.035087719298246,2026-05-15,60,0.95
h028,39,3.7948717948717947,2026-05-15,40,0.975
h029,26,3.6153846153846154,2026-05-15,30,0.8666666666666667
h030,54,3.7037037037037037,2026-05-15,60,0.9
h031,57,4.017543859649122,2026-05-15,60,0.95
h032,37,3.7837837837837838,2026-05-15,40,0.925
h033,27,3.814814814814815,2026-05-15,40,0.675
h034,53,3.830188679245283,2026-05-15,60,0.8833333333333333
h035,69,3.9130434782608696,2026-05-15,70,0.9857142857142858
h036,32,3.59375,2026-05-15,40,0.8
h037,26,4.269230769230769,2026-05-15,40,0.65
h038,27,3.6666666666666665,2026-05-15,30,0.9
h039,70,3.6714285714285713,2026-05-15,70,1.0
h040,39,3.6666666666666665,2026-05-15,50,0.78
h041,38,3.736842105263158,2026-05-15,40,0.95
h042,46,3.782608695652174,2026-05-15,50,0.92
h043,56,3.9107142857142856,2026-05-15,60,0.9333333333333333
h044,48,3.6875,2026-05-15,50,0.96
h045,46,3.9565217391304346,2026-05-15,50,0.92
h046,40,4.225,2026-05-15,50,0.8
h047,31,3.7096774193548385,2026-05-15,40,0.775
h048,35,4.142857142857143,2026-05-15,40,0.875
h049,51,4.137254901960785,2026-05-15,60,0.85
h050,37,3.7837837837837838,2026-05-15,40,0.925
h001,62,3.8225806451612905,2026-05-16,70,0.8857142857142857
h002,28,3.642857142857143,2026-05-16,30,0.9333333333333333
h003,34,3.676470588235294,2026-05-16,40,0.85
h004,37,4.0,2026-05-16,40,0.925
h005,38,3.789473684210526,2026-05-16,40,0.95
h006,58,3.7413793103448274,2026-05-16,70,0.8285714285714286
h007,34,3.735294117647059,2026-05-16,40,0.85
h008,37,4.216216216216216,2026-05-16,40,0.925
h009,44,3.909090909090909,2026-05-16,50,0.88
h010,38,3.9473684210526314,2026-05-16,40,0.95
h011,55,4.254545454545455,2026-05-16,60,0.9166666666666666
h012,37,4.054054054054054,2026-05-16,50,0.74
h013,46,3.9347826086956523,2026-05-16,50,0.92
h014,53,3.7547169811320753,2026-05-16,60,0.8833333333333333
h015,55,3.7636363636363637,2026-05-16,60,0.9166666666666666
h016,77,3.792207792207792,2026-05-16,80,0.9625
h017,44,4.0,2026-05-16,50,0.88
h018,55,3.7636363636363637,2026-05-16,60,0.9166666666666666
h019,45,3.688888888888889,2026-05-16,50,0.9
h020,49,3.9183673469387754,2026-05-16,60,0.8166666666666667
h021,51,4.0588235294117645,2026-05-16,50,1.0
h022,25,3.48,2026-05-16,30,0.8333333333333334
h023,25,4.08,2026-05-16,30,0.8333333333333334
h024,51,3.5686274509803924,2026-05-16,60,0.85
h025,39,3.717948717948718,2026-05-16,40,0.975
h026,44,3.9318181818181817,2026-05-16,50,0.88
h027,57,4.035087719298246,2026-05-16,60,0.95
h028,39,3.7948717948717947,2026-05-16,40,0.975
h029,26,3.6153846153846154,2026-05-16,30,0.8666666666666667
h030,54,3.7037037037037037,2026-05-16,60,0.9
h031,57,4.017543859649122,2026-05-16,60,0.95
h032,37,3.7837837837837838,2026-05-16,40,0.925
h033,27,3.814814814814815,2026-05-16,40,0.675
h034,53,3.830188679245283,2026-05-16,60,0.8833333333333333
h035,69,3.9130434782608696,2026-05-16,70,0.9857142857142858
h036,32,3.59375,2026-05-16,40,0.8
h037,26,4.269230769230769,2026-05-16,40,0.65
h038,27,3.6666666666666665,2026-05-16,30,0.9
h039,70,3.6714285714285713,2026-05-16,70,1.0
h040,39,3.6666666666666665,2026-05-16,50,0.78
h041,38,3.736842105263158,2026-05-16,40,0.95
h042,46,3.782608695652174,2026-05-16,50,0.92
h043,56,3.9107142857142856,2026-05-16,60,0.9333333333333333
h044,48,3.6875,2026-05-16,50,0.96
h045,46,3.9565217391304346,2026-05-16,50,0.92
h046,40,4.225,2026-05-16,50,0.8
h047,31,3.7096774193548385,2026-05-16,40,0.775
h048,35,4.142857142857143,2026-05-16,40,0.875
h049,51,4.137254901960785,2026-05-16,60,0.85
h050,37,3.7837837837837838,2026-05-16,40,0.925
h001,62,3.8225806451612905,2026-05-17,70,0.8857142857142857
h002,28,3.642857142857143,2026-05-17,30,0.9333333333333333
h003,34,3.676470588235294,2026-05-17,40,0.85
h004,37,4.0,2026-05-17,40,0.925
h005,38,3.789473684210526,2026-05-17,40,0.95
h006,59,3.76271186440678,2026-05-17,70,0.8428571428571429
h007,34,3.735294117647059,2026-05-17,40,0.85
h008,37,4.216216216216216,2026-05-17,40,0.925
h009,44,3.909090909090909,2026-05-17,50,0.88
h010,38,3.9473684210526314,2026-05-17,40,0.95
h011,55,4.254545454545455,2026-05-17,60,0.9166666666666666
h012,37,4.054054054054054,2026-05-17,50,0.74
h013,46,3.9347826086956523,2026-05-17,50,0.92
h014,53,3.7547169811320753,2026-05-17,60,0.8833333333333333
h015,55,3.7636363636363637,2026-05-17,60,0.9166666666666666
h016,77,3.792207792207792,2026-05-17,80,0.9625
h017,44,4.0,2026-05-17,50,0.88
h018,56,3.75,2026-05-17,60,0.9333333333333333
h019,45,3.688888888888889,2026-05-17,50,0.9
h020,49,3.9183673469387754,2026-05-17,60,0.8166666666666667
h021,52,4.096153846153846,2026-05-17,50,1.0
h022,25,3.48,2026-05-17,30,0.8333333333333334
h023,25,4.08,2026-05-17,30,0.8333333333333334
h024,50,3.56,2026-05-17,60,0.8333333333333334
h025,40,3.725,2026-05-17,40,1.0
h026,44,3.9318181818181817,2026-05-17,50,0.88
h027,57,4.035087719298246,2026-05-17,60,0.95
h028,39,3.7948717948717947,2026-05-17,40,0.975
h029,26,3.6153846153846154,2026-05-17,30,0.8666666666666667
h030,54,3.7037037037037037,2026-05-17,60,0.9
h031,57,4.017543859649122,2026-05-17,60,0.95
h032,37,3.7837837837837838,2026-05-17,40,0.925
h033,27,3.814814814814815,2026-05-17,40,0.675
h034,53,3.830188679245283,2026-05-17,60,0.8833333333333333
h035,69,3.9130434782608696,2026-05-17,70,0.9857142857142858
h036,32,3.59375,2026-05-17,40,0.8
h037,26,4.269230769230769,2026-05-17,40,0.65
h038,27,3.6666666666666665,2026-05-17,30,0.9
h039,70,3.6714285714285713,2026-05-17,70,1.0
h040,39,3.6666666666666665,2026-05-17,50,0.78
h041,38,3.736842105263158,2026-05-17,40,0.95
h042,46,3.782608695652174,2026-05-17,50,0.92
h043,56,3.9107142857142856,2026-05-17,60,0.9333333333333333
h044,49,3.7142857142857144,2026-05-17,50,0.98
h045,46,3.9565217391304346,2026-05-17,50,0.92
h046,40,4.225,2026-05-17,50,0.8
h047,31,3.7096774193548385,2026-05-17,40,0.775
h048,35,4.142857142857143,2026-05-17,40,0.875
h049,51,4.137254901960785,2026-05-17,60,0.85
h050,37,3.7837837837837838,2026-05-17,40,0.925
h001,62,3.8225806451612905,2026-05-18,70,0.8857142857142857
h002,28,3.642857142857143,2026-05-18,30,0.9333333333333333
h003,34,3.676470588235294,2026-05-18,40,0.85
h004,37,4.0,2026-05-18,40,0.925
h005,38,3.789473684210526,2026-05-18,40,0.95
h006,59,3.76271186440678,2026-05-18,70,0.8428571428571429
h007,34,3.735294117647059,2026-05-18,40,0.85
h008,37,4.216216216216216,2026-05-18,40,0.925
h009,44,3.909090909090909,2026-05-18,50,0.88
h010,38,3.9473684210526314,2026-05-18,40,0.95
h011,55,4.254545454545455,2026-05-18,60,0.9166666666666666
h012,37,4.054054054054054,2026-05-18,50,0.74
h013,46,3.9347826086956523,2026-05-18,50,0.92
h014,53,3.7547169811320753,2026-05-18,60,0.8833333333333333
h015,55,3.7636363636363637,2026-05-18,60,0.9166666666666666
h016,77,3.792207792207792,2026-05-18,80,0.9625
h017,44,4.0,2026-05-18,50,0.88
h018,56,3.75,2026-05-18,60,0.9333333333333333
h019,45,3.688888888888889,2026-05-18,50,0.9
h020,49,3.9183673469387754,2026-05-18,60,0.8166666666666667
h021,52,4.096153846153846,2026-05-18,50,1.0
h022,25,3.48,2026-05-18,30,0.8333333333333334
h023,25,4.08,2026-05-18,30,0.8333333333333334
h024,50,3.56,2026-05-18,60,0.8333333333333334
h025,40,3.725,2026-05-18,40,1.0
h026,44,3.9318181818181817,2026-05-18,50,0.88
h027,57,4.035087719298246,2026-05-18,60,0.95
h028,39,3.7948717948717947,2026-05-18,40,0.975
h029,26,3.6153846153846154,2026-05-18,30,0.8666666666666667
h030,54,3.7037037037037037,2026-05-18,60,0.9
h031,57,4.017543859649122,2026-05-18,60,0.95
h032,38,3.736842105263158,2026-05-18,40,0.95
h033,27,3.814814814814815,2026-05-18,40,0.675
h034,53,3.830188679245283,2026-05-18,60,0.8833333333333333
h035,69,3.9130434782608696,2026-05-18,70,0.9857142857142858
h036,32,3.59375,2026-05-18,40,0.8
h037,26,4.269230769230769,2026-05-18,40,0.65
h038,27,3.6666666666666665,2026-05-18,30,0.9
h039,70,3.6714285714285713,2026-05-18,70,1.0
h040,39,3.6666666666666665,2026-05-18,50,0.78
h041,38,3.736842105263158,2026-05-18,40,0.95
h042,46,3.782608695652174,2026-05-18,50,0.92
h043,56,3.9107142857142856,2026-05-18,60,0.9333333333333333
h044,48,3.75,2026-05-18,50,0.96
h045,46,3.9565217391304346,2026-05-18,50,0.92
h046,40,4.225,2026-05-18,50,0.8
h047,30,3.6666666666666665,2026-05-18,40,0.75
h048,35,4.142857142857143,2026-05-18,40,0.875
h049,51,4.137254901960785,2026-05-18,60,0.85
h050,37,3.7837837837837838,2026-05-18,40,0.925
h001,62,3.8225806451612905,2026-05-19,70,0.8857142857142857
h002,28,3.642857142857143,2026-05-19,30,0.9333333333333333
h003,34,3.676470588235294,2026-05-19,40,0.85
h004,36,4.0,2026-05-19,40,0.9
h005,38,3.789473684210526,2026-05-19,40,0.95
h006,59,3.76271186440678,2026-05-19,70,0.8428571428571429
h007,34,3.735294117647059,2026-05-19,40,0.85
h008,37,4.216216216216216,2026-05-19,40,0.925
h009,43,3.883720930232558,2026-05-19,50,0.86
h010,38,3.9473684210526314,2026-05-19,40,0.95
h011,55,4.254545454545455,2026-05-19,60,0.9166666666666666
h012,36,4.027777777777778,2026-05-19,50,0.72
h013,47,3.9148936170212765,2026-05-19,50,0.94
h014,53,3.7547169811320753,2026-05-19,60,0.8833333333333333
h015,55,3.7636363636363637,2026-05-19,60,0.9166666666666666
h016,77,3.792207792207792,2026-05-19,80,0.9625
h017,44,4.0,2026-05-19,50,0.88
h018,56,3.75,2026-05-19,60,0.9333333333333333
h019,45,3.688888888888889,2026-05-19,50,0.9
h020,49,3.9183673469387754,2026-05-19,60,0.8166666666666667
h021,51,4.117647058823529,2026-05-19,50,1.0
h022,25,3.48,2026-05-19,30,0.8333333333333334
h023,25,4.08,2026-05-19,30,0.8333333333333334
h024,50,3.56,2026-05-19,60,0.8333333333333334
h025,40,3.725,2026-05-19,40,1.0
h026,44,3.9318181818181817,2026-05-19,50,0.88
h027,57,4.035087719298246,2026-05-19,60,0.95
h028,39,3.7948717948717947,2026-05-19,40,0.975
h029,26,3.6153846153846154,2026-05-19,30,0.8666666666666667
h030,53,3.7547169811320753,2026-05-19,60,0.8833333333333333
h031,57,4.017543859649122,2026-05-19,60,0.95
h032,38,3.736842105263158,2026-05-19,40,0.95
h033,27,3.814814814814815,2026-05-19,40,0.675
h034,53,3.830188679245283,2026-05-19,60,0.8833333333333333
h035,69,3.9130434782608696,2026-05-19,70,0.9857142857142858
h036,32,3.59375,2026-05-19,40,0.8
h037,26,4.269230769230769,2026-05-19,40,0.65
h038,27,3.6666666666666665,2026-05-19,30,0.9
h039,70,3.6714285714285713,2026-05-19,70,1.0
h040,39,3.6666666666666665,2026-05-19,50,0.78
h041,38,3.736842105263158,2026-05-19,40,0.95
h042,46,3.782608695652174,2026-05-19,50,0.92
h043,57,3.8947368421052633,2026-05-19,60,0.95
h044,48,3.75,2026-05-19,50,0.96
h045,46,3.9565217391304346,2026-05-19,50,0.92
h046,40,4.225,2026-05-19,50,0.8
h047,30,3.6666666666666665,2026-05-19,40,0.75
h048,35,4.142857142857143,2026-05-19,40,0.875
h049,51,4.137254901960785,2026-05-19,60,0.85
h050,37,3.7837837837837838,2026-05-19,40,0.925
h001,62,3.8225806451612905,2026-05-20,70,0.8857142857142857
h002,28,3.642857142857143,2026-05-20,30,0.9333333333333333
h003,34,3.676470588235294,2026-05-20,40,0.85
h004,36,4.0,2026-05-20,40,0.9
h005,38,3.789473684210526,2026-05-20,40,0.95
h006,59,3.76271186440678,2026-05-20,70,0.8428571428571429
h007,34,3.735294117647059,2026-05-20,40,0.85
h008,37,4.216216216216216,2026-05-20,40,0.925
h009,43,3.883720930232558,2026-05-20,50,0.86
h010,38,3.9473684210526314,2026-05-20,40,0.95
h011,55,4.254545454545455,2026-05-20,60,0.9166666666666666
h012,36,4.027777777777778,2026-05-20,50,0.72
h013,47,3.9148936170212765,2026-05-20,50,0.94
h014,51,3.803921568627451,2026-05-20,60,0.85
h015,55,3.7636363636363637,2026-05-20,60,0.9166666666666666
h016,77,3.792207792207792,2026-05-20,80,0.9625
h017,44,4.0,2026-05-20,50,0.88
h018,56,3.75,2026-05-20,60,0.9333333333333333
h019,45,3.688888888888889,2026-05-20,50,0.9
h020,49,3.9183673469387754,2026-05-20,60,0.8166666666666667
h021,51,4.117647058823529,2026-05-20,50,1.0
h022,25,3.48,2026-05-20,30,0.8333333333333334
h023,25,4.08,2026-05-20,30,0.8333333333333334
h024,50,3.56,2026-05-20,60,0.8333333333333334
h025,40,3.725,2026-05-20,40,1.0
h026,44,3.9318181818181817,2026-05-20,50,0.88
h027,57,4.035087719298246,2026-05-20,60,0.95
h028,40,3.8,2026-05-20,40,1.0
h029,26,3.6153846153846154,2026-05-20,30,0.8666666666666667
h030,53,3.7547169811320753,2026-05-20,60,0.8833333333333333
h031,57,4.017543859649122,2026-05-20,60,0.95
h032,38,3.736842105263158,2026-05-20,40,0.95
h033,27,3.814814814814815,2026-05-20,40,0.675
h034,53,3.830188679245283,2026-05-20,60,0.8833333333333333
h035,69,3.9130434782608696,2026-05-20,70,0.9857142857142858
h036,31,3.6129032258064515,2026-05-20,40,0.775
h037,26,4.269230769230769,2026-05-20,40,0.65
h038,27,3.6666666666666665,2026-05-20,30,0.9
h039,70,3.6714285714285713,2026-05-20,70,1.0
h040,39,3.6666666666666665,2026-05-20,50,0.78
h041,38,3.736842105263158,2026-05-20,40,0.95
h042,46,3.782608695652174,2026-05-20,50,0.92
h043,57,3.8947368421052633,2026-05-20,60,0.95
h044,48,3.75,2026-05-20,50,0.96
h045,45,3.933333333333333,2026-05-20,50,0.9
h046,40,4.225,2026-05-20,50,0.8
h047,30,3.6666666666666665,2026-05-20,40,0.75
h048,35,4.142857142857143,2026-05-20,40,0.875
h049,51,4.137254901960785,2026-05-20,60,0.85
h050,37,3.7837837837837838,2026-05-20,40,0.925
h001,62,3.8225806451612905,2026-05-21,70,0.8857142857142857
h002,28,3.642857142857143,2026-05-21,30,0.9333333333333333
h003,34,3.676470588235294,2026-05-21,40,0.85
h004,36,4.0,2026-05-21,40,0.9
h005,38,3.789473684210526,2026-05-21,40,0.95
h006,59,3.76271186440678,2026-05-21,70,0.8428571428571429
h007,34,3.735294117647059,2026-05-21,40,0.85
h008,38,4.184210526315789,2026-05-21,40,0.95
h009,43,3.883720930232558,2026-05-21,50,0.86
h010,38,3.9473684210526314,2026-05-21,40,0.95
h011,55,4.254545454545455,2026-05-21,60,0.9166666666666666
h012,36,4.027777777777778,2026-05-21,50,0.72
h013,46,3.9130434782608696,2026-05-21,50,0.92
h014,51,3.803921568627451,2026-05-21,60,0.85
h015,55,3.7636363636363637,2026-05-21,60,0.9166666666666666
h016,77,3.792207792207792,2026-05-21,80,0.9625
h017,44,4.0,2026-05-21,50,0.88
h018,56,3.75,2026-05-21,60,0.9333333333333333
h019,45,3.688888888888889,2026-05-21,50,0.9
h020,49,3.9183673469387754,2026-05-21,60,0.8166666666666667
h021,51,4.117647058823529,2026-05-21,50,1.0
h022,24,3.4583333333333335,2026-05-21,30,0.8
h023,25,4.08,2026-05-21,30,0.8333333333333334
h024,50,3.56,2026-05-21,60,0.8333333333333334
h025,40,3.725,2026-05-21,40,1.0
h026,44,3.9318181818181817,2026-05-21,50,0.88
h027,57,4.035087719298246,2026-05-21,60,0.95
h028,40,3.8,2026-05-21,40,1.0
h029,26,3.6153846153846154,2026-05-21,30,0.8666666666666667
h030,53,3.7547169811320753,2026-05-21,60,0.8833333333333333
h031,57,4.017543859649122,2026-05-21,60,0.95
h032,38,3.736842105263158,2026-05-21,40,0.95
h033,27,3.814814814814815,2026-05-21,40,0.675
h034,53,3.830188679245283,2026-05-21,60,0.8833333333333333
h035,69,3.9130434782608696,2026-05-21,70,0.9857142857142858
h036,31,3.6129032258064515,2026-05-21,40,0.775
h037,27,4.185185185185185,2026-05-21,40,0.675
h038,27,3.6666666666666665,2026-05-21,30,0.9
h039,69,3.681159420289855,2026-05-21,70,0.9857142857142858
h040,39,3.6666666666666665,2026-05-21,50,0.78
h041,38,3.736842105263158,2026-05-21,40,0.95
h042,46,3.782608695652174,2026-05-21,50,0.92
h043,57,3.8947368421052633,2026-05-21,60,0.95
h044,48,3.75,2026-05-21,50,0.96
h045,45,3.933333333333333,2026-05-21,50,0.9
h046,40,4.225,2026-05-21,50,0.8
h047,30,3.6666666666666665,2026-05-21,40,0.75
h048,35,4.142857142857143,2026-05-21,40,0.875
h049,50,4.14,2026-05-21,60,0.8333333333333334
h050,37,3.7837837837837838,2026-05-21,40,0.925
h001,62,3.8225806451612905,2026-05-22,70,0.8857142857142857
h002,28,3.642857142857143,2026-05-22,30,0.9333333333333333
h003,34,3.676470588235294,2026-05-22,40,0.85
h004,36,4.0,2026-05-22,40,0.9
h005,38,3.789473684210526,2026-05-22,40,0.95
h006,59,3.76271186440678,2026-05-22,70,0.8428571428571429
h007,34,3.735294117647059,2026-05-22,40,0.85
h008,38,4.184210526315789,2026-05-22,40,0.95
h009,42,3.857142857142857,2026-05-22,50,0.84
h010,38,3.9473684210526314,2026-05-22,40,0.95
h011,55,4.254545454545455,2026-05-22,60,0.9166666666666666
h012,36,4.027777777777778,2026-05-22,50,0.72
h013,46,3.9130434782608696,2026-05-22,50,0.92
h014,51,3.803921568627451,2026-05-22,60,0.85
h015,55,3.7636363636363637,2026-05-22,60,0.9166666666666666
h016,77,3.792207792207792,2026-05-22,80,0.9625
h017,44,4.0,2026-05-22,50,0.88
h018,56,3.75,2026-05-22,60,0.9333333333333333
h019,45,3.688888888888889,2026-05-22,50,0.9
h020,49,3.9183673469387754,2026-05-22,60,0.8166666666666667
h021,51,4.117647058823529,2026-05-22,50,1.0
h022,24,3.4583333333333335,2026-05-22,30,0.8
h023,25,4.08,2026-05-22,30,0.8333333333333334
h024,50,3.56,2026-05-22,60,0.8333333333333334
h025,40,3.725,2026-05-22,40,1.0
h026,43,3.9302325581395348,2026-05-22,50,0.86
h027,57,4.035087719298246,2026-05-22,60,0.95
h028,40,3.8,2026-05-22,40,1.0
h029,26,3.6153846153846154,2026-05-22,30,0.8666666666666667
h030,53,3.7547169811320753,2026-05-22,60,0.8833333333333333
h031,57,4.017543859649122,2026-05-22,60,0.95
h032,38,3.736842105263158,2026-05-22,40,0.95
h033,27,3.814814814814815,2026-05-22,40,0.675
h034,53,3.830188679245283,2026-05-22,60,0.8833333333333333
h035,68,3.9558823529411766,2026-05-22,70,0.9714285714285714
h036,31,3.6129032258064515,2026-05-22,40,0.775
h037,27,4.185185185185185,2026-05-22,40,0.675
h038,27,3.6666666666666665,2026-05-22,30,0.9
h039,69,3.681159420289855,2026-05-22,70,0.9857142857142858
h040,39,3.6666666666666665,2026-05-22,50,0.78
h041,38,3.736842105263158,2026-05-22,40,0.95
h042,46,3.782608695652174,2026-05-22,50,0.92
h043,57,3.8947368421052633,2026-05-22,60,0.95
h044,48,3.75,2026-05-22,50,0.96
h045,45,3.933333333333333,2026-05-22,50,0.9
h046,40,4.225,2026-05-22,50,0.8
h047,30,3.6666666666666665,2026-05-22,40,0.75
h048,35,4.142857142857143,2026-05-22,40,0.875
h049,50,4.14,2026-05-22,60,0.8333333333333334
h050,37,3.7837837837837838,2026-05-22,40,0.925
h001,62,3.8225806451612905,2026-05-23,70,0.8857142857142857
h002,28,3.642857142857143,2026-05-23,30,0.9333333333333333
h003,34,3.676470588235294,2026-05-23,40,0.85
h004,36,4.0,2026-05-23,40,0.9
h005,38,3.789473684210526,2026-05-23,40,0.95
h006,59,3.76271186440678,2026-05-23,70,0.8428571428571429
h007,34,3.735294117647059,2026-05-23,40,0.85
h008,38,4.184210526315789,2026-05-23,40,0.95
h009,42,3.857142857142857,2026-05-23,50,0.84
h010,38,3.9473684210526314,2026-05-23,40,0.95
h011,55,4.254545454545455,2026-05-23,60,0.9166666666666666
h012,36,4.027777777777778,2026-05-23,50,0.72
h013,46,3.9130434782608696,2026-05-23,50,0.92
h014,51,3.803921568627451,2026-05-23,60,0.85
h015,55,3.7636363636363637,2026-05-23,60,0.9166666666666666
h016,77,3.792207792207792,2026-05-23,80,0.9625
h017,44,4.0,2026-05-23,50,0.88
h018,56,3.75,2026-05-23,60,0.9333333333333333
h019,45,3.688888888888889,2026-05-23,50,0.9
h020,49,3.9183673469387754,2026-05-23,60,0.8166666666666667
h021,51,4.117647058823529,2026-05-23,50,1.0
h022,24,3.4583333333333335,2026-05-23,30,0.8
h023,25,4.08,2026-05-23,30,0.8333333333333334
h024,50,3.56,2026-05-23,60,0.8333333333333334
h025,40,3.725,2026-05-23,40,1.0
h026,43,3.9302325581395348,2026-05-23,50,0.86
h027,57,4.035087719298246,2026-05-23,60,0.95
h028,40,3.8,2026-05-23,40,1.0
h029,26,3.6153846153846154,2026-05-23,30,0.8666666666666667
h030,53,3.7547169811320753,2026-05-23,60,0.8833333333333333
h031,57,4.017543859649122,2026-05-23,60,0.95
h032,38,3.736842105263158,2026-05-23,40,0.95
h033,27,3.814814814814815,2026-05-23,40,0.675
h034,53,3.830188679245283,2026-05-23,60,0.8833333333333333
h035,68,3.9558823529411766,2026-05-23,70,0.9714285714285714
h036,31,3.6129032258064515,2026-05-23,40,0.775
h037,27,4.185185185185185,2026-05-23,40,0.675
h038,27,3.6666666666666665,2026-05-23,30,0.9
h039,69,3.681159420289855,2026-05-23,70,0.9857142857142858
h040,39,3.6666666666666665,2026-05-23,50,0.78
h041,38,3.736842105263158,2026-05-23,40,0.95
h042,46,3.782608695652174,2026-05-23,50,0.92
h043,57,3.8947368421052633,2026-05-23,60,0.95
h044,48,3.75,2026-05-23,50,0.96
h045,45,3.933333333333333,2026-05-23,50,0.9
h046,40,4.225,2026-05-23,50,0.8
h047,30,3.6666666666666665,2026-05-23,40,0.75
h048,35,4.142857142857143,2026-05-23,40,0.875
h049,50,4.14,2026-05-23,60,0.8333333333333334
h050,37,3.7837837837837838,2026-05-23,40,0.925
h001,62,3.8225806451612905,2026-05-24,70,0.8857142857142857
h002,28,3.642857142857143,2026-05-24,30,0.9333333333333333
h003,34,3.676470588235294,2026-05-24,40,0.85
h004,36,4.0,2026-05-24,40,0.9
h005,38,3.789473684210526,2026-05-24,40,0.95
h006,59,3.76271186440678,2026-05-24,70,0.8428571428571429
h007,34,3.735294117647059,2026-05-24,40,0.85
h008,38,4.184210526315789,2026-05-24,40,0.95
h009,42,3.857142857142857,2026-05-24,50,0.84
h010,38,3.9473684210526314,2026-05-24,40,0.95
h011,55,4.254545454545455,2026-05-24,60,0.9166666666666666
h012,35,4.0285714285714285,2026-05-24,50,0.7
h013,46,3.9130434782608696,2026-05-24,50,0.92
h014,51,3.803921568627451,2026-05-24,60,0.85
h015,55,3.7636363636363637,2026-05-24,60,0.9166666666666666
h016,77,3.792207792207792,2026-05-24,80,0.9625
h017,44,4.0,2026-05-24,50,0.88
h018,56,3.75,2026-05-24,60,0.9333333333333333
h019,45,3.688888888888889,2026-05-24,50,0.9
h020,49,3.9183673469387754,2026-05-24,60,0.8166666666666667
h021,51,4.117647058823529,2026-05-24,50,1.0
h022,24,3.4583333333333335,2026-05-24,30,0.8
h023,25,4.08,2026-05-24,30,0.8333333333333334
h024,50,3.56,2026-05-24,60,0.8333333333333334
h025,40,3.725,2026-05-24,40,1.0
h026,43,3.9302325581395348,2026-05-24,50,0.86
h027,57,4.035087719298246,2026-05-24,60,0.95
h028,40,3.8,2026-05-24,40,1.0
h029,26,3.6153846153846154,2026-05-24,30,0.8666666666666667
h030,52,3.730769230769231,2026-05-24,60,0.8666666666666667
h031,57,4.017543859649122,2026-05-24,60,0.95
h032,38,3.736842105263158,2026-05-24,40,0.95
h033,27,3.814814814814815,2026-05-24,40,0.675
h034,53,3.830188679245283,2026-05-24,60,0.8833333333333333
h035,68,3.9558823529411766,2026-05-24,70,0.9714285714285714
h036,31,3.6129032258064515,2026-05-24,40,0.775
h037,27,4.185185185185185,2026-05-24,40,0.675
h038,26,3.6538461538461537,2026-05-24,30,0.8666666666666667
h039,68,3.7205882352941178,2026-05-24,70,0.9714285714285714
h040,39,3.6666666666666665,2026-05-24,50,0.78
h041,38,3.736842105263158,2026-05-24,40,0.95
h042,45,3.8,2026-05-24,50,0.9
h043,57,3.8947368421052633,2026-05-24,60,0.95
h044,48,3.75,2026-05-24,50,0.96
h045,45,3.933333333333333,2026-05-24,50,0.9
h046,40,4.225,2026-05-24,50,0.8
h047,30,3.6666666666666665,2026-05-24,40,0.75
h048,35,4.142857142857143,2026-05-24,40,0.875
h049,50,4.14,2026-05-24,60,0.8333333333333334
h050,37,3.7837837837837838,2026-05-24,40,0.925
h001,62,3.8225806451612905,2026-05-25,70,0.8857142857142857
h002,28,3.642857142857143,2026-05-25,30,0.9333333333333333
h003,34,3.676470588235294,2026-05-25,40,0.85
h004,36,4.0,2026-05-25,40,0.9
h005,38,3.789473684210526,2026-05-25,40,0.95
h006,59,3.76271186440678,2026-05-25,70,0.8428571428571429
h007,34,3.735294117647059,2026-05-25,40,0.85
h008,37,4.135135135135135,2026-05-25,40,0.925
h009,41,3.8780487804878048,2026-05-25,50,0.82
h010,37,4.0,2026-05-25,40,0.925
h011,55,4.254545454545455,2026-05-25,60,0.9166666666666666
h012,35,4.0285714285714285,2026-05-25,50,0.7
h013,46,3.9130434782608696,2026-05-25,50,0.92
h014,51,3.803921568627451,2026-05-25,60,0.85
h015,55,3.7636363636363637,2026-05-25,60,0.9166666666666666
h016,77,3.792207792207792,2026-05-25,80,0.9625
h017,44,4.0,2026-05-25,50,0.88
h018,56,3.75,2026-05-25,60,0.9333333333333333
h019,46,3.717391304347826,2026-05-25,50,0.92
h020,49,3.9183673469387754,2026-05-25,60,0.8166666666666667
h021,51,4.117647058823529,2026-05-25,50,1.0
h022,24,3.4583333333333335,2026-05-25,30,0.8
h023,25,4.08,2026-05-25,30,0.8333333333333334
h024,50,3.56,2026-05-25,60,0.8333333333333334
h025,40,3.725,2026-05-25,40,1.0
h026,43,3.9302325581395348,2026-05-25,50,0.86
h027,57,4.035087719298246,2026-05-25,60,0.95
h028,40,3.8,2026-05-25,40,1.0
h029,26,3.6153846153846154,2026-05-25,30,0.8666666666666667
h030,52,3.730769230769231,2026-05-25,60,0.8666666666666667
h031,56,4.0,2026-05-25,60,0.9333333333333333
h032,38,3.736842105263158,2026-05-25,40,0.95
h033,27,3.814814814814815,2026-05-25,40,0.675
h034,53,3.830188679245283,2026-05-25,60,0.8833333333333333
h035,68,3.9558823529411766,2026-05-25,70,0.9714285714285714
h036,31,3.6129032258064515,2026-05-25,40,0.775
h037,27,4.185185185185185,2026-05-25,40,0.675
h038,26,3.6538461538461537,2026-05-25,30,0.8666666666666667
h039,68,3.7205882352941178,2026-05-25,70,0.9714285714285714
h040,39,3.6666666666666665,2026-05-25,50,0.78
h041,38,3.736842105263158,2026-05-25,40,0.95
h042,46,3.8043478260869565,2026-05-25,50,0.92
h043,56,3.875,2026-05-25,60,0.9333333333333333
h044,48,3.75,2026-05-25,50,0.96
h045,46,3.9565217391304346,2026-05-25,50,0.92
h046,40,4.225,2026-05-25,50,0.8
h047,30,3.6666666666666665,2026-05-25,40,0.75
h048,35,4.142857142857143,2026-05-25,40,0.875
h049,50,4.14,2026-05-25,60,0.8333333333333334
h050,37,3.7837837837837838,2026-05-25,40,0.925
h001,62,3.8225806451612905,2026-05-26,70,0.8857142857142857
h002,28,3.642857142857143,2026-05-26,30,0.9333333333333333
h003,34,3.676470588235294,2026-05-26,40,0.85
h004,36,4.0,2026-05-26,40,0.9
h005,38,3.789473684210526,2026-05-26,40,0.95
h006,59,3.76271186440678,2026-05-26,70,0.8428571428571429
h007,34,3.735294117647059,2026-05-26,40,0.85
h008,37,4.135135135135135,2026-05-26,40,0.925
h009,42,3.857142857142857,2026-05-26,50,0.84
h010,37,4.0,2026-05-26,40,0.925
h011,54,4.2592592592592595,2026-05-26,60,0.9
h012,35,4.0285714285714285,2026-05-26,50,0.7
h013,46,3.9130434782608696,2026-05-26,50,0.92
h014,51,3.803921568627451,2026-05-26,60,0.85
h015,55,3.7636363636363637,2026-05-26,60,0.9166666666666666
h016,77,3.792207792207792,2026-05-26,80,0.9625
h017,44,4.0,2026-05-26,50,0.88
h018,56,3.75,2026-05-26,60,0.9333333333333333
h019,46,3.717391304347826,2026-05-26,50,0.92
h020,49,3.9183673469387754,2026-05-26,60,0.8166666666666667
h021,51,4.117647058823529,2026-05-26,50,1.0
h022,24,3.4583333333333335,2026-05-26,30,0.8
h023,25,4.08,2026-05-26,30,0.8333333333333334
h024,50,3.56,2026-05-26,60,0.8333333333333334
h025,40,3.725,2026-05-26,40,1.0
h026,42,3.9285714285714284,2026-05-26,50,0.84
h027,57,4.035087719298246,2026-05-26,60,0.95
h028,40,3.8,2026-05-26,40,1.0
h029,26,3.6153846153846154,2026-05-26,30,0.8666666666666667
h030,52,3.730769230769231,2026-05-26,60,0.8666666666666667
h031,56,4.0,2026-05-26,60,0.9333333333333333
h032,38,3.736842105263158,2026-05-26,40,0.95
h033,27,3.814814814814815,2026-05-26,40,0.675
h034,53,3.830188679245283,2026-05-26,60,0.8833333333333333
h035,68,3.9558823529411766,2026-05-26,70,0.9714285714285714
h036,31,3.6129032258064515,2026-05-26,40,0.775
h037,27,4.185185185185185,2026-05-26,40,0.675
h038,26,3.6538461538461537,2026-05-26,30,0.8666666666666667
h039,68,3.7205882352941178,2026-05-26,70,0.9714285714285714
h040,39,3.6666666666666665,2026-05-26,50,0.78
h041,38,3.736842105263158,2026-05-26,40,0.95
h042,46,3.8043478260869565,2026-05-26,50,0.92
h043,56,3.875,2026-05-26,60,0.9333333333333333
h044,48,3.75,2026-05-26,50,0.96
h045,46,3.9565217391304346,2026-05-26,50,0.92
h046,40,4.225,2026-05-26,50,0.8
h047,30,3.6666666666666665,2026-05-26,40,0.75
h048,35,4.142857142857143,2026-05-26,40,0.875
h049,50,4.14,2026-05-26,60,0.8333333333333334
h050,37,3.7837837837837838,2026-05-26,40,0.925
h001,62,3.8225806451612905,2026-05-27,70,0.8857142857142857
h002,28,3.642857142857143,2026-05-27,30,0.9333333333333333
h003,34,3.676470588235294,2026-05-27,40,0.85
h004,36,4.0,2026-05-27,40,0.9
h005,38,3.789473684210526,2026-05-27,40,0.95
h006,59,3.76271186440678,2026-05-27,70,0.8428571428571429
h007,34,3.735294117647059,2026-05-27,40,0.85
h008,37,4.135135135135135,2026-05-27,40,0.925
h009,42,3.857142857142857,2026-05-27,50,0.84
h010,37,4.0,2026-05-27,40,0.925
h011,54,4.2592592592592595,2026-05-27,60,0.9
h012,35,4.0285714285714285,2026-05-27,50,0.7
h013,46,3.9130434782608696,2026-05-27,50,0.92
h014,51,3.803921568627451,2026-05-27,60,0.85
h015,55,3.7636363636363637,2026-05-27,60,0.9166666666666666
h016,77,3.792207792207792,2026-05-27,80,0.9625
h017,44,4.0,2026-05-27,50,0.88
h018,56,3.75,2026-05-27,60,0.9333333333333333
h019,46,3.717391304347826,2026-05-27,50,0.92
h020,49,3.9183673469387754,2026-05-27,60,0.8166666666666667
h021,51,4.117647058823529,2026-05-27,50,1.0
h022,24,3.4583333333333335,2026-05-27,30,0.8
h023,25,4.08,2026-05-27,30,0.8333333333333334
h024,50,3.56,2026-05-27,60,0.8333333333333334
h025,40,3.725,2026-05-27,40,1.0
h026,42,3.9285714285714284,2026-05-27,50,0.84
h027,57,4.035087719298246,2026-05-27,60,0.95
h028,40,3.8,2026-05-27,40,1.0
h029,26,3.6153846153846154,2026-05-27,30,0.8666666666666667
h030,52,3.730769230769231,2026-05-27,60,0.8666666666666667
h031,56,4.0,2026-05-27,60,0.9333333333333333
h032,38,3.736842105263158,2026-05-27,40,0.95
h033,27,3.814814814814815,2026-05-27,40,0.675
h034,53,3.830188679245283,2026-05-27,60,0.8833333333333333
h035,68,3.9558823529411766,2026-05-27,70,0.9714285714285714
h036,31,3.6129032258064515,2026-05-27,40,0.775
h037,27,4.185185185185185,2026-05-27,40,0.675
h038,26,3.6538461538461537,2026-05-27,30,0.8666666666666667
h039,68,3.7205882352941178,2026-05-27,70,0.9714285714285714
h040,39,3.6666666666666665,2026-05-27,50,0.78
h041,38,3.736842105263158,2026-05-27,40,0.95
h042,47,3.74468085106383,2026-05-27,50,0.94
h043,56,3.875,2026-05-27,60,0.9333333333333333
h044,48,3.75,2026-05-27,50,0.96
h045,46,3.9565217391304346,2026-05-27,50,0.92
h046,40,4.225,2026-05-27,50,0.8
h047,30,3.6666666666666665,2026-05-27,40,0.75
h048,35,4.142857142857143,2026-05-27,40,0.875
h049,50,4.14,2026-05-27,60,0.8333333333333334
h050,37,3.7837837837837838,2026-05-27,40,0.925
h001,62,3.8225806451612905,2026-05-28,70,0.8857142857142857
h002,28,3.642857142857143,2026-05-28,30,0.9333333333333333
h003,34,3.676470588235294,2026-05-28,40,0.85
h004,36,4.0,2026-05-28,40,0.9
h005,38,3.789473684210526,2026-05-28,40,0.95
h006,59,3.76271186440678,2026-05-28,70,0.8428571428571429
h007,34,3.735294117647059,2026-05-28,40,0.85
h008,37,4.135135135135135,2026-05-28,40,0.925
h009,42,3.857142857142857,2026-05-28,50,0.84
h010,37,4.0,2026-05-28,40,0.925
h011,54,4.2592592592592595,2026-05-28,60,0.9
h012,35,4.0285714285714285,2026-05-28,50,0.7
h013,46,3.9130434782608696,2026-05-28,50,0.92
h014,51,3.803921568627451,2026-05-28,60,0.85
h015,55,3.7636363636363637,2026-05-28,60,0.9166666666666666
h016,77,3.792207792207792,2026-05-28,80,0.9625
h017,44,4.0,2026-05-28,50,0.88
h018,56,3.75,2026-05-28,60,0.9333333333333333
h019,46,3.717391304347826,2026-05-28,50,0.92
h020,49,3.9183673469387754,2026-05-28,60,0.8166666666666667
h021,51,4.117647058823529,2026-05-28,50,1.0
h022,24,3.4583333333333335,2026-05-28,30,0.8
h023,25,4.08,2026-05-28,30,0.8333333333333334
h024,50,3.56,2026-05-28,60,0.8333333333333334
h025,40,3.725,2026-05-28,40,1.0
h026,42,3.9285714285714284,2026-05-28,50,0.84
h027,57,4.035087719298246,2026-05-28,60,0.95
h028,40,3.8,2026-05-28,40,1.0
h029,26,3.6153846153846154,2026-05-28,30,0.8666666666666667
h030,52,3.730769230769231,2026-05-28,60,0.8666666666666667
h031,56,4.0,2026-05-28,60,0.9333333333333333
h032,38,3.736842105263158,2026-05-28,40,0.95
h033,27,3.814814814814815,2026-05-28,40,0.675
h034,53,3.830188679245283,2026-05-28,60,0.8833333333333333
h035,68,3.9558823529411766,2026-05-28,70,0.9714285714285714
h036,31,3.6129032258064515,2026-05-28,40,0.775
h037,27,4.185185185185185,2026-05-28,40,0.675
h038,26,3.6538461538461537,2026-05-28,30,0.8666666666666667
h039,68,3.7205882352941178,2026-05-28,70,0.9714285714285714
h040,39,3.6666666666666665,2026-05-28,50,0.78
h041,38,3.736842105263158,2026-05-28,40,0.95
h042,47,3.74468085106383,2026-05-28,50,0.94
h043,56,3.875,2026-05-28,60,0.9333333333333333
h044,48,3.75,2026-05-28,50,0.96
h045,47,3.9574468085106385,2026-05-28,50,0.94
h046,41,4.2682926829268295,2026-05-28,50,0.82
h047,30,3.6666666666666665,2026-05-28,40,0.75
h048,35,4.142857142857143,2026-05-28,40,0.875
h049,50,4.14,2026-05-28,60,0.8333333333333334
h050,37,3.7837837837837838,2026-05-28,40,0.925
h001,62,3.8225806451612905,2026-05-29,70,0.8857142857142857
h002,28,3.642857142857143,2026-05-29,30,0.9333333333333333
h003,34,3.676470588235294,2026-05-29,40,0.85
h004,36,4.0,2026-05-29,40,0.9
h005,38,3.789473684210526,2026-05-29,40,0.95
h006,59,3.76271186440678,2026-05-29,70,0.8428571428571429
h007,34,3.735294117647059,2026-05-29,40,0.85
h008,37,4.135135135135135,2026-05-29,40,0.925
h009,42,3.857142857142857,2026-05-29,50,0.84
h010,37,4.0,2026-05-29,40,0.925
h011,54,4.2592592592592595,2026-05-29,60,0.9
h012,35,4.0285714285714285,2026-05-29,50,0.7
h013,46,3.9130434782608696,2026-05-29,50,0.92
h014,51,3.803921568627451,2026-05-29,60,0.85
h015,55,3.7636363636363637,2026-05-29,60,0.9166666666666666
h016,77,3.792207792207792,2026-05-29,80,0.9625
h017,44,4.0,2026-05-29,50,0.88
h018,56,3.75,2026-05-29,60,0.9333333333333333
h019,46,3.717391304347826,2026-05-29,50,0.92
h020,49,3.9183673469387754,2026-05-29,60,0.8166666666666667
h021,51,4.117647058823529,2026-05-29,50,1.0
h022,24,3.4583333333333335,2026-05-29,30,0.8
h023,25,4.08,2026-05-29,30,0.8333333333333334
h024,50,3.56,2026-05-29,60,0.8333333333333334
h025,40,3.725,2026-05-29,40,1.0
h026,42,3.9285714285714284,2026-05-29,50,0.84
h027,56,4.035714285714286,2026-05-29,60,0.9333333333333333
h028,40,3.8,2026-05-29,40,1.0
h029,25,3.52,2026-05-29,30,0.8333333333333334
h030,52,3.730769230769231,2026-05-29,60,0.8666666666666667
h031,56,4.0,2026-05-29,60,0.9333333333333333
h032,38,3.736842105263158,2026-05-29,40,0.95
h033,27,3.814814814814815,2026-05-29,40,0.675
h034,53,3.830188679245283,2026-05-29,60,0.8833333333333333
h035,68,3.9558823529411766,2026-05-29,70,0.9714285714285714
h036,31,3.6129032258064515,2026-05-29,40,0.775
h037,27,4.185185185185185,2026-05-29,40,0.675
h038,26,3.6538461538461537,2026-05-29,30,0.8666666666666667
h039,68,3.7205882352941178,2026-05-29,70,0.9714285714285714
h040,39,3.6666666666666665,2026-05-29,50,0.78
h041,38,3.736842105263158,2026-05-29,40,0.95
h042,47,3.74468085106383,2026-05-29,50,0.94
h043,56,3.875,2026-05-29,60,0.9333333333333333
h044,48,3.75,2026-05-29,50,0.96
h045,47,3.9574468085106385,2026-05-29,50,0.94
h046,41,4.2682926829268295,2026-05-29,50,0.82
h047,31,3.6774193548387095,2026-05-29,40,0.775
h048,35,4.142857142857143,2026-05-29,40,0.875
h049,50,4.14,2026-05-29,60,0.8333333333333334
h050,37,3.7837837837837838,2026-05-29,40,0.925
h001,62,3.8225806451612905,2026-05-30,70,0.8857142857142857
h002,28,3.642857142857143,2026-05-30,30,0.9333333333333333
h003,34,3.676470588235294,2026-05-30,40,0.85
h004,36,4.0,2026-05-30,40,0.9
h005,38,3.789473684210526,2026-05-30,40,0.95
h006,59,3.76271186440678,2026-05-30,70,0.8428571428571429
h007,34,3.735294117647059,2026-05-30,40,0.85
h008,37,4.135135135135135,2026-05-30,40,0.925
h009,42,3.857142857142857,2026-05-30,50,0.84
h010,37,4.0,2026-05-30,40,0.925
h011,54,4.2592592592592595,2026-05-30,60,0.9
h012,35,4.0285714285714285,2026-05-30,50,0.7
h013,46,3.9130434782608696,2026-05-30,50,0.92
h014,51,3.803921568627451,2026-05-30,60,0.85
h015,55,3.7636363636363637,2026-05-30,60,0.9166666666666666
h016,77,3.792207792207792,2026-05-30,80,0.9625
h017,44,4.0,2026-05-30,50,0.88
h018,56,3.75,2026-05-30,60,0.9333333333333333
h019,46,3.717391304347826,2026-05-30,50,0.92
h020,49,3.9183673469387754,2026-05-30,60,0.8166666666666667
h021,51,4.117647058823529,2026-05-30,50,1.0
h022,24,3.4583333333333335,2026-05-30,30,0.8
h023,25,4.08,2026-05-30,30,0.8333333333333334
h024,50,3.56,2026-05-30,60,0.8333333333333334
h025,40,3.725,2026-05-30,40,1.0
h026,42,3.9285714285714284,2026-05-30,50,0.84
h027,56,4.035714285714286,2026-05-30,60,0.9333333333333333
h028,39,3.7435897435897436,2026-05-30,40,0.975
h029,25,3.52,2026-05-30,30,0.8333333333333334
h030,52,3.730769230769231,2026-05-30,60,0.8666666666666667
h031,56,4.0,2026-05-30,60,0.9333333333333333
h032,38,3.736842105263158,2026-05-30,40,0.95
h033,27,3.814814814814815,2026-05-30,40,0.675
h034,53,3.830188679245283,2026-05-30,60,0.8833333333333333
h035,68,3.9558823529411766,2026-05-30,70,0.9714285714285714
h036,31,3.6129032258064515,2026-05-30,40,0.775
h037,26,4.230769230769231,2026-05-30,40,0.65
h038,26,3.6538461538461537,2026-05-30,30,0.8666666666666667
h039,68,3.7205882352941178,2026-05-30,70,0.9714285714285714
h040,39,3.6666666666666665,2026-05-30,50,0.78
h041,39,3.7948717948717947,2026-05-30,40,0.975
h042,47,3.74468085106383,2026-05-30,50,0.94
h043,57,3.8771929824561404,2026-05-30,60,0.95
h044,48,3.75,2026-05-30,50,0.96
h045,47,3.9574468085106385,2026-05-30,50,0.94
h046,41,4.2682926829268295,2026-05-30,50,0.82
h047,31,3.6774193548387095,2026-05-30,40,0.775
h048,35,4.142857142857143,2026-05-30,40,0.875
h049,50,4.14,2026-05-30,60,0.8333333333333334
h050,37,3.7837837837837838,2026-05-30,40,0.925
h001,62,3.8225806451612905,2026-05-31,70,0.8857142857142857
h002,28,3.642857142857143,2026-05-31,30,0.9333333333333333
h003,34,3.676470588235294,2026-05-31,40,0.85
h004,36,4.0,2026-05-31,40,0.9
h005,38,3.789473684210526,2026-05-31,40,0.95
h006,59,3.76271186440678,2026-05-31,70,0.8428571428571429
h007,34,3.735294117647059,2026-05-31,40,0.85
h008,37,4.135135135135135,2026-05-31,40,0.925
h009,42,3.857142857142857,2026-05-31,50,0.84
h010,37,4.0,2026-05-31,40,0.925
h011,55,4.254545454545455,2026-05-31,60,0.9166666666666666
h012,35,4.0285714285714285,2026-05-31,50,0.7
h013,46,3.9130434782608696,2026-05-31,50,0.92
h014,51,3.803921568627451,2026-05-31,60,0.85
h015,55,3.7636363636363637,2026-05-31,60,0.9166666666666666
h016,77,3.792207792207792,2026-05-31,80,0.9625
h017,44,4.0,2026-05-31,50,0.88
h018,56,3.75,2026-05-31,60,0.9333333333333333
h019,46,3.717391304347826,2026-05-31,50,0.92
h020,49,3.9183673469387754,2026-05-31,60,0.8166666666666667
h021,51,4.117647058823529,2026-05-31,50,1.0
h022,24,3.4583333333333335,2026-05-31,30,0.8
h023,25,4.08,2026-05-31,30,0.8333333333333334
h024,50,3.56,2026-05-31,60,0.8333333333333334
h025,40,3.725,2026-05-31,40,1.0
h026,42,3.9285714285714284,2026-05-31,50,0.84
h027,56,4.035714285714286,2026-05-31,60,0.9333333333333333
h028,39,3.7435897435897436,2026-05-31,40,0.975
h029,25,3.52,2026-05-31,30,0.8333333333333334
h030,52,3.730769230769231,2026-05-31,60,0.8666666666666667
h031,56,4.0,2026-05-31,60,0.9333333333333333
h032,38,3.736842105263158,2026-05-31,40,0.95
h033,27,3.814814814814815,2026-05-31,40,0.675
h034,53,3.830188679245283,2026-05-31,60,0.8833333333333333
h035,68,3.9558823529411766,2026-05-31,70,0.9714285714285714
h036,31,3.6129032258064515,2026-05-31,40,0.775
h037,26,4.230769230769231,2026-05-31,40,0.65
h038,26,3.6538461538461537,2026-05-31,30,0.8666666666666667
h039,69,3.739130434782609,2026-05-31,70,0.9857142857142858
h040,39,3.6666666666666665,2026-05-31,50,0.78
h041,39,3.7948717948717947,2026-05-31,40,0.975
h042,47,3.74468085106383,2026-05-31,50,0.94
h043,57,3.8771929824561404,2026-05-31,60,0.95
h044,48,3.75,2026-05-31,50,0.96
h045,47,3.9574468085106385,2026-05-31,50,0.94
h046,40,4.275,2026-05-31,50,0.8
h047,31,3.6774193548387095,2026-05-31,40,0.775
h048,35,4.142857142857143,2026-05-31,40,0.875
h049,49,4.122448979591836,2026-05-31,60,0.8166666666666667
h050,37,3.7837837837837838,2026-05-31,40,0.925
h001,62,3.8225806451612905,2026-06-01,70,0.8857142857142857
h002,28,3.642857142857143,2026-06-01,30,0.9333333333333333
h003,34,3.676470588235294,2026-06-01,40,0.85
h004,36,4.0,2026-06-01,40,0.9
h005,38,3.789473684210526,2026-06-01,40,0.95
h006,59,3.76271186440678,2026-06-01,70,0.8428571428571429
h007,34,3.735294117647059,2026-06-01,40,0.85
h008,37,4.135135135135135,2026-06-01,40,0.925
h009,42,3.857142857142857,2026-06-01,50,0.84
h010,37,4.0,2026-06-01,40,0.925
h011,55,4.254545454545455,2026-06-01,60,0.9166666666666666
h012,35,4.0285714285714285,2026-06-01,50,0.7
h013,46,3.9130434782608696,2026-06-01,50,0.92
h014,51,3.803921568627451,2026-06-01,60,0.85
h015,55,3.7636363636363637,2026-06-01,60,0.9166666666666666
h016,77,3.792207792207792,2026-06-01,80,0.9625
h017,44,4.0,2026-06-01,50,0.88
h018,57,3.754385964912281,2026-06-01,60,0.95
h019,46,3.717391304347826,2026-06-01,50,0.92
h020,49,3.9183673469387754,2026-06-01,60,0.8166666666666667
h021,51,4.117647058823529,2026-06-01,50,1.0
h022,24,3.4583333333333335,2026-06-01,30,0.8
h023,25,4.08,2026-06-01,30,0.8333333333333334
h024,50,3.56,2026-06-01,60,0.8333333333333334
h025,40,3.725,2026-06-01,40,1.0
h026,42,3.9285714285714284,2026-06-01,50,0.84
h027,56,4.035714285714286,2026-06-01,60,0.9333333333333333
h028,40,3.8,2026-06-01,40,1.0
h029,25,3.52,2026-06-01,30,0.8333333333333334
h030,52,3.730769230769231,2026-06-01,60,0.8666666666666667
h031,56,4.0,2026-06-01,60,0.9333333333333333
h032,38,3.736842105263158,2026-06-01,40,0.95
h033,27,3.814814814814815,2026-06-01,40,0.675
h034,53,3.830188679245283,2026-06-01,60,0.8833333333333333
h035,68,3.9558823529411766,2026-06-01,70,0.9714285714285714
h036,31,3.6129032258064515,2026-06-01,40,0.775
h037,27,4.2592592592592595,2026-06-01,40,0.675
h038,26,3.6538461538461537,2026-06-01,30,0.8666666666666667
h039,69,3.739130434782609,2026-06-01,70,0.9857142857142858
h040,39,3.6666666666666665,2026-06-01,50,0.78
h041,39,3.7948717948717947,2026-06-01,40,0.975
h042,47,3.74468085106383,2026-06-01,50,0.94
h043,57,3.8771929824561404,2026-06-01,60,0.95
h044,48,3.75,2026-06-01,50,0.96
h045,47,3.9574468085106385,2026-06-01,50,0.94
h046,40,4.275,2026-06-01,50,0.8
h047,31,3.6774193548387095,2026-06-01,40,0.775
h048,35,4.142857142857143,2026-06-01,40,0.875
h049,49,4.122448979591836,2026-06-01,60,0.8166666666666667
h050,37,3.7837837837837838,2026-06-01,40,0.925
h001,62,3.8225806451612905,2026-06-02,70,0.8857142857142857
h002,28,3.642857142857143,2026-06-02,30,0.9333333333333333
h003,34,3.676470588235294,2026-06-02,40,0.85
h004,36,4.0,2026-06-02,40,0.9
h005,38,3.789473684210526,2026-06-02,40,0.95
h006,60,3.7333333333333334,2026-06-02,70,0.8571428571428571
h007,34,3.735294117647059,2026-06-02,40,0.85
h008,37,4.135135135135135,2026-06-02,40,0.925
h009,42,3.857142857142857,2026-06-02,50,0.84
h010,37,4.0,2026-06-02,40,0.925
h011,55,4.254545454545455,2026-06-02,60,0.9166666666666666
h012,35,4.0285714285714285,2026-06-02,50,0.7
h013,46,3.9130434782608696,2026-06-02,50,0.92
h014,51,3.803921568627451,2026-06-02,60,0.85
h015,55,3.7636363636363637,2026-06-02,60,0.9166666666666666
h016,77,3.792207792207792,2026-06-02,80,0.9625
h017,45,3.977777777777778,2026-06-02,50,0.9
h018,57,3.754385964912281,2026-06-02,60,0.95
h019,46,3.717391304347826,2026-06-02,50,0.92
h020,49,3.9183673469387754,2026-06-02,60,0.8166666666666667
h021,51,4.117647058823529,2026-06-02,50,1.0
h022,24,3.4583333333333335,2026-06-02,30,0.8
h023,25,4.08,2026-06-02,30,0.8333333333333334
h024,50,3.56,2026-06-02,60,0.8333333333333334
h025,39,3.6923076923076925,2026-06-02,40,0.975
h026,42,3.9285714285714284,2026-06-02,50,0.84
h027,56,4.035714285714286,2026-06-02,60,0.9333333333333333
h028,40,3.8,2026-06-02,40,1.0
h029,25,3.52,2026-06-02,30,0.8333333333333334
h030,52,3.730769230769231,2026-06-02,60,0.8666666666666667
h031,55,3.981818181818182,2026-06-02,60,0.9166666666666666
h032,38,3.736842105263158,2026-06-02,40,0.95
h033,27,3.814814814814815,2026-06-02,40,0.675
h034,53,3.830188679245283,2026-06-02,60,0.8833333333333333
h035,68,3.9558823529411766,2026-06-02,70,0.9714285714285714
h036,31,3.6129032258064515,2026-06-02,40,0.775
h037,27,4.2592592592592595,2026-06-02,40,0.675
h038,26,3.6538461538461537,2026-06-02,30,0.8666666666666667
h039,69,3.739130434782609,2026-06-02,70,0.9857142857142858
h040,39,3.6666666666666665,2026-06-02,50,0.78
h041,39,3.7948717948717947,2026-06-02,40,0.975
h042,47,3.74468085106383,2026-06-02,50,0.94
h043,57,3.8771929824561404,2026-06-02,60,0.95
h044,48,3.75,2026-06-02,50,0.96
h045,47,3.9574468085106385,2026-06-02,50,0.94
h046,40,4.275,2026-06-02,50,0.8
h047,31,3.6774193548387095,2026-06-02,40,0.775
h048,35,4.142857142857143,2026-06-02,40,0.875
h049,49,4.122448979591836,2026-06-02,60,0.8166666666666667
h050,37,3.7837837837837838,2026-06-02,40,0.925
h001,62,3.8225806451612905,2026-06-03,70,0.8857142857142857
h002,28,3.642857142857143,2026-06-03,30,0.9333333333333333
h003,34,3.676470588235294,2026-06-03,40,0.85
h004,36,4.0,2026-06-03,40,0.9
h005,38,3.789473684210526,2026-06-03,40,0.95
h006,61,3.7704918032786887,2026-06-03,70,0.8714285714285714
h007,34,3.735294117647059,2026-06-03,40,0.85
h008,37,4.135135135135135,2026-06-03,40,0.925
h009,42,3.857142857142857,2026-06-03,50,0.84
h010,37,4.0,2026-06-03,40,0.925
h011,55,4.254545454545455,2026-06-03,60,0.9166666666666666
h012,35,4.0285714285714285,2026-06-03,50,0.7
h013,45,3.911111111111111,2026-06-03,50,0.9
h014,51,3.803921568627451,2026-06-03,60,0.85
h015,54,3.7777777777777777,2026-06-03,60,0.9
h016,77,3.792207792207792,2026-06-03,80,0.9625
h017,45,3.977777777777778,2026-06-03,50,0.9
h018,57,3.754385964912281,2026-06-03,60,0.95
h019,46,3.717391304347826,2026-06-03,50,0.92
h020,49,3.9183673469387754,2026-06-03,60,0.8166666666666667
h021,52,4.0576923076923075,2026-06-03,50,1.0
h022,24,3.4583333333333335,2026-06-03,30,0.8
h023,24,4.083333333333333,2026-06-03,30,0.8
h024,50,3.56,2026-06-03,60,0.8333333333333334
h025,38,3.6842105263157894,2026-06-03,40,0.95
h026,42,3.9285714285714284,2026-06-03,50,0.84
h027,56,4.035714285714286,2026-06-03,60,0.9333333333333333
h028,40,3.8,2026-06-03,40,1.0
h029,25,3.52,2026-06-03,30,0.8333333333333334
h030,52,3.730769230769231,2026-06-03,60,0.8666666666666667
h031,54,4.0,2026-06-03,60,0.9
h032,38,3.736842105263158,2026-06-03,40,0.95
h033,27,3.814814814814815,2026-06-03,40,0.675
h034,53,3.830188679245283,2026-06-03,60,0.8833333333333333
h035,67,3.970149253731343,2026-06-03,70,0.9571428571428572
h036,31,3.6129032258064515,2026-06-03,40,0.775
h037,27,4.2592592592592595,2026-06-03,40,0.675
h038,26,3.6538461538461537,2026-06-03,30,0.8666666666666667
h039,69,3.739130434782609,2026-06-03,70,0.9857142857142858
h040,39,3.6666666666666665,2026-06-03,50,0.78
h041,39,3.7948717948717947,2026-06-03,40,0.975
h042,47,3.74468085106383,2026-06-03,50,0.94
h043,57,3.8771929824561404,2026-06-03,60,0.95
h044,48,3.75,2026-06-03,50,0.96
h045,47,3.9574468085106385,2026-06-03,50,0.94
h046,40,4.275,2026-06-03,50,0.8
h047,31,3.6774193548387095,2026-06-03,40,0.775
h048,35,4.142857142857143,2026-06-03,40,0.875
h049,49,4.122448979591836,2026-06-03,60,0.8166666666666667
h050,37,3.7837837837837838,2026-06-03,40,0.925
h001,62,3.8225806451612905,2026-06-04,70,0.8857142857142857
h002,28,3.642857142857143,2026-06-04,30,0.9333333333333333
h003,34,3.676470588235294,2026-06-04,40,0.85
h004,36,4.0,2026-06-04,40,0.9
h005,38,3.789473684210526,2026-06-04,40,0.95
h006,61,3.7704918032786887,2026-06-04,70,0.8714285714285714
h007,34,3.735294117647059,2026-06-04,40,0.85
h008,37,4.135135135135135,2026-06-04,40,0.925
h009,42,3.857142857142857,2026-06-04,50,0.84
h010,37,4.0,2026-06-04,40,0.925
h011,55,4.254545454545455,2026-06-04,60,0.9166666666666666
h012,35,4.0285714285714285,2026-06-04,50,0.7
h013,45,3.911111111111111,2026-06-04,50,0.9
h014,51,3.803921568627451,2026-06-04,60,0.85
h015,54,3.7777777777777777,2026-06-04,60,0.9
h016,77,3.792207792207792,2026-06-04,80,0.9625
h017,45,3.977777777777778,2026-06-04,50,0.9
h018,56,3.732142857142857,2026-06-04,60,0.9333333333333333
h019,46,3.717391304347826,2026-06-04,50,0.92
h020,49,3.9183673469387754,2026-06-04,60,0.8166666666666667
h021,52,4.0576923076923075,2026-06-04,50,1.0
h022,24,3.4583333333333335,2026-06-04,30,0.8
h023,24,4.083333333333333,2026-06-04,30,0.8
h024,50,3.56,2026-06-04,60,0.8333333333333334
h025,38,3.6842105263157894,2026-06-04,40,0.95
h026,42,3.9285714285714284,2026-06-04,50,0.84
h027,56,4.035714285714286,2026-06-04,60,0.9333333333333333
h028,40,3.8,2026-06-04,40,1.0
h029,25,3.52,2026-06-04,30,0.8333333333333334
h030,52,3.730769230769231,2026-06-04,60,0.8666666666666667
h031,54,4.0,2026-06-04,60,0.9
h032,38,3.736842105263158,2026-06-04,40,0.95
h033,27,3.814814814814815,2026-06-04,40,0.675
h034,53,3.830188679245283,2026-06-04,60,0.8833333333333333
h035,67,3.970149253731343,2026-06-04,70,0.9571428571428572
h036,31,3.6129032258064515,2026-06-04,40,0.775
h037,27,4.2592592592592595,2026-06-04,40,0.675
h038,26,3.6538461538461537,2026-06-04,30,0.8666666666666667
h039,69,3.739130434782609,2026-06-04,70,0.9857142857142858
h040,39,3.6666666666666665,2026-06-04,50,0.78
h041,39,3.7948717948717947,2026-06-04,40,0.975
h042,48,3.6875,2026-06-04,50,0.96
h043,57,3.8771929824561404,2026-06-04,60,0.95
h044,48,3.75,2026-06-04,50,0.96
h045,47,3.9574468085106385,2026-06-04,50,0.94
h046,40,4.275,2026-06-04,50,0.8
h047,31,3.6774193548387095,2026-06-04,40,0.775
h048,35,4.142857142857143,2026-06-04,40,0.875
h049,49,4.122448979591836,2026-06-04,60,0.8166666666666667
h050,37,3.7837837837837838,2026-06-04,40,0.925
h001,62,3.8225806451612905,2026-06-05,70,0.8857142857142857
h002,28,3.642857142857143,2026-06-05,30,0.9333333333333333
h003,33,3.757575757575758,2026-06-05,40,0.825
h004,35,4.057142857142857,2026-06-05,40,0.875
h005,38,3.789473684210526,2026-06-05,40,0.95
h006,61,3.7704918032786887,2026-06-05,70,0.8714285714285714
h007,34,3.735294117647059,2026-06-05,40,0.85
h008,37,4.135135135135135,2026-06-05,40,0.925
h009,42,3.857142857142857,2026-06-05,50,0.84
h010,37,4.0,2026-06-05,40,0.925
h011,55,4.254545454545455,2026-06-05,60,0.9166666666666666
h012,35,4.0285714285714285,2026-06-05,50,0.7
h013,45,3.911111111111111,2026-06-05,50,0.9
h014,51,3.803921568627451,2026-06-05,60,0.85
h015,55,3.7818181818181817,2026-06-05,60,0.9166666666666666
h016,77,3.792207792207792,2026-06-05,80,0.9625
h017,45,3.977777777777778,2026-06-05,50,0.9
h018,56,3.732142857142857,2026-06-05,60,0.9333333333333333
h019,46,3.717391304347826,2026-06-05,50,0.92
h020,50,3.9,2026-06-05,60,0.8333333333333334
h021,52,4.0576923076923075,2026-06-05,50,1.0
h022,24,3.4583333333333335,2026-06-05,30,0.8
h023,25,4.16,2026-06-05,30,0.8333333333333334
h024,49,3.6122448979591835,2026-06-05,60,0.8166666666666667
h025,38,3.6842105263157894,2026-06-05,40,0.95
h026,42,3.9285714285714284,2026-06-05,50,0.84
h027,56,4.035714285714286,2026-06-05,60,0.9333333333333333
h028,40,3.8,2026-06-05,40,1.0
h029,25,3.52,2026-06-05,30,0.8333333333333334
h030,52,3.730769230769231,2026-06-05,60,0.8666666666666667
h031,54,4.0,2026-06-05,60,0.9
h032,38,3.736842105263158,2026-06-05,40,0.95
h033,27,3.814814814814815,2026-06-05,40,0.675
h034,53,3.830188679245283,2026-06-05,60,0.8833333333333333
h035,67,3.970149253731343,2026-06-05,70,0.9571428571428572
h036,31,3.6129032258064515,2026-06-05,40,0.775
h037,27,4.2592592592592595,2026-06-05,40,0.675
h038,26,3.6538461538461537,2026-06-05,30,0.8666666666666667
h039,69,3.739130434782609,2026-06-05,70,0.9857142857142858
h040,39,3.6666666666666665,2026-06-05,50,0.78
h041,39,3.7948717948717947,2026-06-05,40,0.975
h042,48,3.6875,2026-06-05,50,0.96
h043,57,3.8771929824561404,2026-06-05,60,0.95
h044,48,3.75,2026-06-05,50,0.96
h045,47,3.9574468085106385,2026-06-05,50,0.94
h046,40,4.275,2026-06-05,50,0.8
h047,31,3.6774193548387095,2026-06-05,40,0.775
h048,35,4.142857142857143,2026-06-05,40,0.875
h049,49,4.122448979591836,2026-06-05,60,0.8166666666666667
h050,37,3.7837837837837838,2026-06-05,40,0.925
h001,62,3.8225806451612905,2026-06-06,70,0.8857142857142857
h002,27,3.7037037037037037,2026-06-06,30,0.9
h003,33,3.757575757575758,2026-06-06,40,0.825
h004,35,4.057142857142857,2026-06-06,40,0.875
h005,38,3.789473684210526,2026-06-06,40,0.95
h006,61,3.7704918032786887,2026-06-06,70,0.8714285714285714
h007,34,3.735294117647059,2026-06-06,40,0.85
h008,37,4.135135135135135,2026-06-06,40,0.925
h009,42,3.857142857142857,2026-06-06,50,0.84
h010,37,4.0,2026-06-06,40,0.925
h011,55,4.254545454545455,2026-06-06,60,0.9166666666666666
h012,35,4.0285714285714285,2026-06-06,50,0.7
h013,45,3.911111111111111,2026-06-06,50,0.9
h014,51,3.803921568627451,2026-06-06,60,0.85
h015,55,3.7818181818181817,2026-06-06,60,0.9166666666666666
h016,77,3.792207792207792,2026-06-06,80,0.9625
h017,46,3.9782608695652173,2026-06-06,50,0.92
h018,56,3.732142857142857,2026-06-06,60,0.9333333333333333
h019,46,3.717391304347826,2026-06-06,50,0.92
h020,50,3.9,2026-06-06,60,0.8333333333333334
h021,52,4.0576923076923075,2026-06-06,50,1.0
h022,24,3.4583333333333335,2026-06-06,30,0.8
h023,25,4.16,2026-06-06,30,0.8333333333333334
h024,49,3.6122448979591835,2026-06-06,60,0.8166666666666667
h025,38,3.6842105263157894,2026-06-06,40,0.95
h026,42,3.9285714285714284,2026-06-06,50,0.84
h027,56,4.035714285714286,2026-06-06,60,0.9333333333333333
h028,40,3.8,2026-06-06,40,1.0
h029,25,3.52,2026-06-06,30,0.8333333333333334
h030,52,3.730769230769231,2026-06-06,60,0.8666666666666667
h031,54,4.0,2026-06-06,60,0.9
h032,38,3.736842105263158,2026-06-06,40,0.95
h033,27,3.814814814814815,2026-06-06,40,0.675
h034,53,3.830188679245283,2026-06-06,60,0.8833333333333333
h035,67,3.970149253731343,2026-06-06,70,0.9571428571428572
h036,31,3.6129032258064515,2026-06-06,40,0.775
h037,27,4.2592592592592595,2026-06-06,40,0.675
h038,26,3.6538461538461537,2026-06-06,30,0.8666666666666667
h039,69,3.739130434782609,2026-06-06,70,0.9857142857142858
h040,39,3.6666666666666665,2026-06-06,50,0.78
h041,39,3.7948717948717947,2026-06-06,40,0.975
h042,48,3.6875,2026-06-06,50,0.96
h043,57,3.8771929824561404,2026-06-06,60,0.95
h044,48,3.75,2026-06-06,50,0.96
h045,47,3.9574468085106385,2026-06-06,50,0.94
h046,40,4.275,2026-06-06,50,0.8
h047,31,3.6774193548387095,2026-06-06,40,0.775
h048,35,4.142857142857143,2026-06-06,40,0.875
h049,49,4.122448979591836,2026-06-06,60,0.8166666666666667
h050,37,3.7837837837837838,2026-06-06,40,0.925
h001,62,3.8225806451612905,2026-06-07,70,0.8857142857142857
h002,27,3.7037037037037037,2026-06-07,30,0.9
h003,33,3.757575757575758,2026-06-07,40,0.825
h004,35,4.057142857142857,2026-06-07,40,0.875
h005,37,3.810810810810811,2026-06-07,40,0.925
h006,61,3.7704918032786887,2026-06-07,70,0.8714285714285714
h007,34,3.735294117647059,2026-06-07,40,0.85
h008,37,4.135135135135135,2026-06-07,40,0.925
h009,42,3.857142857142857,2026-06-07,50,0.84
h010,37,4.0,2026-06-07,40,0.925
h011,54,4.296296296296297,2026-06-07,60,0.9
h012,35,4.0285714285714285,2026-06-07,50,0.7
h013,45,3.911111111111111,2026-06-07,50,0.9
h014,51,3.803921568627451,2026-06-07,60,0.85
h015,55,3.7818181818181817,2026-06-07,60,0.9166666666666666
h016,77,3.792207792207792,2026-06-07,80,0.9625
h017,46,3.9782608695652173,2026-06-07,50,0.92
h018,56,3.732142857142857,2026-06-07,60,0.9333333333333333
h019,46,3.717391304347826,2026-06-07,50,0.92
h020,50,3.9,2026-06-07,60,0.8333333333333334
h021,52,4.0576923076923075,2026-06-07,50,1.0
h022,24,3.4583333333333335,2026-06-07,30,0.8
h023,25,4.16,2026-06-07,30,0.8333333333333334
h024,50,3.64,2026-06-07,60,0.8333333333333334
h025,38,3.6842105263157894,2026-06-07,40,0.95
h026,42,3.9285714285714284,2026-06-07,50,0.84
h027,56,4.035714285714286,2026-06-07,60,0.9333333333333333
h028,40,3.8,2026-06-07,40,1.0
h029,25,3.52,2026-06-07,30,0.8333333333333334
h030,52,3.730769230769231,2026-06-07,60,0.8666666666666667
h031,54,4.0,2026-06-07,60,0.9
h032,38,3.736842105263158,2026-06-07,40,0.95
h033,27,3.814814814814815,2026-06-07,40,0.675
h034,53,3.830188679245283,2026-06-07,60,0.8833333333333333
h035,66,3.9393939393939394,2026-06-07,70,0.9428571428571428
h036,31,3.6129032258064515,2026-06-07,40,0.775
h037,27,4.2592592592592595,2026-06-07,40,0.675
h038,26,3.6538461538461537,2026-06-07,30,0.8666666666666667
h039,69,3.739130434782609,2026-06-07,70,0.9857142857142858
h040,39,3.6666666666666665,2026-06-07,50,0.78
h041,39,3.7948717948717947,2026-06-07,40,0.975
h042,48,3.6875,2026-06-07,50,0.96
h043,57,3.8771929824561404,2026-06-07,60,0.95
h044,48,3.75,2026-06-07,50,0.96
h045,47,3.9574468085106385,2026-06-07,50,0.94
h046,40,4.275,2026-06-07,50,0.8
h047,31,3.6774193548387095,2026-06-07,40,0.775
h048,35,4.142857142857143,2026-06-07,40,0.875
h049,49,4.122448979591836,2026-06-07,60,0.8166666666666667
h050,37,3.7837837837837838,2026-06-07,40,0.925
h001,62,3.8225806451612905,2026-06-08,70,0.8857142857142857
h002,27,3.7037037037037037,2026-06-08,30,0.9
h003,33,3.757575757575758,2026-06-08,40,0.825
h004,35,4.057142857142857,2026-06-08,40,0.875
h005,37,3.810810810810811,2026-06-08,40,0.925
h006,61,3.7704918032786887,2026-06-08,70,0.8714285714285714
h007,34,3.735294117647059,2026-06-08,40,0.85
h008,37,4.135135135135135,2026-06-08,40,0.925
h009,42,3.857142857142857,2026-06-08,50,0.84
h010,37,4.0,2026-06-08,40,0.925
h011,54,4.296296296296297,2026-06-08,60,0.9
h012,35,4.0285714285714285,2026-06-08,50,0.7
h013,45,3.911111111111111,2026-06-08,50,0.9
h014,51,3.803921568627451,2026-06-08,60,0.85
h015,56,3.8035714285714284,2026-06-08,60,0.9333333333333333
h016,77,3.792207792207792,2026-06-08,80,0.9625
h017,46,3.9782608695652173,2026-06-08,50,0.92
h018,57,3.736842105263158,2026-06-08,60,0.95
h019,46,3.717391304347826,2026-06-08,50,0.92
h020,50,3.9,2026-06-08,60,0.8333333333333334
h021,52,4.0576923076923075,2026-06-08,50,1.0
h022,24,3.4583333333333335,2026-06-08,30,0.8
h023,25,4.16,2026-06-08,30,0.8333333333333334
h024,50,3.64,2026-06-08,60,0.8333333333333334
h025,38,3.6842105263157894,2026-06-08,40,0.95
h026,42,3.9285714285714284,2026-06-08,50,0.84
h027,56,4.035714285714286,2026-06-08,60,0.9333333333333333
h028,40,3.8,2026-06-08,40,1.0
h029,25,3.52,2026-06-08,30,0.8333333333333334
h030,52,3.730769230769231,2026-06-08,60,0.8666666666666667
h031,54,4.0,2026-06-08,60,0.9
h032,38,3.736842105263158,2026-06-08,40,0.95
h033,27,3.814814814814815,2026-06-08,40,0.675
h034,53,3.830188679245283,2026-06-08,60,0.8833333333333333
h035,66,3.9393939393939394,2026-06-08,70,0.9428571428571428
h036,31,3.6129032258064515,2026-06-08,40,0.775
h037,27,4.2592592592592595,2026-06-08,40,0.675
h038,26,3.6538461538461537,2026-06-08,30,0.8666666666666667
h039,69,3.739130434782609,2026-06-08,70,0.9857142857142858
h040,39,3.6666666666666665,2026-06-08,50,0.78
h041,39,3.7948717948717947,2026-06-08,40,0.975
h042,48,3.6875,2026-06-08,50,0.96
h043,57,3.8771929824561404,2026-06-08,60,0.95
h044,48,3.75,2026-06-08,50,0.96
h045,47,3.9574468085106385,2026-06-08,50,0.94
h046,40,4.275,2026-06-08,50,0.8
h047,31,3.6774193548387095,2026-06-08,40,0.775
h048,35,4.142857142857143,2026-06-08,40,0.875
h049,49,4.122448979591836,2026-06-08,60,0.8166666666666667
h050,37,3.7837837837837838,2026-06-08,40,0.925
h001,62,3.8225806451612905,2026-06-09,70,0.8857142857142857
h002,27,3.7037037037037037,2026-06-09,30,0.9
h003,33,3.757575757575758,2026-06-09,40,0.825
h004,35,4.057142857142857,2026-06-09,40,0.875
h005,37,3.810810810810811,2026-06-09,40,0.925
h006,61,3.7704918032786887,2026-06-09,70,0.8714285714285714
h007,34,3.735294117647059,2026-06-09,40,0.85
h008,37,4.135135135135135,2026-06-09,40,0.925
h009,42,3.857142857142857,2026-06-09,50,0.84
h010,37,4.0,2026-06-09,40,0.925
h011,54,4.296296296296297,2026-06-09,60,0.9
h012,35,4.0285714285714285,2026-06-09,50,0.7
h013,45,3.911111111111111,2026-06-09,50,0.9
h014,51,3.803921568627451,2026-06-09,60,0.85
h015,55,3.8,2026-06-09,60,0.9166666666666666
h016,77,3.792207792207792,2026-06-09,80,0.9625
h017,46,3.9782608695652173,2026-06-09,50,0.92
h018,57,3.736842105263158,2026-06-09,60,0.95
h019,46,3.717391304347826,2026-06-09,50,0.92
h020,50,3.9,2026-06-09,60,0.8333333333333334
h021,52,4.0576923076923075,2026-06-09,50,1.0
h022,24,3.4583333333333335,2026-06-09,30,0.8
h023,25,4.16,2026-06-09,30,0.8333333333333334
h024,50,3.64,2026-06-09,60,0.8333333333333334
h025,38,3.6842105263157894,2026-06-09,40,0.95
h026,42,3.9285714285714284,2026-06-09,50,0.84
h027,56,4.035714285714286,2026-06-09,60,0.9333333333333333
h028,41,3.7804878048780486,2026-06-09,40,1.0
h029,25,3.52,2026-06-09,30,0.8333333333333334
h030,52,3.730769230769231,2026-06-09,60,0.8666666666666667
h031,54,4.0,2026-06-09,60,0.9
h032,39,3.7435897435897436,2026-06-09,40,0.975
h033,27,3.814814814814815,2026-06-09,40,0.675
h034,53,3.830188679245283,2026-06-09,60,0.8833333333333333
h035,66,3.9393939393939394,2026-06-09,70,0.9428571428571428
h036,31,3.6129032258064515,2026-06-09,40,0.775
h037,27,4.2592592592592595,2026-06-09,40,0.675
h038,26,3.6538461538461537,2026-06-09,30,0.8666666666666667
h039,69,3.739130434782609,2026-06-09,70,0.9857142857142858
h040,39,3.6666666666666665,2026-06-09,50,0.78
h041,39,3.7948717948717947,2026-06-09,40,0.975
h042,48,3.6875,2026-06-09,50,0.96
h043,58,3.8275862068965516,2026-06-09,60,0.9666666666666667
h044,48,3.75,2026-06-09,50,0.96
h045,47,3.9574468085106385,2026-06-09,50,0.94
h046,40,4.275,2026-06-09,50,0.8
h047,31,3.6774193548387095,2026-06-09,40,0.775
h048,35,4.142857142857143,2026-06-09,40,0.875
h049,49,4.122448979591836,2026-06-09,60,0.8166666666666667
h050,37,3.7837837837837838,2026-06-09,40,0.925
h001,63,3.8095238095238093,2026-06-10,70,0.9
h002,27,3.7037037037037037,2026-06-10,30,0.9
h003,33,3.757575757575758,2026-06-10,40,0.825
h004,35,4.057142857142857,2026-06-10,40,0.875
h005,37,3.810810810810811,2026-06-10,40,0.925
h006,61,3.7704918032786887,2026-06-10,70,0.8714285714285714
h007,34,3.735294117647059,2026-06-10,40,0.85
h008,37,4.135135135135135,2026-06-10,40,0.925
h009,42,3.857142857142857,2026-06-10,50,0.84
h010,37,4.0,2026-06-10,40,0.925
h011,54,4.296296296296297,2026-06-10,60,0.9
h012,35,4.0285714285714285,2026-06-10,50,0.7
h013,44,3.9318181818181817,2026-06-10,50,0.88
h014,52,3.7884615384615383,2026-06-10,60,0.8666666666666667
h015,55,3.8,2026-06-10,60,0.9166666666666666
h016,76,3.8026315789473686,2026-06-10,80,0.95
h017,46,3.9782608695652173,2026-06-10,50,0.92
h018,57,3.736842105263158,2026-06-10,60,0.95
h019,46,3.717391304347826,2026-06-10,50,0.92
h020,50,3.9,2026-06-10,60,0.8333333333333334
h021,51,4.019607843137255,2026-06-10,50,1.0
h022,24,3.4583333333333335,2026-06-10,30,0.8
h023,25,4.16,2026-06-10,30,0.8333333333333334
h024,50,3.64,2026-06-10,60,0.8333333333333334
h025,38,3.6842105263157894,2026-06-10,40,0.95
h026,42,3.9285714285714284,2026-06-10,50,0.84
h027,56,4.035714285714286,2026-06-10,60,0.9333333333333333
h028,40,3.775,2026-06-10,40,1.0
h029,25,3.52,2026-06-10,30,0.8333333333333334
h030,52,3.730769230769231,2026-06-10,60,0.8666666666666667
h031,54,4.0,2026-06-10,60,0.9
h032,39,3.7435897435897436,2026-06-10,40,0.975
h033,27,3.814814814814815,2026-06-10,40,0.675
h034,53,3.830188679245283,2026-06-10,60,0.8833333333333333
h035,66,3.9393939393939394,2026-06-10,70,0.9428571428571428
h036,31,3.6129032258064515,2026-06-10,40,0.775
h037,27,4.2592592592592595,2026-06-10,40,0.675
h038,26,3.6538461538461537,2026-06-10,30,0.8666666666666667
h039,69,3.739130434782609,2026-06-10,70,0.9857142857142858
h040,39,3.6666666666666665,2026-06-10,50,0.78
h041,39,3.7948717948717947,2026-06-10,40,0.975
h042,48,3.6875,2026-06-10,50,0.96
h043,58,3.8275862068965516,2026-06-10,60,0.9666666666666667
h044,48,3.75,2026-06-10,50,0.96
h045,47,3.9574468085106385,2026-06-10,50,0.94
h046,40,4.275,2026-06-10,50,0.8
h047,31,3.6774193548387095,2026-06-10,40,0.775
h048,35,4.142857142857143,2026-06-10,40,0.875
h049,49,4.122448979591836,2026-06-10,60,0.8166666666666667
h050,37,3.7837837837837838,2026-06-10,40,0.925
h001,64,3.796875,2026-06-11,70,0.9142857142857143
h002,27,3.7037037037037037,2026-06-11,30,0.9
h003,33,3.757575757575758,2026-06-11,40,0.825
h004,35,4.057142857142857,2026-06-11,40,0.875
h005,37,3.810810810810811,2026-06-11,40,0.925
h006,61,3.7704918032786887,2026-06-11,70,0.8714285714285714
h007,34,3.735294117647059,2026-06-11,40,0.85
h008,37,4.135135135135135,2026-06-11,40,0.925
h009,42,3.857142857142857,2026-06-11,50,0.84
h010,38,3.973684210526316,2026-06-11,40,0.95
h011,54,4.296296296296297,2026-06-11,60,0.9
h012,35,4.0285714285714285,2026-06-11,50,0.7
h013,44,3.9318181818181817,2026-06-11,50,0.88
h014,51,3.764705882352941,2026-06-11,60,0.85
h015,55,3.8,2026-06-11,60,0.9166666666666666
h016,76,3.8026315789473686,2026-06-11,80,0.95
h017,46,3.9782608695652173,2026-06-11,50,0.92
h018,57,3.736842105263158,2026-06-11,60,0.95
h019,46,3.717391304347826,2026-06-11,50,0.92
h020,50,3.9,2026-06-11,60,0.8333333333333334
h021,51,4.019607843137255,2026-06-11,50,1.0
h022,24,3.4583333333333335,2026-06-11,30,0.8
h023,24,4.166666666666667,2026-06-11,30,0.8
h024,50,3.64,2026-06-11,60,0.8333333333333334
h025,38,3.6842105263157894,2026-06-11,40,0.95
h026,42,3.9285714285714284,2026-06-11,50,0.84
h027,56,4.035714285714286,2026-06-11,60,0.9333333333333333
h028,40,3.775,2026-06-11,40,1.0
h029,25,3.52,2026-06-11,30,0.8333333333333334
h030,52,3.730769230769231,2026-06-11,60,0.8666666666666667
h031,54,4.0,2026-06-11,60,0.9
h032,39,3.7435897435897436,2026-06-11,40,0.975
h033,26,3.8461538461538463,2026-06-11,40,0.65
h034,54,3.8703703703703702,2026-06-11,60,0.9
h035,66,3.9393939393939394,2026-06-11,70,0.9428571428571428
h036,31,3.6129032258064515,2026-06-11,40,0.775
h037,27,4.2592592592592595,2026-06-11,40,0.675
h038,26,3.6538461538461537,2026-06-11,30,0.8666666666666667
h039,69,3.739130434782609,2026-06-11,70,0.9857142857142858
h040,39,3.6666666666666665,2026-06-11,50,0.78
h041,39,3.7948717948717947,2026-06-11,40,0.975
h042,48,3.6875,2026-06-11,50,0.96
h043,58,3.8275862068965516,2026-06-11,60,0.9666666666666667
h044,48,3.75,2026-06-11,50,0.96
h045,47,3.9574468085106385,2026-06-11,50,0.94
h046,40,4.275,2026-06-11,50,0.8
h047,31,3.6774193548387095,2026-06-11,40,0.775
h048,35,4.142857142857143,2026-06-11,40,0.875
h049,49,4.122448979591836,2026-06-11,60,0.8166666666666667
h050,37,3.7837837837837838,2026-06-11,40,0.925
h001,64,3.796875,2026-06-12,70,0.9142857142857143
h002,27,3.7037037037037037,2026-06-12,30,0.9
h003,33,3.757575757575758,2026-06-12,40,0.825
h004,35,4.057142857142857,2026-06-12,40,0.875
h005,37,3.810810810810811,2026-06-12,40,0.925
h006,61,3.7704918032786887,2026-06-12,70,0.8714285714285714
h007,34,3.735294117647059,2026-06-12,40,0.85
h008,37,4.135135135135135,2026-06-12,40,0.925
h009,42,3.857142857142857,2026-06-12,50,0.84
h010,38,3.973684210526316,2026-06-12,40,0.95
h011,54,4.296296296296297,2026-06-12,60,0.9
h012,35,4.0285714285714285,2026-06-12,50,0.7
h013,44,3.9318181818181817,2026-06-12,50,0.88
h014,51,3.764705882352941,2026-06-12,60,0.85
h015,55,3.8,2026-06-12,60,0.9166666666666666
h016,76,3.8026315789473686,2026-06-12,80,0.95
h017,46,3.9782608695652173,2026-06-12,50,0.92
h018,57,3.736842105263158,2026-06-12,60,0.95
h019,46,3.717391304347826,2026-06-12,50,0.92
h020,50,3.9,2026-06-12,60,0.8333333333333334
h021,51,4.019607843137255,2026-06-12,50,1.0
h022,24,3.4583333333333335,2026-06-12,30,0.8
h023,24,4.166666666666667,2026-06-12,30,0.8
h024,50,3.64,2026-06-12,60,0.8333333333333334
h025,38,3.6842105263157894,2026-06-12,40,0.95
h026,42,3.9285714285714284,2026-06-12,50,0.84
h027,55,4.036363636363636,2026-06-12,60,0.9166666666666666
h028,40,3.775,2026-06-12,40,1.0
h029,25,3.52,2026-06-12,30,0.8333333333333334
h030,52,3.730769230769231,2026-06-12,60,0.8666666666666667
h031,55,4.0181818181818185,2026-06-12,60,0.9166666666666666
h032,39,3.7435897435897436,2026-06-12,40,0.975
h033,26,3.8461538461538463,2026-06-12,40,0.65
h034,54,3.8703703703703702,2026-06-12,60,0.9
h035,66,3.9393939393939394,2026-06-12,70,0.9428571428571428
h036,31,3.6129032258064515,2026-06-12,40,0.775
h037,27,4.2592592592592595,2026-06-12,40,0.675
h038,26,3.6538461538461537,2026-06-12,30,0.8666666666666667
h039,69,3.739130434782609,2026-06-12,70,0.9857142857142858
h040,39,3.6666666666666665,2026-06-12,50,0.78
h041,39,3.7948717948717947,2026-06-12,40,0.975
h042,48,3.6875,2026-06-12,50,0.96
h043,58,3.8275862068965516,2026-06-12,60,0.9666666666666667
h044,48,3.75,2026-06-12,50,0.96
h045,47,3.9574468085106385,2026-06-12,50,0.94
h046,40,4.275,2026-06-12,50,0.8
h047,31,3.6774193548387095,2026-06-12,40,0.775
h048,35,4.142857142857143,2026-06-12,40,0.875
h049,49,4.122448979591836,2026-06-12,60,0.8166666666666667
h050,37,3.7837837837837838,2026-06-12,40,0.925
h001,63,3.761904761904762,2026-06-13,70,0.9
h002,27,3.7037037037037037,2026-06-13,30,0.9
h003,33,3.757575757575758,2026-06-13,40,0.825
h004,35,4.057142857142857,2026-06-13,40,0.875
h005,37,3.810810810810811,2026-06-13,40,0.925
h006,61,3.7704918032786887,2026-06-13,70,0.8714285714285714
h007,34,3.735294117647059,2026-06-13,40,0.85
h008,37,4.135135135135135,2026-06-13,40,0.925
h009,42,3.857142857142857,2026-06-13,50,0.84
h010,38,3.973684210526316,2026-06-13,40,0.95
h011,54,4.296296296296297,2026-06-13,60,0.9
h012,35,4.0285714285714285,2026-06-13,50,0.7
h013,44,3.9318181818181817,2026-06-13,50,0.88
h014,51,3.764705882352941,2026-06-13,60,0.85
h015,56,3.8035714285714284,2026-06-13,60,0.9333333333333333
h016,76,3.8026315789473686,2026-06-13,80,0.95
h017,46,3.9782608695652173,2026-06-13,50,0.92
h018,58,3.7758620689655173,2026-06-13,60,0.9666666666666667
h019,46,3.717391304347826,2026-06-13,50,0.92
h020,50,3.9,2026-06-13,60,0.8333333333333334
h021,51,4.019607843137255,2026-06-13,50,1.0
h022,24,3.4583333333333335,2026-06-13,30,0.8
h023,24,4.166666666666667,2026-06-13,30,0.8
h024,50,3.64,2026-06-13,60,0.8333333333333334
h025,38,3.6842105263157894,2026-06-13,40,0.95
h026,42,3.9285714285714284,2026-06-13,50,0.84
h027,55,4.036363636363636,2026-06-13,60,0.9166666666666666
h028,40,3.775,2026-06-13,40,1.0
h029,25,3.52,2026-06-13,30,0.8333333333333334
h030,52,3.730769230769231,2026-06-13,60,0.8666666666666667
h031,55,4.0181818181818185,2026-06-13,60,0.9166666666666666
h032,39,3.7435897435897436,2026-06-13,40,0.975
h033,26,3.8461538461538463,2026-06-13,40,0.65
h034,54,3.8703703703703702,2026-06-13,60,0.9
h035,65,3.923076923076923,2026-06-13,70,0.9285714285714286
h036,31,3.6129032258064515,2026-06-13,40,0.775
h037,27,4.2592592592592595,2026-06-13,40,0.675
h038,26,3.6538461538461537,2026-06-13,30,0.8666666666666667
h039,69,3.739130434782609,2026-06-13,70,0.9857142857142858
h040,39,3.6666666666666665,2026-06-13,50,0.78
h041,39,3.7948717948717947,2026-06-13,40,0.975
h042,48,3.6875,2026-06-13,50,0.96
h043,58,3.8275862068965516,2026-06-13,60,0.9666666666666667
h044,48,3.75,2026-06-13,50,0.96
h045,47,3.9574468085106385,2026-06-13,50,0.94
h046,40,4.275,2026-06-13,50,0.8
h047,31,3.6774193548387095,2026-06-13,40,0.775
h048,35,4.142857142857143,2026-06-13,40,0.875
h049,48,4.166666666666667,2026-06-13,60,0.8
h050,37,3.7837837837837838,2026-06-13,40,0.925
h001,63,3.761904761904762,2026-06-14,70,0.9
h002,27,3.7037037037037037,2026-06-14,30,0.9
h003,33,3.757575757575758,2026-06-14,40,0.825
h004,35,4.057142857142857,2026-06-14,40,0.875
h005,37,3.810810810810811,2026-06-14,40,0.925
h006,61,3.7704918032786887,2026-06-14,70,0.8714285714285714
h007,34,3.735294117647059,2026-06-14,40,0.85
h008,37,4.135135135135135,2026-06-14,40,0.925
h009,42,3.857142857142857,2026-06-14,50,0.84
h010,38,3.973684210526316,2026-06-14,40,0.95
h011,54,4.296296296296297,2026-06-14,60,0.9
h012,35,4.0285714285714285,2026-06-14,50,0.7
h013,44,3.9318181818181817,2026-06-14,50,0.88
h014,51,3.764705882352941,2026-06-14,60,0.85
h015,56,3.8035714285714284,2026-06-14,60,0.9333333333333333
h016,77,3.7662337662337664,2026-06-14,80,0.9625
h017,46,3.9782608695652173,2026-06-14,50,0.92
h018,58,3.7758620689655173,2026-06-14,60,0.9666666666666667
h019,47,3.74468085106383,2026-06-14,50,0.94
h020,50,3.9,2026-06-14,60,0.8333333333333334
h021,51,4.019607843137255,2026-06-14,50,1.0
h022,24,3.4583333333333335,2026-06-14,30,0.8
h023,24,4.166666666666667,2026-06-14,30,0.8
h024,50,3.64,2026-06-14,60,0.8333333333333334
h025,38,3.6842105263157894,2026-06-14,40,0.95
h026,42,3.9285714285714284,2026-06-14,50,0.84
h027,55,4.036363636363636,2026-06-14,60,0.9166666666666666
h028,40,3.775,2026-06-14,40,1.0
h029,25,3.52,2026-06-14,30,0.8333333333333334
h030,52,3.730769230769231,2026-06-14,60,0.8666666666666667
h031,55,4.0181818181818185,2026-06-14,60,0.9166666666666666
h032,39,3.7435897435897436,2026-06-14,40,0.975
h033,26,3.8461538461538463,2026-06-14,40,0.65
h034,54,3.8703703703703702,2026-06-14,60,0.9
h035,66,3.9242424242424243,2026-06-14,70,0.9428571428571428
h036,31,3.6129032258064515,2026-06-14,40,0.775
h037,27,4.2592592592592595,2026-06-14,40,0.675
h038,26,3.6538461538461537,2026-06-14,30,0.8666666666666667
h039,69,3.739130434782609,2026-06-14,70,0.9857142857142858
h040,39,3.6666666666666665,2026-06-14,50,0.78
h041,39,3.7948717948717947,2026-06-14,40,0.975
h042,48,3.6875,2026-06-14,50,0.96
h043,58,3.8275862068965516,2026-06-14,60,0.9666666666666667
h044,48,3.75,2026-06-14,50,0.96
h045,47,3.9574468085106385,2026-06-14,50,0.94
h046,40,4.275,2026-06-14,50,0.8
h047,30,3.6333333333333333,2026-06-14,40,0.75
h048,35,4.142857142857143,2026-06-14,40,0.875
h049,48,4.166666666666667,2026-06-14,60,0.8
h050,37,3.7837837837837838,2026-06-14,40,0.925
h001,63,3.761904761904762,2026-06-15,70,0.9
h002,27,3.7037037037037037,2026-06-15,30,0.9
h003,33,3.757575757575758,2026-06-15,40,0.825
h004,35,4.057142857142857,2026-06-15,40,0.875
h005,37,3.810810810810811,2026-06-15,40,0.925
h006,61,3.7704918032786887,2026-06-15,70,0.8714285714285714
h007,34,3.735294117647059,2026-06-15,40,0.85
h008,37,4.135135135135135,2026-06-15,40,0.925
h009,42,3.857142857142857,2026-06-15,50,0.84
h010,38,3.973684210526316,2026-06-15,40,0.95
h011,54,4.296296296296297,2026-06-15,60,0.9
h012,35,4.0285714285714285,2026-06-15,50,0.7
h013,44,3.9318181818181817,2026-06-15,50,0.88
h014,51,3.764705882352941,2026-06-15,60,0.85
h015,56,3.8035714285714284,2026-06-15,60,0.9333333333333333
h016,77,3.7662337662337664,2026-06-15,80,0.9625
h017,46,3.9782608695652173,2026-06-15,50,0.92
h018,58,3.7758620689655173,2026-06-15,60,0.9666666666666667
h019,47,3.74468085106383,2026-06-15,50,0.94
h020,51,3.8627450980392157,2026-06-15,60,0.85
h021,50,4.0,2026-06-15,50,1.0
h022,24,3.4583333333333335,2026-06-15,30,0.8
h023,24,4.166666666666667,2026-06-15,30,0.8
h024,50,3.64,2026-06-15,60,0.8333333333333334
h025,38,3.6842105263157894,2026-06-15,40,0.95
h026,42,3.9285714285714284,2026-06-15,50,0.84
h027,55,4.036363636363636,2026-06-15,60,0.9166666666666666
h028,40,3.775,2026-06-15,40,1.0
h029,25,3.52,2026-06-15,30,0.8333333333333334
h030,52,3.730769230769231,2026-06-15,60,0.8666666666666667
h031,57,4.035087719298246,2026-06-15,60,0.95
h032,39,3.7435897435897436,2026-06-15,40,0.975
h033,26,3.8461538461538463,2026-06-15,40,0.65
h034,54,3.8703703703703702,2026-06-15,60,0.9
h035,66,3.9242424242424243,2026-06-15,70,0.9428571428571428
h036,31,3.6129032258064515,2026-06-15,40,0.775
h037,27,4.2592592592592595,2026-06-15,40,0.675
h038,26,3.6538461538461537,2026-06-15,30,0.8666666666666667
h039,69,3.739130434782609,2026-06-15,70,0.9857142857142858
h040,39,3.6666666666666665,2026-06-15,50,0.78
h041,39,3.7948717948717947,2026-06-15,40,0.975
h042,48,3.6875,2026-06-15,50,0.96
h043,58,3.8275862068965516,2026-06-15,60,0.9666666666666667
h044,48,3.75,2026-06-15,50,0.96
h045,47,3.9574468085106385,2026-06-15,50,0.94
h046,40,4.275,2026-06-15,50,0.8
h047,30,3.6333333333333333,2026-06-15,40,0.75
h048,35,4.142857142857143,2026-06-15,40,0.875
h049,48,4.166666666666667,2026-06-15,60,0.8
h050,38,3.736842105263158,2026-06-15,40,0.95
h001,63,3.761904761904762,2026-06-16,70,0.9
h002,27,3.7037037037037037,2026-06-16,30,0.9
h003,33,3.757575757575758,2026-06-16,40,0.825
h004,35,4.057142857142857,2026-06-16,40,0.875
h005,37,3.810810810810811,2026-06-16,40,0.925
h006,61,3.7704918032786887,2026-06-16,70,0.8714285714285714
h007,34,3.735294117647059,2026-06-16,40,0.85
h008,37,4.135135135135135,2026-06-16,40,0.925
h009,42,3.857142857142857,2026-06-16,50,0.84
h010,38,3.973684210526316,2026-06-16,40,0.95
h011,54,4.296296296296297,2026-06-16,60,0.9
h012,35,4.0285714285714285,2026-06-16,50,0.7
h013,44,3.9318181818181817,2026-06-16,50,0.88
h014,51,3.764705882352941,2026-06-16,60,0.85
h015,56,3.8035714285714284,2026-06-16,60,0.9333333333333333
h016,77,3.7662337662337664,2026-06-16,80,0.9625
h017,46,3.9782608695652173,2026-06-16,50,0.92
h018,58,3.7758620689655173,2026-06-16,60,0.9666666666666667
h019,47,3.74468085106383,2026-06-16,50,0.94
h020,51,3.8627450980392157,2026-06-16,60,0.85
h021,50,4.0,2026-06-16,50,1.0
h022,24,3.4583333333333335,2026-06-16,30,0.8
h023,24,4.166666666666667,2026-06-16,30,0.8
h024,50,3.64,2026-06-16,60,0.8333333333333334
h025,38,3.6842105263157894,2026-06-16,40,0.95
h026,42,3.9285714285714284,2026-06-16,50,0.84
h027,55,4.036363636363636,2026-06-16,60,0.9166666666666666
h028,40,3.775,2026-06-16,40,1.0
h029,25,3.52,2026-06-16,30,0.8333333333333334
h030,52,3.730769230769231,2026-06-16,60,0.8666666666666667
h031,57,4.035087719298246,2026-06-16,60,0.95
h032,39,3.7435897435897436,2026-06-16,40,0.975
h033,26,3.8461538461538463,2026-06-16,40,0.65
h034,54,3.8703703703703702,2026-06-16,60,0.9
h035,66,3.9242424242424243,2026-06-16,70,0.9428571428571428
h036,31,3.6129032258064515,2026-06-16,40,0.775
h037,27,4.2592592592592595,2026-06-16,40,0.675
h038,26,3.6538461538461537,2026-06-16,30,0.8666666666666667
h039,69,3.739130434782609,2026-06-16,70,0.9857142857142858
h040,39,3.6666666666666665,2026-06-16,50,0.78
h041,39,3.7948717948717947,2026-06-16,40,0.975
h042,48,3.6875,2026-06-16,50,0.96
h043,58,3.8275862068965516,2026-06-16,60,0.9666666666666667
h044,48,3.75,2026-06-16,50,0.96
h045,47,3.9574468085106385,2026-06-16,50,0.94
h046,40,4.275,2026-06-16,50,0.8
h047,30,3.6333333333333333,2026-06-16,40,0.75
h048,35,4.142857142857143,2026-06-16,40,0.875
h049,48,4.166666666666667,2026-06-16,60,0.8
h050,38,3.736842105263158,2026-06-16,40,0.95
h001,62,3.7580645161290325,2026-06-17,70,0.8857142857142857
h002,27,3.7037037037037037,2026-06-17,30,0.9
h003,33,3.757575757575758,2026-06-17,40,0.825
h004,35,4.057142857142857,2026-06-17,40,0.875
h005,37,3.810810810810811,2026-06-17,40,0.925
h006,61,3.7704918032786887,2026-06-17,70,0.8714285714285714
h007,34,3.735294117647059,2026-06-17,40,0.85
h008,37,4.135135135135135,2026-06-17,40,0.925
h009,42,3.857142857142857,2026-06-17,50,0.84
h010,38,3.973684210526316,2026-06-17,40,0.95
h011,55,4.254545454545455,2026-06-17,60,0.9166666666666666
h012,35,4.0285714285714285,2026-06-17,50,0.7
h013,44,3.9318181818181817,2026-06-17,50,0.88
h014,51,3.764705882352941,2026-06-17,60,0.85
h015,56,3.8035714285714284,2026-06-17,60,0.9333333333333333
h016,77,3.7662337662337664,2026-06-17,80,0.9625
h017,46,3.9782608695652173,2026-06-17,50,0.92
h018,58,3.7758620689655173,2026-06-17,60,0.9666666666666667
h019,47,3.74468085106383,2026-06-17,50,0.94
h020,51,3.8627450980392157,2026-06-17,60,0.85
h021,50,4.0,2026-06-17,50,1.0
h022,24,3.4583333333333335,2026-06-17,30,0.8
h023,24,4.166666666666667,2026-06-17,30,0.8
h024,50,3.64,2026-06-17,60,0.8333333333333334
h025,38,3.6842105263157894,2026-06-17,40,0.95
h026,43,3.9302325581395348,2026-06-17,50,0.86
h027,55,4.036363636363636,2026-06-17,60,0.9166666666666666
h028,40,3.775,2026-06-17,40,1.0
h029,24,3.5,2026-06-17,30,0.8
h030,52,3.730769230769231,2026-06-17,60,0.8666666666666667
h031,57,4.035087719298246,2026-06-17,60,0.95
h032,39,3.7435897435897436,2026-06-17,40,0.975
h033,26,3.8461538461538463,2026-06-17,40,0.65
h034,54,3.8703703703703702,2026-06-17,60,0.9
h035,66,3.9242424242424243,2026-06-17,70,0.9428571428571428
h036,31,3.6129032258064515,2026-06-17,40,0.775
h037,27,4.2592592592592595,2026-06-17,40,0.675
h038,26,3.6538461538461537,2026-06-17,30,0.8666666666666667
h039,69,3.739130434782609,2026-06-17,70,0.9857142857142858
h040,38,3.6315789473684212,2026-06-17,50,0.76
h041,39,3.7948717948717947,2026-06-17,40,0.975
h042,48,3.6875,2026-06-17,50,0.96
h043,58,3.8275862068965516,2026-06-17,60,0.9666666666666667
h044,48,3.75,2026-06-17,50,0.96
h045,47,3.9574468085106385,2026-06-17,50,0.94
h046,40,4.275,2026-06-17,50,0.8
h047,30,3.6333333333333333,2026-06-17,40,0.75
h048,35,4.142857142857143,2026-06-17,40,0.875
h049,48,4.166666666666667,2026-06-17,60,0.8
h050,39,3.6923076923076925,2026-06-17,40,0.975
h001,62,3.7580645161290325,2026-06-18,70,0.8857142857142857
h002,27,3.7037037037037037,2026-06-18,30,0.9
h003,33,3.757575757575758,2026-06-18,40,0.825
h004,35,4.057142857142857,2026-06-18,40,0.875
h005,37,3.810810810810811,2026-06-18,40,0.925
h006,61,3.7704918032786887,2026-06-18,70,0.8714285714285714
h007,34,3.735294117647059,2026-06-18,40,0.85
h008,37,4.135135135135135,2026-06-18,40,0.925
h009,42,3.857142857142857,2026-06-18,50,0.84
h010,38,3.973684210526316,2026-06-18,40,0.95
h011,54,4.2407407407407405,2026-06-18,60,0.9
h012,35,4.0285714285714285,2026-06-18,50,0.7
h013,44,3.9318181818181817,2026-06-18,50,0.88
h014,51,3.764705882352941,2026-06-18,60,0.85
h015,56,3.8035714285714284,2026-06-18,60,0.9333333333333333
h016,77,3.7662337662337664,2026-06-18,80,0.9625
h017,46,3.9782608695652173,2026-06-18,50,0.92
h018,58,3.7758620689655173,2026-06-18,60,0.9666666666666667
h019,47,3.74468085106383,2026-06-18,50,0.94
h020,51,3.8627450980392157,2026-06-18,60,0.85
h021,50,4.0,2026-06-18,50,1.0
h022,24,3.4583333333333335,2026-06-18,30,0.8
h023,24,4.166666666666667,2026-06-18,30,0.8
h024,50,3.64,2026-06-18,60,0.8333333333333334
h025,39,3.6923076923076925,2026-06-18,40,0.975
h026,43,3.9302325581395348,2026-06-18,50,0.86
h027,55,4.036363636363636,2026-06-18,60,0.9166666666666666
h028,41,3.7560975609756095,2026-06-18,40,1.0
h029,24,3.5,2026-06-18,30,0.8
h030,52,3.730769230769231,2026-06-18,60,0.8666666666666667
h031,57,4.035087719298246,2026-06-18,60,0.95
h032,39,3.7435897435897436,2026-06-18,40,0.975
h033,26,3.8461538461538463,2026-06-18,40,0.65
h034,54,3.8703703703703702,2026-06-18,60,0.9
h035,66,3.9242424242424243,2026-06-18,70,0.9428571428571428
h036,31,3.6129032258064515,2026-06-18,40,0.775
h037,27,4.2592592592592595,2026-06-18,40,0.675
h038,26,3.6538461538461537,2026-06-18,30,0.8666666666666667
h039,69,3.739130434782609,2026-06-18,70,0.9857142857142858
h040,38,3.6315789473684212,2026-06-18,50,0.76
h041,38,3.763157894736842,2026-06-18,40,0.95
h042,48,3.6875,2026-06-18,50,0.96
h043,58,3.8275862068965516,2026-06-18,60,0.9666666666666667
h044,48,3.75,2026-06-18,50,0.96
h045,47,3.9574468085106385,2026-06-18,50,0.94
h046,40,4.275,2026-06-18,50,0.8
h047,30,3.6333333333333333,2026-06-18,40,0.75
h048,35,4.142857142857143,2026-06-18,40,0.875
h049,48,4.166666666666667,2026-06-18,60,0.8
h050,39,3.6923076923076925,2026-06-18,40,0.975
h001,62,3.7580645161290325,2026-06-19,70,0.8857142857142857
h002,26,3.8076923076923075,2026-06-19,30,0.8666666666666667
h003,33,3.757575757575758,2026-06-19,40,0.825
h004,35,4.057142857142857,2026-06-19,40,0.875
h005,37,3.810810810810811,2026-06-19,40,0.925
h006,61,3.7704918032786887,2026-06-19,70,0.8714285714285714
h007,34,3.735294117647059,2026-06-19,40,0.85
h008,37,4.135135135135135,2026-06-19,40,0.925
h009,42,3.857142857142857,2026-06-19,50,0.84
h010,37,4.0,2026-06-19,40,0.925
h011,54,4.2407407407407405,2026-06-19,60,0.9
h012,35,4.0285714285714285,2026-06-19,50,0.7
h013,44,3.9318181818181817,2026-06-19,50,0.88
h014,51,3.764705882352941,2026-06-19,60,0.85
h015,57,3.7719298245614037,2026-06-19,60,0.95
h016,77,3.7662337662337664,2026-06-19,80,0.9625
h017,46,3.9782608695652173,2026-06-19,50,0.92
h018,59,3.7796610169491527,2026-06-19,60,0.9833333333333333
h019,47,3.74468085106383,2026-06-19,50,0.94
h020,51,3.8627450980392157,2026-06-19,60,0.85
h021,50,4.0,2026-06-19,50,1.0
h022,24,3.4583333333333335,2026-06-19,30,0.8
h023,24,4.166666666666667,2026-06-19,30,0.8
h024,50,3.64,2026-06-19,60,0.8333333333333334
h025,39,3.6923076923076925,2026-06-19,40,0.975
h026,43,3.9302325581395348,2026-06-19,50,0.86
h027,55,4.036363636363636,2026-06-19,60,0.9166666666666666
h028,41,3.7560975609756095,2026-06-19,40,1.0
h029,23,3.5217391304347827,2026-06-19,30,0.7666666666666667
h030,52,3.730769230769231,2026-06-19,60,0.8666666666666667
h031,57,4.035087719298246,2026-06-19,60,0.95
h032,39,3.7435897435897436,2026-06-19,40,0.975
h033,26,3.8461538461538463,2026-06-19,40,0.65
h034,54,3.8703703703703702,2026-06-19,60,0.9
h035,66,3.9242424242424243,2026-06-19,70,0.9428571428571428
h036,31,3.6129032258064515,2026-06-19,40,0.775
h037,27,4.2592592592592595,2026-06-19,40,0.675
h038,26,3.6538461538461537,2026-06-19,30,0.8666666666666667
h039,69,3.739130434782609,2026-06-19,70,0.9857142857142858
h040,38,3.6315789473684212,2026-06-19,50,0.76
h041,38,3.763157894736842,2026-06-19,40,0.95
h042,48,3.6875,2026-06-19,50,0.96
h043,58,3.8275862068965516,2026-06-19,60,0.9666666666666667
h044,48,3.75,2026-06-19,50,0.96
h045,47,3.9574468085106385,2026-06-19,50,0.94
h046,40,4.275,2026-06-19,50,0.8
h047,30,3.6333333333333333,2026-06-19,40,0.75
h048,36,4.083333333333333,2026-06-19,40,0.9
h049,48,4.166666666666667,2026-06-19,60,0.8
h050,39,3.6923076923076925,2026-06-19,40,0.975
h001,63,3.761904761904762,2026-06-20,70,0.9
h002,26,3.8076923076923075,2026-06-20,30,0.8666666666666667
h003,33,3.757575757575758,2026-06-20,40,0.825
h004,35,4.057142857142857,2026-06-20,40,0.875
h005,37,3.810810810810811,2026-06-20,40,0.925
h006,61,3.7704918032786887,2026-06-20,70,0.8714285714285714
h007,34,3.735294117647059,2026-06-20,40,0.85
h008,37,4.135135135135135,2026-06-20,40,0.925
h009,42,3.857142857142857,2026-06-20,50,0.84
h010,37,4.0,2026-06-20,40,0.925
h011,54,4.2407407407407405,2026-06-20,60,0.9
h012,35,4.0285714285714285,2026-06-20,50,0.7
h013,44,3.9318181818181817,2026-06-20,50,0.88
h014,51,3.764705882352941,2026-06-20,60,0.85
h015,57,3.7719298245614037,2026-06-20,60,0.95
h016,77,3.7662337662337664,2026-06-20,80,0.9625
h017,46,3.9782608695652173,2026-06-20,50,0.92
h018,59,3.7796610169491527,2026-06-20,60,0.9833333333333333
h019,47,3.74468085106383,2026-06-20,50,0.94
h020,51,3.8627450980392157,2026-06-20,60,0.85
h021,48,3.9583333333333335,2026-06-20,50,0.96
h022,24,3.4583333333333335,2026-06-20,30,0.8
h023,24,4.166666666666667,2026-06-20,30,0.8
h024,50,3.64,2026-06-20,60,0.8333333333333334
h025,39,3.6923076923076925,2026-06-20,40,0.975
h026,43,3.9302325581395348,2026-06-20,50,0.86
h027,55,4.036363636363636,2026-06-20,60,0.9166666666666666
h028,41,3.7560975609756095,2026-06-20,40,1.0
h029,23,3.5217391304347827,2026-06-20,30,0.7666666666666667
h030,52,3.730769230769231,2026-06-20,60,0.8666666666666667
h031,57,4.035087719298246,2026-06-20,60,0.95
h032,39,3.7435897435897436,2026-06-20,40,0.975
h033,26,3.8461538461538463,2026-06-20,40,0.65
h034,54,3.8703703703703702,2026-06-20,60,0.9
h035,66,3.9242424242424243,2026-06-20,70,0.9428571428571428
h036,30,3.6333333333333333,2026-06-20,40,0.75
h037,27,4.2592592592592595,2026-06-20,40,0.675
h038,26,3.6538461538461537,2026-06-20,30,0.8666666666666667
h039,69,3.739130434782609,2026-06-20,70,0.9857142857142858
h040,38,3.6315789473684212,2026-06-20,50,0.76
h041,38,3.763157894736842,2026-06-20,40,0.95
h042,48,3.6875,2026-06-20,50,0.96
h043,58,3.8275862068965516,2026-06-20,60,0.9666666666666667
h044,48,3.75,2026-06-20,50,0.96
h045,47,3.9574468085106385,2026-06-20,50,0.94
h046,40,4.275,2026-06-20,50,0.8
h047,30,3.6333333333333333,2026-06-20,40,0.75
h048,36,4.083333333333333,2026-06-20,40,0.9
h049,48,4.166666666666667,2026-06-20,60,0.8
h050,39,3.6923076923076925,2026-06-20,40,0.975
h001,63,3.761904761904762,2026-06-21,70,0.9
h002,26,3.8076923076923075,2026-06-21,30,0.8666666666666667
h003,33,3.757575757575758,2026-06-21,40,0.825
h004,35,4.057142857142857,2026-06-21,40,0.875
h005,37,3.810810810810811,2026-06-21,40,0.925
h006,60,3.75,2026-06-21,70,0.8571428571428571
h007,34,3.735294117647059,2026-06-21,40,0.85
h008,37,4.135135135135135,2026-06-21,40,0.925
h009,42,3.857142857142857,2026-06-21,50,0.84
h010,37,4.0,2026-06-21,40,0.925
h011,53,4.2075471698113205,2026-06-21,60,0.8833333333333333
h012,35,4.0285714285714285,2026-06-21,50,0.7
h013,44,3.9318181818181817,2026-06-21,50,0.88
h014,51,3.764705882352941,2026-06-21,60,0.85
h015,57,3.7719298245614037,2026-06-21,60,0.95
h016,77,3.7662337662337664,2026-06-21,80,0.9625
h017,46,3.9782608695652173,2026-06-21,50,0.92
h018,59,3.7796610169491527,2026-06-21,60,0.9833333333333333
h019,47,3.74468085106383,2026-06-21,50,0.94
h020,51,3.8627450980392157,2026-06-21,60,0.85
h021,48,3.9583333333333335,2026-06-21,50,0.96
h022,24,3.4583333333333335,2026-06-21,30,0.8
h023,24,4.166666666666667,2026-06-21,30,0.8
h024,50,3.64,2026-06-21,60,0.8333333333333334
h025,39,3.6923076923076925,2026-06-21,40,0.975
h026,43,3.9302325581395348,2026-06-21,50,0.86
h027,55,4.036363636363636,2026-06-21,60,0.9166666666666666
h028,41,3.7560975609756095,2026-06-21,40,1.0
h029,23,3.5217391304347827,2026-06-21,30,0.7666666666666667
h030,51,3.764705882352941,2026-06-21,60,0.85
h031,58,4.0344827586206895,2026-06-21,60,0.9666666666666667
h032,39,3.7435897435897436,2026-06-21,40,0.975
h033,26,3.8461538461538463,2026-06-21,40,0.65
h034,53,3.8867924528301887,2026-06-21,60,0.8833333333333333
h035,66,3.9242424242424243,2026-06-21,70,0.9428571428571428
h036,30,3.6333333333333333,2026-06-21,40,0.75
h037,27,4.2592592592592595,2026-06-21,40,0.675
h038,26,3.6538461538461537,2026-06-21,30,0.8666666666666667
h039,69,3.739130434782609,2026-06-21,70,0.9857142857142858
h040,38,3.6315789473684212,2026-06-21,50,0.76
h041,38,3.763157894736842,2026-06-21,40,0.95
h042,48,3.6875,2026-06-21,50,0.96
h043,58,3.8275862068965516,2026-06-21,60,0.9666666666666667
h044,48,3.75,2026-06-21,50,0.96
h045,47,3.9574468085106385,2026-06-21,50,0.94
h046,40,4.275,2026-06-21,50,0.8
h047,30,3.6333333333333333,2026-06-21,40,0.75
h048,36,4.083333333333333,2026-06-21,40,0.9
h049,48,4.166666666666667,2026-06-21,60,0.8
h050,39,3.6923076923076925,2026-06-21,40,0.975
h001,63,3.761904761904762,2026-06-22,70,0.9
h002,26,3.8076923076923075,2026-06-22,30,0.8666666666666667
h003,33,3.757575757575758,2026-06-22,40,0.825
h004,35,4.057142857142857,2026-06-22,40,0.875
h005,37,3.810810810810811,2026-06-22,40,0.925
h006,59,3.711864406779661,2026-06-22,70,0.8428571428571429
h007,35,3.742857142857143,2026-06-22,40,0.875
h008,37,4.135135135135135,2026-06-22,40,0.925
h009,42,3.857142857142857,2026-06-22,50,0.84
h010,37,4.0,2026-06-22,40,0.925
h011,53,4.2075471698113205,2026-06-22,60,0.8833333333333333
h012,35,4.0285714285714285,2026-06-22,50,0.7
h013,44,3.9318181818181817,2026-06-22,50,0.88
h014,51,3.764705882352941,2026-06-22,60,0.85
h015,58,3.7758620689655173,2026-06-22,60,0.9666666666666667
h016,77,3.7662337662337664,2026-06-22,80,0.9625
h017,46,3.9782608695652173,2026-06-22,50,0.92
h018,59,3.7796610169491527,2026-06-22,60,0.9833333333333333
h019,47,3.74468085106383,2026-06-22,50,0.94
h020,51,3.8627450980392157,2026-06-22,60,0.85
h021,48,3.9583333333333335,2026-06-22,50,0.96
h022,25,3.44,2026-06-22,30,0.8333333333333334
h023,24,4.166666666666667,2026-06-22,30,0.8
h024,50,3.64,2026-06-22,60,0.8333333333333334
h025,39,3.6923076923076925,2026-06-22,40,0.975
h026,43,3.9302325581395348,2026-06-22,50,0.86
h027,55,4.036363636363636,2026-06-22,60,0.9166666666666666
h028,41,3.7560975609756095,2026-06-22,40,1.0
h029,23,3.5217391304347827,2026-06-22,30,0.7666666666666667
h030,51,3.764705882352941,2026-06-22,60,0.85
h031,58,4.0344827586206895,2026-06-22,60,0.9666666666666667
h032,39,3.7435897435897436,2026-06-22,40,0.975
h033,26,3.8461538461538463,2026-06-22,40,0.65
h034,53,3.8867924528301887,2026-06-22,60,0.8833333333333333
h035,65,3.8923076923076922,2026-06-22,70,0.9285714285714286
h036,30,3.6333333333333333,2026-06-22,40,0.75
h037,27,4.2592592592592595,2026-06-22,40,0.675
h038,26,3.6538461538461537,2026-06-22,30,0.8666666666666667
h039,69,3.739130434782609,2026-06-22,70,0.9857142857142858
h040,38,3.6315789473684212,2026-06-22,50,0.76
h041,38,3.763157894736842,2026-06-22,40,0.95
h042,48,3.6875,2026-06-22,50,0.96
h043,58,3.8275862068965516,2026-06-22,60,0.9666666666666667
h044,48,3.75,2026-06-22,50,0.96
h045,47,3.9574468085106385,2026-06-22,50,0.94
h046,40,4.275,2026-06-22,50,0.8
h047,31,3.6451612903225805,2026-06-22,40,0.775
h048,36,4.083333333333333,2026-06-22,40,0.9
h049,48,4.166666666666667,2026-06-22,60,0.8
h050,39,3.6923076923076925,2026-06-22,40,0.975
h001,63,3.761904761904762,2026-06-23,70,0.9
h002,25,3.8,2026-06-23,30,0.8333333333333334
h003,33,3.757575757575758,2026-06-23,40,0.825
h004,35,4.057142857142857,2026-06-23,40,0.875
h005,37,3.810810810810811,2026-06-23,40,0.925
h006,59,3.711864406779661,2026-06-23,70,0.8428571428571429
h007,35,3.742857142857143,2026-06-23,40,0.875
h008,37,4.135135135135135,2026-06-23,40,0.925
h009,42,3.857142857142857,2026-06-23,50,0.84
h010,37,4.0,2026-06-23,40,0.925
h011,53,4.2075471698113205,2026-06-23,60,0.8833333333333333
h012,35,4.0285714285714285,2026-06-23,50,0.7
h013,44,3.9318181818181817,2026-06-23,50,0.88
h014,51,3.764705882352941,2026-06-23,60,0.85
h015,57,3.754385964912281,2026-06-23,60,0.95
h016,77,3.7662337662337664,2026-06-23,80,0.9625
h017,46,3.9782608695652173,2026-06-23,50,0.92
h018,58,3.793103448275862,2026-06-23,60,0.9666666666666667
h019,47,3.74468085106383,2026-06-23,50,0.94
h020,51,3.8627450980392157,2026-06-23,60,0.85
h021,48,3.9583333333333335,2026-06-23,50,0.96
h022,25,3.44,2026-06-23,30,0.8333333333333334
h023,24,4.166666666666667,2026-06-23,30,0.8
h024,50,3.64,2026-06-23,60,0.8333333333333334
h025,39,3.6923076923076925,2026-06-23,40,0.975
h026,43,3.9302325581395348,2026-06-23,50,0.86
h027,55,4.036363636363636,2026-06-23,60,0.9166666666666666
h028,41,3.7560975609756095,2026-06-23,40,1.0
h029,23,3.5217391304347827,2026-06-23,30,0.7666666666666667
h030,51,3.764705882352941,2026-06-23,60,0.85
h031,58,4.0344827586206895,2026-06-23,60,0.9666666666666667
h032,39,3.7435897435897436,2026-06-23,40,0.975
h033,26,3.8461538461538463,2026-06-23,40,0.65
h034,53,3.8867924528301887,2026-06-23,60,0.8833333333333333
h035,65,3.8923076923076922,2026-06-23,70,0.9285714285714286
h036,30,3.6333333333333333,2026-06-23,40,0.75
h037,28,4.25,2026-06-23,40,0.7
h038,26,3.6538461538461537,2026-06-23,30,0.8666666666666667
h039,69,3.739130434782609,2026-06-23,70,0.9857142857142858
h040,38,3.6315789473684212,2026-06-23,50,0.76
h041,38,3.763157894736842,2026-06-23,40,0.95
h042,48,3.6875,2026-06-23,50,0.96
h043,58,3.8275862068965516,2026-06-23,60,0.9666666666666667
h044,48,3.75,2026-06-23,50,0.96
h045,47,3.9574468085106385,2026-06-23,50,0.94
h046,40,4.275,2026-06-23,50,0.8
h047,31,3.6451612903225805,2026-06-23,40,0.775
h048,36,4.083333333333333,2026-06-23,40,0.9
h049,48,4.166666666666667,2026-06-23,60,0.8
h050,39,3.6923076923076925,2026-06-23,40,0.975
h001,63,3.761904761904762,2026-06-24,70,0.9
h002,25,3.8,2026-06-24,30,0.8333333333333334
h003,33,3.757575757575758,2026-06-24,40,0.825
h004,35,4.057142857142857,2026-06-24,40,0.875
h005,37,3.810810810810811,2026-06-24,40,0.925
h006,59,3.711864406779661,2026-06-24,70,0.8428571428571429
h007,35,3.742857142857143,2026-06-24,40,0.875
h008,37,4.135135135135135,2026-06-24,40,0.925
h009,41,3.8536585365853657,2026-06-24,50,0.82
h010,37,4.0,2026-06-24,40,0.925
h011,53,4.2075471698113205,2026-06-24,60,0.8833333333333333
h012,35,4.0285714285714285,2026-06-24,50,0.7
h013,44,3.9318181818181817,2026-06-24,50,0.88
h014,51,3.764705882352941,2026-06-24,60,0.85
h015,57,3.754385964912281,2026-06-24,60,0.95
h016,77,3.7662337662337664,2026-06-24,80,0.9625
h017,46,3.9782608695652173,2026-06-24,50,0.92
h018,58,3.793103448275862,2026-06-24,60,0.9666666666666667
h019,47,3.74468085106383,2026-06-24,50,0.94
h020,51,3.8627450980392157,2026-06-24,60,0.85
h021,48,3.9583333333333335,2026-06-24,50,0.96
h022,25,3.44,2026-06-24,30,0.8333333333333334
h023,24,4.166666666666667,2026-06-24,30,0.8
h024,50,3.64,2026-06-24,60,0.8333333333333334
h025,39,3.6923076923076925,2026-06-24,40,0.975
h026,43,3.9302325581395348,2026-06-24,50,0.86
h027,55,4.036363636363636,2026-06-24,60,0.9166666666666666
h028,40,3.775,2026-06-24,40,1.0
h029,23,3.5217391304347827,2026-06-24,30,0.7666666666666667
h030,52,3.7115384615384617,2026-06-24,60,0.8666666666666667
h031,58,4.0344827586206895,2026-06-24,60,0.9666666666666667
h032,39,3.7435897435897436,2026-06-24,40,0.975
h033,26,3.8461538461538463,2026-06-24,40,0.65
h034,53,3.8867924528301887,2026-06-24,60,0.8833333333333333
h035,64,3.859375,2026-06-24,70,0.9142857142857143
h036,30,3.6333333333333333,2026-06-24,40,0.75
h037,28,4.25,2026-06-24,40,0.7
h038,26,3.6538461538461537,2026-06-24,30,0.8666666666666667
h039,69,3.739130434782609,2026-06-24,70,0.9857142857142858
h040,38,3.6315789473684212,2026-06-24,50,0.76
h041,38,3.763157894736842,2026-06-24,40,0.95
h042,48,3.6875,2026-06-24,50,0.96
h043,58,3.8275862068965516,2026-06-24,60,0.9666666666666667
h044,48,3.75,2026-06-24,50,0.96
h045,47,3.9574468085106385,2026-06-24,50,0.94
h046,40,4.275,2026-06-24,50,0.8
h047,31,3.6451612903225805,2026-06-24,40,0.775
h048,36,4.083333333333333,2026-06-24,40,0.9
h049,47,4.191489361702128,2026-06-24,60,0.7833333333333333
h050,39,3.6923076923076925,2026-06-24,40,0.975
h001,63,3.7936507936507935,2026-06-25,70,0.9
h002,26,3.8076923076923075,2026-06-25,30,0.8666666666666667
h003,33,3.757575757575758,2026-06-25,40,0.825
h004,35,4.057142857142857,2026-06-25,40,0.875
h005,37,3.810810810810811,2026-06-25,40,0.925
h006,59,3.711864406779661,2026-06-25,70,0.8428571428571429
h007,35,3.742857142857143,2026-06-25,40,0.875
h008,37,4.135135135135135,2026-06-25,40,0.925
h009,41,3.8536585365853657,2026-06-25,50,0.82
h010,37,4.0,2026-06-25,40,0.925
h011,53,4.2075471698113205,2026-06-25,60,0.8833333333333333
h012,35,4.0285714285714285,2026-06-25,50,0.7
h013,44,3.9318181818181817,2026-06-25,50,0.88
h014,51,3.764705882352941,2026-06-25,60,0.85
h015,57,3.754385964912281,2026-06-25,60,0.95
h016,77,3.7662337662337664,2026-06-25,80,0.9625
h017,46,3.9782608695652173,2026-06-25,50,0.92
h018,58,3.793103448275862,2026-06-25,60,0.9666666666666667
h019,47,3.74468085106383,2026-06-25,50,0.94
h020,51,3.8627450980392157,2026-06-25,60,0.85
h021,48,3.9583333333333335,2026-06-25,50,0.96
h022,25,3.44,2026-06-25,30,0.8333333333333334
h023,24,4.166666666666667,2026-06-25,30,0.8
h024,50,3.64,2026-06-25,60,0.8333333333333334
h025,39,3.6923076923076925,2026-06-25,40,0.975
h026,43,3.9302325581395348,2026-06-25,50,0.86
h027,55,4.036363636363636,2026-06-25,60,0.9166666666666666
h028,40,3.775,2026-06-25,40,1.0
h029,23,3.5217391304347827,2026-06-25,30,0.7666666666666667
h030,52,3.7115384615384617,2026-06-25,60,0.8666666666666667
h031,57,4.0,2026-06-25,60,0.95
h032,39,3.7435897435897436,2026-06-25,40,0.975
h033,26,3.8461538461538463,2026-06-25,40,0.65
h034,53,3.8867924528301887,2026-06-25,60,0.8833333333333333
h035,64,3.859375,2026-06-25,70,0.9142857142857143
h036,30,3.6333333333333333,2026-06-25,40,0.75
h037,28,4.25,2026-06-25,40,0.7
h038,26,3.6538461538461537,2026-06-25,30,0.8666666666666667
h039,69,3.739130434782609,2026-06-25,70,0.9857142857142858
h040,38,3.6315789473684212,2026-06-25,50,0.76
h041,38,3.763157894736842,2026-06-25,40,0.95
h042,48,3.6875,2026-06-25,50,0.96
h043,58,3.8275862068965516,2026-06-25,60,0.9666666666666667
h044,48,3.75,2026-06-25,50,0.96
h045,47,3.9574468085106385,2026-06-25,50,0.94
h046,40,4.275,2026-06-25,50,0.8
h047,30,3.6,2026-06-25,40,0.75
h048,36,4.083333333333333,2026-06-25,40,0.9
h049,47,4.191489361702128,2026-06-25,60,0.7833333333333333
h050,39,3.6923076923076925,2026-06-25,40,0.975
h001,63,3.7936507936507935,2026-06-26,70,0.9
h002,26,3.8076923076923075,2026-06-26,30,0.8666666666666667
h003,33,3.757575757575758,2026-06-26,40,0.825
h004,35,4.057142857142857,2026-06-26,40,0.875
h005,37,3.810810810810811,2026-06-26,40,0.925
h006,59,3.711864406779661,2026-06-26,70,0.8428571428571429
h007,35,3.742857142857143,2026-06-26,40,0.875
h008,37,4.135135135135135,2026-06-26,40,0.925
h009,41,3.8536585365853657,2026-06-26,50,0.82
h010,37,4.0,2026-06-26,40,0.925
h011,53,4.2075471698113205,2026-06-26,60,0.8833333333333333
h012,35,4.0285714285714285,2026-06-26,50,0.7
h013,44,3.9318181818181817,2026-06-26,50,0.88
h014,51,3.764705882352941,2026-06-26,60,0.85
h015,57,3.754385964912281,2026-06-26,60,0.95
h016,77,3.7662337662337664,2026-06-26,80,0.9625
h017,46,3.9782608695652173,2026-06-26,50,0.92
h018,58,3.793103448275862,2026-06-26,60,0.9666666666666667
h019,47,3.74468085106383,2026-06-26,50,0.94
h020,51,3.8627450980392157,2026-06-26,60,0.85
h021,47,3.9361702127659575,2026-06-26,50,0.94
h022,25,3.44,2026-06-26,30,0.8333333333333334
h023,24,4.166666666666667,2026-06-26,30,0.8
h024,50,3.64,2026-06-26,60,0.8333333333333334
h025,39,3.6923076923076925,2026-06-26,40,0.975
h026,43,3.9302325581395348,2026-06-26,50,0.86
h027,55,4.036363636363636,2026-06-26,60,0.9166666666666666
h028,40,3.775,2026-06-26,40,1.0
h029,24,3.5,2026-06-26,30,0.8
h030,52,3.7115384615384617,2026-06-26,60,0.8666666666666667
h031,57,4.0,2026-06-26,60,0.95
h032,39,3.7435897435897436,2026-06-26,40,0.975
h033,26,3.8461538461538463,2026-06-26,40,0.65
h034,53,3.8867924528301887,2026-06-26,60,0.8833333333333333
h035,64,3.859375,2026-06-26,70,0.9142857142857143
h036,30,3.6333333333333333,2026-06-26,40,0.75
h037,28,4.25,2026-06-26,40,0.7
h038,26,3.6538461538461537,2026-06-26,30,0.8666666666666667
h039,69,3.739130434782609,2026-06-26,70,0.9857142857142858
h040,38,3.6315789473684212,2026-06-26,50,0.76
h041,38,3.763157894736842,2026-06-26,40,0.95
h042,48,3.6875,2026-06-26,50,0.96
h043,58,3.8275862068965516,2026-06-26,60,0.9666666666666667
h044,48,3.75,2026-06-26,50,0.96
h045,47,3.9574468085106385,2026-06-26,50,0.94
h046,40,4.275,2026-06-26,50,0.8
h047,30,3.6,2026-06-26,40,0.75
h048,36,4.083333333333333,2026-06-26,40,0.9
h049,47,4.191489361702128,2026-06-26,60,0.7833333333333333
h050,39,3.6923076923076925,2026-06-26,40,0.975
h001,63,3.7936507936507935,2026-06-27,70,0.9
h002,26,3.8076923076923075,2026-06-27,30,0.8666666666666667
h003,33,3.757575757575758,2026-06-27,40,0.825
h004,35,4.057142857142857,2026-06-27,40,0.875
h005,37,3.810810810810811,2026-06-27,40,0.925
h006,59,3.711864406779661,2026-06-27,70,0.8428571428571429
h007,35,3.742857142857143,2026-06-27,40,0.875
h008,36,4.166666666666667,2026-06-27,40,0.9
h009,41,3.8536585365853657,2026-06-27,50,0.82
h010,37,4.0,2026-06-27,40,0.925
h011,53,4.2075471698113205,2026-06-27,60,0.8833333333333333
h012,35,4.0285714285714285,2026-06-27,50,0.7
h013,44,3.9318181818181817,2026-06-27,50,0.88
h014,50,3.78,2026-06-27,60,0.8333333333333334
h015,57,3.754385964912281,2026-06-27,60,0.95
h016,77,3.7662337662337664,2026-06-27,80,0.9625
h017,46,3.9782608695652173,2026-06-27,50,0.92
h018,58,3.793103448275862,2026-06-27,60,0.9666666666666667
h019,47,3.74468085106383,2026-06-27,50,0.94
h020,51,3.8627450980392157,2026-06-27,60,0.85
h021,47,3.9361702127659575,2026-06-27,50,0.94
h022,25,3.44,2026-06-27,30,0.8333333333333334
h023,24,4.166666666666667,2026-06-27,30,0.8
h024,51,3.607843137254902,2026-06-27,60,0.85
h025,39,3.6923076923076925,2026-06-27,40,0.975
h026,43,3.9302325581395348,2026-06-27,50,0.86
h027,55,4.036363636363636,2026-06-27,60,0.9166666666666666
h028,40,3.775,2026-06-27,40,1.0
h029,24,3.5,2026-06-27,30,0.8
h030,51,3.7058823529411766,2026-06-27,60,0.85
h031,57,4.0,2026-06-27,60,0.95
h032,39,3.7435897435897436,2026-06-27,40,0.975
h033,26,3.8461538461538463,2026-06-27,40,0.65
h034,53,3.8867924528301887,2026-06-27,60,0.8833333333333333
h035,64,3.859375,2026-06-27,70,0.9142857142857143
h036,30,3.6333333333333333,2026-06-27,40,0.75
h037,28,4.25,2026-06-27,40,0.7
h038,26,3.6538461538461537,2026-06-27,30,0.8666666666666667
h039,69,3.739130434782609,2026-06-27,70,0.9857142857142858
h040,38,3.6315789473684212,2026-06-27,50,0.76
h041,38,3.763157894736842,2026-06-27,40,0.95
h042,48,3.6875,2026-06-27,50,0.96
h043,58,3.8275862068965516,2026-06-27,60,0.9666666666666667
h044,47,3.765957446808511,2026-06-27,50,0.94
h045,47,3.9574468085106385,2026-06-27,50,0.94
h046,40,4.275,2026-06-27,50,0.8
h047,30,3.6,2026-06-27,40,0.75
h048,36,4.083333333333333,2026-06-27,40,0.9
h049,47,4.191489361702128,2026-06-27,60,0.7833333333333333
h050,39,3.6923076923076925,2026-06-27,40,0.975
h001,63,3.7936507936507935,2026-06-28,70,0.9
h002,26,3.8076923076923075,2026-06-28,30,0.8666666666666667
h003,33,3.757575757575758,2026-06-28,40,0.825
h004,35,4.057142857142857,2026-06-28,40,0.875
h005,37,3.810810810810811,2026-06-28,40,0.925
h006,59,3.711864406779661,2026-06-28,70,0.8428571428571429
h007,35,3.742857142857143,2026-06-28,40,0.875
h008,36,4.166666666666667,2026-06-28,40,0.9
h009,41,3.8536585365853657,2026-06-28,50,0.82
h010,37,4.0,2026-06-28,40,0.925
h011,53,4.2075471698113205,2026-06-28,60,0.8833333333333333
h012,35,4.0285714285714285,2026-06-28,50,0.7
h013,44,3.9318181818181817,2026-06-28,50,0.88
h014,50,3.78,2026-06-28,60,0.8333333333333334
h015,57,3.754385964912281,2026-06-28,60,0.95
h016,77,3.7662337662337664,2026-06-28,80,0.9625
h017,46,3.9782608695652173,2026-06-28,50,0.92
h018,58,3.793103448275862,2026-06-28,60,0.9666666666666667
h019,47,3.74468085106383,2026-06-28,50,0.94
h020,51,3.8627450980392157,2026-06-28,60,0.85
h021,47,3.9361702127659575,2026-06-28,50,0.94
h022,25,3.44,2026-06-28,30,0.8333333333333334
h023,24,4.166666666666667,2026-06-28,30,0.8
h024,51,3.607843137254902,2026-06-28,60,0.85
h025,39,3.6923076923076925,2026-06-28,40,0.975
h026,43,3.9302325581395348,2026-06-28,50,0.86
h027,55,4.036363636363636,2026-06-28,60,0.9166666666666666
h028,40,3.775,2026-06-28,40,1.0
h029,24,3.5,2026-06-28,30,0.8
h030,51,3.7058823529411766,2026-06-28,60,0.85
h031,57,4.0,2026-06-28,60,0.95
h032,39,3.7435897435897436,2026-06-28,40,0.975
h033,26,3.8461538461538463,2026-06-28,40,0.65
h034,53,3.8867924528301887,2026-06-28,60,0.8833333333333333
h035,64,3.859375,2026-06-28,70,0.9142857142857143
h036,30,3.6333333333333333,2026-06-28,40,0.75
h037,28,4.25,2026-06-28,40,0.7
h038,26,3.6538461538461537,2026-06-28,30,0.8666666666666667
h039,69,3.739130434782609,2026-06-28,70,0.9857142857142858
h040,38,3.6315789473684212,2026-06-28,50,0.76
h041,38,3.763157894736842,2026-06-28,40,0.95
h042,48,3.6875,2026-06-28,50,0.96
h043,58,3.8275862068965516,2026-06-28,60,0.9666666666666667
h044,47,3.765957446808511,2026-06-28,50,0.94
h045,47,3.9574468085106385,2026-06-28,50,0.94
h046,40,4.275,2026-06-28,50,0.8
h047,30,3.6,2026-06-28,40,0.75
h048,36,4.083333333333333,2026-06-28,40,0.9
h049,47,4.191489361702128,2026-06-28,60,0.7833333333333333
h050,39,3.6923076923076925,2026-06-28,40,0.975
h001,64,3.8125,2026-06-29,70,0.9142857142857143
h002,26,3.8076923076923075,2026-06-29,30,0.8666666666666667
h003,33,3.757575757575758,2026-06-29,40,0.825
h004,35,4.057142857142857,2026-06-29,40,0.875
h005,37,3.810810810810811,2026-06-29,40,0.925
h006,59,3.711864406779661,2026-06-29,70,0.8428571428571429
h007,35,3.742857142857143,2026-06-29,40,0.875
h008,36,4.166666666666667,2026-06-29,40,0.9
h009,41,3.8536585365853657,2026-06-29,50,0.82
h010,37,4.0,2026-06-29,40,0.925
h011,53,4.2075471698113205,2026-06-29,60,0.8833333333333333
h012,35,4.0285714285714285,2026-06-29,50,0.7
h013,43,3.9302325581395348,2026-06-29,50,0.86
h014,50,3.78,2026-06-29,60,0.8333333333333334
h015,57,3.754385964912281,2026-06-29,60,0.95
h016,77,3.7662337662337664,2026-06-29,80,0.9625
h017,46,3.9782608695652173,2026-06-29,50,0.92
h018,58,3.793103448275862,2026-06-29,60,0.9666666666666667
h019,47,3.74468085106383,2026-06-29,50,0.94
h020,50,3.86,2026-06-29,60,0.8333333333333334
h021,47,3.9361702127659575,2026-06-29,50,0.94
h022,25,3.44,2026-06-29,30,0.8333333333333334
h023,24,4.166666666666667,2026-06-29,30,0.8
h024,51,3.607843137254902,2026-06-29,60,0.85
h025,39,3.6923076923076925,2026-06-29,40,0.975
h026,43,3.9302325581395348,2026-06-29,50,0.86
h027,55,4.036363636363636,2026-06-29,60,0.9166666666666666
h028,40,3.775,2026-06-29,40,1.0
h029,24,3.5,2026-06-29,30,0.8
h030,51,3.7058823529411766,2026-06-29,60,0.85
h031,57,4.0,2026-06-29,60,0.95
h032,39,3.7435897435897436,2026-06-29,40,0.975
h033,26,3.8461538461538463,2026-06-29,40,0.65
h034,53,3.8867924528301887,2026-06-29,60,0.8833333333333333
h035,64,3.859375,2026-06-29,70,0.9142857142857143
h036,30,3.6333333333333333,2026-06-29,40,0.75
h037,28,4.25,2026-06-29,40,0.7
h038,26,3.6538461538461537,2026-06-29,30,0.8666666666666667
h039,69,3.739130434782609,2026-06-29,70,0.9857142857142858
h040,38,3.6315789473684212,2026-06-29,50,0.76
h041,38,3.763157894736842,2026-06-29,40,0.95
h042,49,3.693877551020408,2026-06-29,50,0.98
h043,58,3.8275862068965516,2026-06-29,60,0.9666666666666667
h044,47,3.765957446808511,2026-06-29,50,0.94
h045,47,3.9574468085106385,2026-06-29,50,0.94
h046,40,4.275,2026-06-29,50,0.8
h047,30,3.6,2026-06-29,40,0.75
h048,36,4.083333333333333,2026-06-29,40,0.9
h049,47,4.191489361702128,2026-06-29,60,0.7833333333333333
h050,39,3.6923076923076925,2026-06-29,40,0.975
h001,64,3.8125,2026-06-30,70,0.9142857142857143
h002,26,3.8076923076923075,2026-06-30,30,0.8666666666666667
h003,33,3.757575757575758,2026-06-30,40,0.825
h004,35,4.057142857142857,2026-06-30,40,0.875
h005,37,3.810810810810811,2026-06-30,40,0.925
h006,59,3.711864406779661,2026-06-30,70,0.8428571428571429
h007,35,3.742857142857143,2026-06-30,40,0.875
h008,36,4.166666666666667,2026-06-30,40,0.9
h009,41,3.8536585365853657,2026-06-30,50,0.82
h010,37,4.0,2026-06-30,40,0.925
h011,53,4.2075471698113205,2026-06-30,60,0.8833333333333333
h012,35,4.0285714285714285,2026-06-30,50,0.7
h013,43,3.9302325581395348,2026-06-30,50,0.86
h014,50,3.78,2026-06-30,60,0.8333333333333334
h015,57,3.754385964912281,2026-06-30,60,0.95
h016,77,3.7662337662337664,2026-06-30,80,0.9625
h017,46,3.9782608695652173,2026-06-30,50,0.92
h018,58,3.793103448275862,2026-06-30,60,0.9666666666666667
h019,47,3.74468085106383,2026-06-30,50,0.94
h020,50,3.86,2026-06-30,60,0.8333333333333334
h021,47,3.9361702127659575,2026-06-30,50,0.94
h022,25,3.44,2026-06-30,30,0.8333333333333334
h023,24,4.166666666666667,2026-06-30,30,0.8
h024,52,3.6153846153846154,2026-06-30,60,0.8666666666666667
h025,39,3.6923076923076925,2026-06-30,40,0.975
h026,43,3.9302325581395348,2026-06-30,50,0.86
h027,54,4.018518518518518,2026-06-30,60,0.9
h028,40,3.775,2026-06-30,40,1.0
h029,23,3.5652173913043477,2026-06-30,30,0.7666666666666667
h030,51,3.7058823529411766,2026-06-30,60,0.85
h031,57,4.0,2026-06-30,60,0.95
h032,39,3.7435897435897436,2026-06-30,40,0.975
h033,26,3.8461538461538463,2026-06-30,40,0.65
h034,53,3.8867924528301887,2026-06-30,60,0.8833333333333333
h035,64,3.859375,2026-06-30,70,0.9142857142857143
h036,30,3.6333333333333333,2026-06-30,40,0.75
h037,28,4.25,2026-06-30,40,0.7
h038,26,3.6538461538461537,2026-06-30,30,0.8666666666666667
h039,69,3.739130434782609,2026-06-30,70,0.9857142857142858
h040,38,3.6315789473684212,2026-06-30,50,0.76
h041,38,3.763157894736842,2026-06-30,40,0.95
h042,49,3.693877551020408,2026-06-30,50,0.98
h043,58,3.8275862068965516,2026-06-30,60,0.9666666666666667
h044,47,3.765957446808511,2026-06-30,50,0.94
h045,47,3.9574468085106385,2026-06-30,50,0.94
h046,40,4.275,2026-06-30,50,0.8
h047,30,3.6,2026-06-30,40,0.75
h048,36,4.083333333333333,2026-06-30,40,0.9
h049,47,4.191489361702128,2026-06-30,60,0.7833333333333333
h050,39,3.6923076923076925,2026-06-30,40,0.975
h001,64,3.8125,2026-07-01,70,0.9142857142857143
h002,25,3.88,2026-07-01,30,0.8333333333333334
h003,33,3.757575757575758,2026-07-01,40,0.825
h004,35,4.057142857142857,2026-07-01,40,0.875
h005,37,3.810810810810811,2026-07-01,40,0.925
h006,58,3.7241379310344827,2026-07-01,70,0.8285714285714286
h007,35,3.742857142857143,2026-07-01,40,0.875
h008,36,4.166666666666667,2026-07-01,40,0.9
h009,41,3.8536585365853657,2026-07-01,50,0.82
h010,37,4.0,2026-07-01,40,0.925
h011,53,4.2075471698113205,2026-07-01,60,0.8833333333333333
h012,35,4.0285714285714285,2026-07-01,50,0.7
h013,43,3.9302325581395348,2026-07-01,50,0.86
h014,51,3.803921568627451,2026-07-01,60,0.85
h015,57,3.754385964912281,2026-07-01,60,0.95
h016,77,3.7662337662337664,2026-07-01,80,0.9625
h017,46,3.9782608695652173,2026-07-01,50,0.92
h018,58,3.793103448275862,2026-07-01,60,0.9666666666666667
h019,47,3.74468085106383,2026-07-01,50,0.94
h020,50,3.86,2026-07-01,60,0.8333333333333334
h021,47,3.9361702127659575,2026-07-01,50,0.94
h022,25,3.44,2026-07-01,30,0.8333333333333334
h023,24,4.166666666666667,2026-07-01,30,0.8
h024,52,3.6153846153846154,2026-07-01,60,0.8666666666666667
h025,39,3.6923076923076925,2026-07-01,40,0.975
h026,43,3.9302325581395348,2026-07-01,50,0.86
h027,54,4.018518518518518,2026-07-01,60,0.9
h028,40,3.775,2026-07-01,40,1.0
h029,23,3.5652173913043477,2026-07-01,30,0.7666666666666667
h030,51,3.7058823529411766,2026-07-01,60,0.85
h031,57,4.0,2026-07-01,60,0.95
h032,39,3.7435897435897436,2026-07-01,40,0.975
h033,26,3.8461538461538463,2026-07-01,40,0.65
h034,53,3.8867924528301887,2026-07-01,60,0.8833333333333333
h035,65,3.8153846153846156,2026-07-01,70,0.9285714285714286
h036,30,3.6333333333333333,2026-07-01,40,0.75
h037,28,4.25,2026-07-01,40,0.7
h038,25,3.64,2026-07-01,30,0.8333333333333334
h039,69,3.739130434782609,2026-07-01,70,0.9857142857142858
h040,38,3.6315789473684212,2026-07-01,50,0.76
h041,38,3.763157894736842,2026-07-01,40,0.95
h042,49,3.693877551020408,2026-07-01,50,0.98
h043,58,3.8275862068965516,2026-07-01,60,0.9666666666666667
h044,47,3.765957446808511,2026-07-01,50,0.94
h045,47,3.9574468085106385,2026-07-01,50,0.94
h046,39,4.333333333333333,2026-07-01,50,0.78
h047,30,3.6,2026-07-01,40,0.75
h048,36,4.083333333333333,2026-07-01,40,0.9
h049,47,4.191489361702128,2026-07-01,60,0.7833333333333333
h050,39,3.6923076923076925,2026-07-01,40,0.975
h001,64,3.8125,2026-07-02,70,0.9142857142857143
h002,25,3.88,2026-07-02,30,0.8333333333333334
h003,33,3.757575757575758,2026-07-02,40,0.825
h004,35,4.057142857142857,2026-07-02,40,0.875
h005,36,3.7777777777777777,2026-07-02,40,0.9
h006,58,3.7241379310344827,2026-07-02,70,0.8285714285714286
h007,35,3.742857142857143,2026-07-02,40,0.875
h008,36,4.166666666666667,2026-07-02,40,0.9
h009,41,3.8536585365853657,2026-07-02,50,0.82
h010,37,4.0,2026-07-02,40,0.925
h011,53,4.2075471698113205,2026-07-02,60,0.8833333333333333
h012,35,4.0285714285714285,2026-07-02,50,0.7
h013,43,3.9302325581395348,2026-07-02,50,0.86
h014,51,3.803921568627451,2026-07-02,60,0.85
h015,57,3.754385964912281,2026-07-02,60,0.95
h016,77,3.7662337662337664,2026-07-02,80,0.9625
h017,45,3.933333333333333,2026-07-02,50,0.9
h018,58,3.793103448275862,2026-07-02,60,0.9666666666666667
h019,47,3.74468085106383,2026-07-02,50,0.94
h020,50,3.86,2026-07-02,60,0.8333333333333334
h021,47,3.9361702127659575,2026-07-02,50,0.94
h022,25,3.44,2026-07-02,30,0.8333333333333334
h023,24,4.166666666666667,2026-07-02,30,0.8
h024,52,3.6153846153846154,2026-07-02,60,0.8666666666666667
h025,39,3.6923076923076925,2026-07-02,40,0.975
h026,43,3.9302325581395348,2026-07-02,50,0.86
h027,54,4.018518518518518,2026-07-02,60,0.9
h028,40,3.775,2026-07-02,40,1.0
h029,23,3.5652173913043477,2026-07-02,30,0.7666666666666667
h030,51,3.7058823529411766,2026-07-02,60,0.85
h031,57,4.0,2026-07-02,60,0.95
h032,39,3.7435897435897436,2026-07-02,40,0.975
h033,26,3.8461538461538463,2026-07-02,40,0.65
h034,53,3.8867924528301887,2026-07-02,60,0.8833333333333333
h035,65,3.8153846153846156,2026-07-02,70,0.9285714285714286
h036,30,3.6333333333333333,2026-07-02,40,0.75
h037,28,4.25,2026-07-02,40,0.7
h038,25,3.64,2026-07-02,30,0.8333333333333334
h039,69,3.739130434782609,2026-07-02,70,0.9857142857142858
h040,38,3.6315789473684212,2026-07-02,50,0.76
h041,38,3.763157894736842,2026-07-02,40,0.95
h042,49,3.693877551020408,2026-07-02,50,0.98
h043,59,3.830508474576271,2026-07-02,60,0.9833333333333333
h044,47,3.765957446808511,2026-07-02,50,0.94
h045,47,3.9574468085106385,2026-07-02,50,0.94
h046,39,4.333333333333333,2026-07-02,50,0.78
h047,30,3.6,2026-07-02,40,0.75
h048,36,4.083333333333333,2026-07-02,40,0.9
h049,47,4.191489361702128,2026-07-02,60,0.7833333333333333
h050,39,3.6923076923076925,2026-07-02,40,0.975
h001,63,3.7936507936507935,2026-07-03,70,0.9
h002,25,3.88,2026-07-03,30,0.8333333333333334
h003,33,3.757575757575758,2026-07-03,40,0.825
h004,35,4.057142857142857,2026-07-03,40,0.875
h005,36,3.7777777777777777,2026-07-03,40,0.9
h006,58,3.7241379310344827,2026-07-03,70,0.8285714285714286
h007,35,3.742857142857143,2026-07-03,40,0.875
h008,36,4.166666666666667,2026-07-03,40,0.9
h009,41,3.8536585365853657,2026-07-03,50,0.82
h010,37,4.0,2026-07-03,40,0.925
h011,53,4.2075471698113205,2026-07-03,60,0.8833333333333333
h012,35,4.0285714285714285,2026-07-03,50,0.7
h013,43,3.9302325581395348,2026-07-03,50,0.86
h014,51,3.803921568627451,2026-07-03,60,0.85
h015,57,3.754385964912281,2026-07-03,60,0.95
h016,77,3.7662337662337664,2026-07-03,80,0.9625
h017,45,3.933333333333333,2026-07-03,50,0.9
h018,58,3.793103448275862,2026-07-03,60,0.9666666666666667
h019,47,3.74468085106383,2026-07-03,50,0.94
h020,50,3.86,2026-07-03,60,0.8333333333333334
h021,48,3.9166666666666665,2026-07-03,50,0.96
h022,25,3.44,2026-07-03,30,0.8333333333333334
h023,24,4.166666666666667,2026-07-03,30,0.8
h024,52,3.6153846153846154,2026-07-03,60,0.8666666666666667
h025,39,3.6923076923076925,2026-07-03,40,0.975
h026,43,3.9302325581395348,2026-07-03,50,0.86
h027,54,4.018518518518518,2026-07-03,60,0.9
h028,40,3.775,2026-07-03,40,1.0
h029,23,3.5652173913043477,2026-07-03,30,0.7666666666666667
h030,51,3.7058823529411766,2026-07-03,60,0.85
h031,56,4.0,2026-07-03,60,0.9333333333333333
h032,39,3.7435897435897436,2026-07-03,40,0.975
h033,26,3.8461538461538463,2026-07-03,40,0.65
h034,53,3.8867924528301887,2026-07-03,60,0.8833333333333333
h035,65,3.8153846153846156,2026-07-03,70,0.9285714285714286
h036,30,3.6333333333333333,2026-07-03,40,0.75
h037,28,4.25,2026-07-03,40,0.7
h038,25,3.64,2026-07-03,30,0.8333333333333334
h039,69,3.739130434782609,2026-07-03,70,0.9857142857142858
h040,38,3.6315789473684212,2026-07-03,50,0.76
h041,38,3.763157894736842,2026-07-03,40,0.95
h042,49,3.693877551020408,2026-07-03,50,0.98
h043,59,3.830508474576271,2026-07-03,60,0.9833333333333333
h044,47,3.765957446808511,2026-07-03,50,0.94
h045,47,3.9574468085106385,2026-07-03,50,0.94
h046,39,4.333333333333333,2026-07-03,50,0.78
h047,30,3.6,2026-07-03,40,0.75
h048,36,4.083333333333333,2026-07-03,40,0.9
h049,47,4.191489361702128,2026-07-03,60,0.7833333333333333
h050,39,3.6923076923076925,2026-07-03,40,0.975
h001,63,3.7936507936507935,2026-07-04,70,0.9
h002,25,3.88,2026-07-04,30,0.8333333333333334
h003,33,3.757575757575758,2026-07-04,40,0.825
h004,35,4.057142857142857,2026-07-04,40,0.875
h005,36,3.7777777777777777,2026-07-04,40,0.9
h006,58,3.7241379310344827,2026-07-04,70,0.8285714285714286
h007,35,3.742857142857143,2026-07-04,40,0.875
h008,36,4.166666666666667,2026-07-04,40,0.9
h009,41,3.8536585365853657,2026-07-04,50,0.82
h010,37,4.0,2026-07-04,40,0.925
h011,53,4.2075471698113205,2026-07-04,60,0.8833333333333333
h012,35,4.0285714285714285,2026-07-04,50,0.7
h013,43,3.9302325581395348,2026-07-04,50,0.86
h014,51,3.803921568627451,2026-07-04,60,0.85
h015,57,3.754385964912281,2026-07-04,60,0.95
h016,77,3.7662337662337664,2026-07-04,80,0.9625
h017,45,3.933333333333333,2026-07-04,50,0.9
h018,58,3.793103448275862,2026-07-04,60,0.9666666666666667
h019,47,3.74468085106383,2026-07-04,50,0.94
h020,50,3.86,2026-07-04,60,0.8333333333333334
h021,48,3.9166666666666665,2026-07-04,50,0.96
h022,25,3.44,2026-07-04,30,0.8333333333333334
h023,24,4.166666666666667,2026-07-04,30,0.8
h024,52,3.6153846153846154,2026-07-04,60,0.8666666666666667
h025,39,3.6923076923076925,2026-07-04,40,0.975
h026,43,3.9302325581395348,2026-07-04,50,0.86
h027,54,4.018518518518518,2026-07-04,60,0.9
h028,39,3.769230769230769,2026-07-04,40,0.975
h029,23,3.5652173913043477,2026-07-04,30,0.7666666666666667
h030,51,3.7058823529411766,2026-07-04,60,0.85
h031,56,4.0,2026-07-04,60,0.9333333333333333
h032,39,3.7435897435897436,2026-07-04,40,0.975
h033,26,3.8461538461538463,2026-07-04,40,0.65
h034,53,3.8867924528301887,2026-07-04,60,0.8833333333333333
h035,65,3.8153846153846156,2026-07-04,70,0.9285714285714286
h036,30,3.6333333333333333,2026-07-04,40,0.75
h037,28,4.25,2026-07-04,40,0.7
h038,25,3.64,2026-07-04,30,0.8333333333333334
h039,69,3.739130434782609,2026-07-04,70,0.9857142857142858
h040,38,3.6315789473684212,2026-07-04,50,0.76
h041,38,3.763157894736842,2026-07-04,40,0.95
h042,49,3.693877551020408,2026-07-04,50,0.98
h043,59,3.830508474576271,2026-07-04,60,0.9833333333333333
h044,47,3.765957446808511,2026-07-04,50,0.94
h045,47,3.9574468085106385,2026-07-04,50,0.94
h046,39,4.333333333333333,2026-07-04,50,0.78
h047,30,3.6,2026-07-04,40,0.75
h048,36,4.083333333333333,2026-07-04,40,0.9
h049,47,4.191489361702128,2026-07-04,60,0.7833333333333333
h050,39,3.6923076923076925,2026-07-04,40,0.975
h001,63,3.7936507936507935,2026-07-05,70,0.9
h002,25,3.88,2026-07-05,30,0.8333333333333334
h003,33,3.757575757575758,2026-07-05,40,0.825
h004,35,4.057142857142857,2026-07-05,40,0.875
h005,36,3.7777777777777777,2026-07-05,40,0.9
h006,58,3.7241379310344827,2026-07-05,70,0.8285714285714286
h007,35,3.742857142857143,2026-07-05,40,0.875
h008,36,4.166666666666667,2026-07-05,40,0.9
h009,41,3.8536585365853657,2026-07-05,50,0.82
h010,37,4.0,2026-07-05,40,0.925
h011,53,4.2075471698113205,2026-07-05,60,0.8833333333333333
h012,35,4.0285714285714285,2026-07-05,50,0.7
h013,43,3.9302325581395348,2026-07-05,50,0.86
h014,51,3.803921568627451,2026-07-05,60,0.85
h015,58,3.7586206896551726,2026-07-05,60,0.9666666666666667
h016,77,3.7662337662337664,2026-07-05,80,0.9625
h017,45,3.933333333333333,2026-07-05,50,0.9
h018,58,3.793103448275862,2026-07-05,60,0.9666666666666667
h019,47,3.74468085106383,2026-07-05,50,0.94
h020,49,3.877551020408163,2026-07-05,60,0.8166666666666667
h021,48,3.9166666666666665,2026-07-05,50,0.96
h022,25,3.44,2026-07-05,30,0.8333333333333334
h023,24,4.166666666666667,2026-07-05,30,0.8
h024,52,3.6153846153846154,2026-07-05,60,0.8666666666666667
h025,39,3.6923076923076925,2026-07-05,40,0.975
h026,43,3.9302325581395348,2026-07-05,50,0.86
h027,55,4.036363636363636,2026-07-05,60,0.9166666666666666
h028,39,3.769230769230769,2026-07-05,40,0.975
h029,23,3.5652173913043477,2026-07-05,30,0.7666666666666667
h030,51,3.7058823529411766,2026-07-05,60,0.85
h031,56,4.0,2026-07-05,60,0.9333333333333333
h032,39,3.7435897435897436,2026-07-05,40,0.975
h033,26,3.8461538461538463,2026-07-05,40,0.65
h034,53,3.8867924528301887,2026-07-05,60,0.8833333333333333
h035,65,3.8153846153846156,2026-07-05,70,0.9285714285714286
h036,30,3.6333333333333333,2026-07-05,40,0.75
h037,28,4.25,2026-07-05,40,0.7
h038,25,3.64,2026-07-05,30,0.8333333333333334
h039,69,3.739130434782609,2026-07-05,70,0.9857142857142858
h040,38,3.6315789473684212,2026-07-05,50,0.76
h041,38,3.763157894736842,2026-07-05,40,0.95
h042,49,3.693877551020408,2026-07-05,50,0.98
h043,59,3.830508474576271,2026-07-05,60,0.9833333333333333
h044,47,3.765957446808511,2026-07-05,50,0.94
h045,47,3.9574468085106385,2026-07-05,50,0.94
h046,40,4.325,2026-07-05,50,0.8
h047,30,3.6,2026-07-05,40,0.75
h048,36,4.083333333333333,2026-07-05,40,0.9
h049,47,4.191489361702128,2026-07-05,60,0.7833333333333333
h050,39,3.6923076923076925,2026-07-05,40,0.975
h001,63,3.7936507936507935,2026-07-06,70,0.9
h002,25,3.88,2026-07-06,30,0.8333333333333334
h003,33,3.757575757575758,2026-07-06,40,0.825
h004,35,4.057142857142857,2026-07-06,40,0.875
h005,36,3.7777777777777777,2026-07-06,40,0.9
h006,58,3.7241379310344827,2026-07-06,70,0.8285714285714286
h007,35,3.742857142857143,2026-07-06,40,0.875
h008,36,4.166666666666667,2026-07-06,40,0.9
h009,41,3.8536585365853657,2026-07-06,50,0.82
h010,37,4.0,2026-07-06,40,0.925
h011,53,4.2075471698113205,2026-07-06,60,0.8833333333333333
h012,35,4.0285714285714285,2026-07-06,50,0.7
h013,43,3.9302325581395348,2026-07-06,50,0.86
h014,51,3.803921568627451,2026-07-06,60,0.85
h015,58,3.7586206896551726,2026-07-06,60,0.9666666666666667
h016,77,3.7662337662337664,2026-07-06,80,0.9625
h017,45,3.933333333333333,2026-07-06,50,0.9
h018,58,3.793103448275862,2026-07-06,60,0.9666666666666667
h019,47,3.74468085106383,2026-07-06,50,0.94
h020,49,3.877551020408163,2026-07-06,60,0.8166666666666667
h021,48,3.9166666666666665,2026-07-06,50,0.96
h022,25,3.44,2026-07-06,30,0.8333333333333334
h023,24,4.166666666666667,2026-07-06,30,0.8
h024,52,3.6153846153846154,2026-07-06,60,0.8666666666666667
h025,39,3.6923076923076925,2026-07-06,40,0.975
h026,43,3.9302325581395348,2026-07-06,50,0.86
h027,54,4.018518518518518,2026-07-06,60,0.9
h028,39,3.769230769230769,2026-07-06,40,0.975
h029,23,3.5652173913043477,2026-07-06,30,0.7666666666666667
h030,51,3.7058823529411766,2026-07-06,60,0.85
h031,56,4.0,2026-07-06,60,0.9333333333333333
h032,39,3.7435897435897436,2026-07-06,40,0.975
h033,26,3.8461538461538463,2026-07-06,40,0.65
h034,53,3.8867924528301887,2026-07-06,60,0.8833333333333333
h035,65,3.8153846153846156,2026-07-06,70,0.9285714285714286
h036,30,3.6333333333333333,2026-07-06,40,0.75
h037,28,4.25,2026-07-06,40,0.7
h038,25,3.64,2026-07-06,30,0.8333333333333334
h039,69,3.739130434782609,2026-07-06,70,0.9857142857142858
h040,38,3.6315789473684212,2026-07-06,50,0.76
h041,38,3.763157894736842,2026-07-06,40,0.95
h042,49,3.693877551020408,2026-07-06,50,0.98
h043,59,3.830508474576271,2026-07-06,60,0.9833333333333333
h044,47,3.765957446808511,2026-07-06,50,0.94
h045,47,3.9574468085106385,2026-07-06,50,0.94
h046,40,4.325,2026-07-06,50,0.8
h047,31,3.6129032258064515,2026-07-06,40,0.775
h048,36,4.083333333333333,2026-07-06,40,0.9
h049,47,4.191489361702128,2026-07-06,60,0.7833333333333333
h050,39,3.6923076923076925,2026-07-06,40,0.975
h001,63,3.7936507936507935,2026-07-07,70,0.9
h002,25,3.88,2026-07-07,30,0.8333333333333334
h003,33,3.757575757575758,2026-07-07,40,0.825
h004,35,4.057142857142857,2026-07-07,40,0.875
h005,36,3.7777777777777777,2026-07-07,40,0.9
h006,58,3.7241379310344827,2026-07-07,70,0.8285714285714286
h007,35,3.742857142857143,2026-07-07,40,0.875
h008,36,4.166666666666667,2026-07-07,40,0.9
h009,41,3.8536585365853657,2026-07-07,50,0.82
h010,37,4.0,2026-07-07,40,0.925
h011,53,4.188679245283019,2026-07-07,60,0.8833333333333333
h012,35,4.0285714285714285,2026-07-07,50,0.7
h013,43,3.9302325581395348,2026-07-07,50,0.86
h014,51,3.803921568627451,2026-07-07,60,0.85
h015,58,3.7586206896551726,2026-07-07,60,0.9666666666666667
h016,77,3.7662337662337664,2026-07-07,80,0.9625
h017,45,3.933333333333333,2026-07-07,50,0.9
h018,58,3.793103448275862,2026-07-07,60,0.9666666666666667
h019,47,3.74468085106383,2026-07-07,50,0.94
h020,49,3.877551020408163,2026-07-07,60,0.8166666666666667
h021,48,3.9166666666666665,2026-07-07,50,0.96
h022,25,3.44,2026-07-07,30,0.8333333333333334
h023,24,4.166666666666667,2026-07-07,30,0.8
h024,52,3.6153846153846154,2026-07-07,60,0.8666666666666667
h025,39,3.6923076923076925,2026-07-07,40,0.975
h026,43,3.9302325581395348,2026-07-07,50,0.86
h027,54,4.018518518518518,2026-07-07,60,0.9
h028,39,3.769230769230769,2026-07-07,40,0.975
h029,24,3.5416666666666665,2026-07-07,30,0.8
h030,51,3.7058823529411766,2026-07-07,60,0.85
h031,56,4.0,2026-07-07,60,0.9333333333333333
h032,39,3.7435897435897436,2026-07-07,40,0.975
h033,26,3.8461538461538463,2026-07-07,40,0.65
h034,53,3.8867924528301887,2026-07-07,60,0.8833333333333333
h035,65,3.8153846153846156,2026-07-07,70,0.9285714285714286
h036,30,3.6333333333333333,2026-07-07,40,0.75
h037,28,4.25,2026-07-07,40,0.7
h038,25,3.64,2026-07-07,30,0.8333333333333334
h039,69,3.739130434782609,2026-07-07,70,0.9857142857142858
h040,38,3.6315789473684212,2026-07-07,50,0.76
h041,38,3.763157894736842,2026-07-07,40,0.95
h042,49,3.693877551020408,2026-07-07,50,0.98
h043,59,3.830508474576271,2026-07-07,60,0.9833333333333333
h044,47,3.765957446808511,2026-07-07,50,0.94
h045,48,3.9791666666666665,2026-07-07,50,0.96
h046,39,4.358974358974359,2026-07-07,50,0.78
h047,31,3.6129032258064515,2026-07-07,40,0.775
h048,36,4.083333333333333,2026-07-07,40,0.9
h049,47,4.191489361702128,2026-07-07,60,0.7833333333333333
h050,39,3.6923076923076925,2026-07-07,40,0.975
h001,63,3.7936507936507935,2026-07-08,70,0.9
h002,25,3.88,2026-07-08,30,0.8333333333333334
h003,33,3.757575757575758,2026-07-08,40,0.825
h004,35,4.057142857142857,2026-07-08,40,0.875
h005,36,3.7777777777777777,2026-07-08,40,0.9
h006,58,3.7241379310344827,2026-07-08,70,0.8285714285714286
h007,35,3.742857142857143,2026-07-08,40,0.875
h008,36,4.166666666666667,2026-07-08,40,0.9
h009,42,3.857142857142857,2026-07-08,50,0.84
h010,38,4.026315789473684,2026-07-08,40,0.95
h011,53,4.188679245283019,2026-07-08,60,0.8833333333333333
h012,35,4.0285714285714285,2026-07-08,50,0.7
h013,43,3.9302325581395348,2026-07-08,50,0.86
h014,51,3.803921568627451,2026-07-08,60,0.85
h015,58,3.7586206896551726,2026-07-08,60,0.9666666666666667
h016,77,3.7662337662337664,2026-07-08,80,0.9625
h017,45,3.933333333333333,2026-07-08,50,0.9
h018,58,3.793103448275862,2026-07-08,60,0.9666666666666667
h019,47,3.74468085106383,2026-07-08,50,0.94
h020,49,3.877551020408163,2026-07-08,60,0.8166666666666667
h021,48,3.9166666666666665,2026-07-08,50,0.96
h022,25,3.44,2026-07-08,30,0.8333333333333334
h023,24,4.166666666666667,2026-07-08,30,0.8
h024,52,3.6153846153846154,2026-07-08,60,0.8666666666666667
h025,39,3.6923076923076925,2026-07-08,40,0.975
h026,43,3.9302325581395348,2026-07-08,50,0.86
h027,54,4.018518518518518,2026-07-08,60,0.9
h028,39,3.769230769230769,2026-07-08,40,0.975
h029,24,3.5416666666666665,2026-07-08,30,0.8
h030,51,3.7058823529411766,2026-07-08,60,0.85
h031,56,4.0,2026-07-08,60,0.9333333333333333
h032,39,3.7435897435897436,2026-07-08,40,0.975
h033,26,3.8461538461538463,2026-07-08,40,0.65
h034,53,3.8867924528301887,2026-07-08,60,0.8833333333333333
h035,64,3.796875,2026-07-08,70,0.9142857142857143
h036,30,3.6333333333333333,2026-07-08,40,0.75
h037,28,4.25,2026-07-08,40,0.7
h038,25,3.64,2026-07-08,30,0.8333333333333334
h039,70,3.757142857142857,2026-07-08,70,1.0
h040,38,3.6315789473684212,2026-07-08,50,0.76
h041,38,3.763157894736842,2026-07-08,40,0.95
h042,50,3.74,2026-07-08,50,1.0
h043,59,3.830508474576271,2026-07-08,60,0.9833333333333333
h044,47,3.765957446808511,2026-07-08,50,0.94
h045,48,3.9791666666666665,2026-07-08,50,0.96
h046,39,4.358974358974359,2026-07-08,50,0.78
h047,31,3.6129032258064515,2026-07-08,40,0.775
h048,36,4.083333333333333,2026-07-08,40,0.9
h049,47,4.191489361702128,2026-07-08,60,0.7833333333333333
h050,39,3.6923076923076925,2026-07-08,40,0.975
h001,63,3.7936507936507935,2026-07-09,70,0.9
h002,25,3.88,2026-07-09,30,0.8333333333333334
h003,33,3.757575757575758,2026-07-09,40,0.825
h004,35,4.057142857142857,2026-07-09,40,0.875
h005,36,3.7777777777777777,2026-07-09,40,0.9
h006,58,3.7241379310344827,2026-07-09,70,0.8285714285714286
h007,35,3.742857142857143,2026-07-09,40,0.875
h008,36,4.166666666666667,2026-07-09,40,0.9
h009,42,3.857142857142857,2026-07-09,50,0.84
h010,38,4.026315789473684,2026-07-09,40,0.95
h011,53,4.188679245283019,2026-07-09,60,0.8833333333333333
h012,35,4.0285714285714285,2026-07-09,50,0.7
h013,43,3.9302325581395348,2026-07-09,50,0.86
h014,51,3.803921568627451,2026-07-09,60,0.85
h015,58,3.7586206896551726,2026-07-09,60,0.9666666666666667
h016,78,3.7948717948717947,2026-07-09,80,0.975
h017,45,3.933333333333333,2026-07-09,50,0.9
h018,58,3.793103448275862,2026-07-09,60,0.9666666666666667
h019,48,3.75,2026-07-09,50,0.96
h020,50,3.84,2026-07-09,60,0.8333333333333334
h021,48,3.9166666666666665,2026-07-09,50,0.96
h022,25,3.44,2026-07-09,30,0.8333333333333334
h023,25,4.12,2026-07-09,30,0.8333333333333334
h024,52,3.6153846153846154,2026-07-09,60,0.8666666666666667
h025,39,3.6923076923076925,2026-07-09,40,0.975
h026,43,3.9302325581395348,2026-07-09,50,0.86
h027,54,4.018518518518518,2026-07-09,60,0.9
h028,39,3.769230769230769,2026-07-09,40,0.975
h029,24,3.5416666666666665,2026-07-09,30,0.8
h030,51,3.7058823529411766,2026-07-09,60,0.85
h031,56,4.0,2026-07-09,60,0.9333333333333333
h032,39,3.7435897435897436,2026-07-09,40,0.975
h033,26,3.8461538461538463,2026-07-09,40,0.65
h034,53,3.8867924528301887,2026-07-09,60,0.8833333333333333
h035,64,3.796875,2026-07-09,70,0.9142857142857143
h036,30,3.6333333333333333,2026-07-09,40,0.75
h037,28,4.25,2026-07-09,40,0.7
h038,25,3.64,2026-07-09,30,0.8333333333333334
h039,71,3.7464788732394365,2026-07-09,70,1.0
h040,39,3.6153846153846154,2026-07-09,50,0.78
h041,38,3.763157894736842,2026-07-09,40,0.95
h042,49,3.7346938775510203,2026-07-09,50,0.98
h043,59,3.830508474576271,2026-07-09,60,0.9833333333333333
h044,47,3.765957446808511,2026-07-09,50,0.94
h045,48,3.9791666666666665,2026-07-09,50,0.96
h046,39,4.358974358974359,2026-07-09,50,0.78
h047,31,3.6129032258064515,2026-07-09,40,0.775
h048,36,4.083333333333333,2026-07-09,40,0.9
h049,46,4.195652173913044,2026-07-09,60,0.7666666666666667
h050,38,3.6578947368421053,2026-07-09,40,0.95
h001,63,3.7936507936507935,2026-07-10,70,0.9
h002,25,3.88,2026-07-10,30,0.8333333333333334
h003,33,3.757575757575758,2026-07-10,40,0.825
h004,35,4.057142857142857,2026-07-10,40,0.875
h005,36,3.7777777777777777,2026-07-10,40,0.9
h006,58,3.7241379310344827,2026-07-10,70,0.8285714285714286
h007,35,3.742857142857143,2026-07-10,40,0.875
h008,37,4.108108108108108,2026-07-10,40,0.925
h009,42,3.857142857142857,2026-07-10,50,0.84
h010,38,4.026315789473684,2026-07-10,40,0.95
h011,53,4.188679245283019,2026-07-10,60,0.8833333333333333
h012,35,4.0285714285714285,2026-07-10,50,0.7
h013,43,3.9302325581395348,2026-07-10,50,0.86
h014,51,3.803921568627451,2026-07-10,60,0.85
h015,58,3.7586206896551726,2026-07-10,60,0.9666666666666667
h016,80,3.7875,2026-07-10,80,1.0
h017,44,3.9545454545454546,2026-07-10,50,0.88
h018,58,3.793103448275862,2026-07-10,60,0.9666666666666667
h019,47,3.74468085106383,2026-07-10,50,0.94
h020,50,3.84,2026-07-10,60,0.8333333333333334
h021,48,3.9166666666666665,2026-07-10,50,0.96
h022,25,3.44,2026-07-10,30,0.8333333333333334
h023,25,4.12,2026-07-10,30,0.8333333333333334
h024,52,3.6153846153846154,2026-07-10,60,0.8666666666666667
h025,39,3.6923076923076925,2026-07-10,40,0.975
h026,44,3.9545454545454546,2026-07-10,50,0.88
h027,54,4.018518518518518,2026-07-10,60,0.9
h028,39,3.769230769230769,2026-07-10,40,0.975
h029,24,3.5416666666666665,2026-07-10,30,0.8
h030,51,3.7058823529411766,2026-07-10,60,0.85
h031,56,4.0,2026-07-10,60,0.9333333333333333
h032,39,3.7435897435897436,2026-07-10,40,0.975
h033,26,3.8461538461538463,2026-07-10,40,0.65
h034,53,3.8867924528301887,2026-07-10,60,0.8833333333333333
h035,64,3.796875,2026-07-10,70,0.9142857142857143
h036,30,3.6333333333333333,2026-07-10,40,0.75
h037,28,4.25,2026-07-10,40,0.7
h038,25,3.64,2026-07-10,30,0.8333333333333334
h039,71,3.7464788732394365,2026-07-10,70,1.0
h040,39,3.6153846153846154,2026-07-10,50,0.78
h041,38,3.763157894736842,2026-07-10,40,0.95
h042,49,3.7346938775510203,2026-07-10,50,0.98
h043,59,3.830508474576271,2026-07-10,60,0.9833333333333333
h044,47,3.765957446808511,2026-07-10,50,0.94
h045,48,3.9791666666666665,2026-07-10,50,0.96
h046,39,4.358974358974359,2026-07-10,50,0.78
h047,31,3.6129032258064515,2026-07-10,40,0.775
h048,36,4.083333333333333,2026-07-10,40,0.9
h049,46,4.195652173913044,2026-07-10,60,0.7666666666666667
h050,38,3.6578947368421053,2026-07-10,40,0.95
h001,63,3.7936507936507935,2026-07-11,70,0.9
h002,24,3.875,2026-07-11,30,0.8
h003,33,3.757575757575758,2026-07-11,40,0.825
h004,35,4.057142857142857,2026-07-11,40,0.875
h005,36,3.7777777777777777,2026-07-11,40,0.9
h006,59,3.76271186440678,2026-07-11,70,0.8428571428571429
h007,35,3.742857142857143,2026-07-11,40,0.875
h008,37,4.108108108108108,2026-07-11,40,0.925
h009,42,3.857142857142857,2026-07-11,50,0.84
h010,38,4.026315789473684,2026-07-11,40,0.95
h011,52,4.1923076923076925,2026-07-11,60,0.8666666666666667
h012,35,4.0285714285714285,2026-07-11,50,0.7
h013,43,3.9302325581395348,2026-07-11,50,0.86
h014,51,3.803921568627451,2026-07-11,60,0.85
h015,58,3.7586206896551726,2026-07-11,60,0.9666666666666667
h016,80,3.7875,2026-07-11,80,1.0
h017,44,3.9545454545454546,2026-07-11,50,0.88
h018,57,3.807017543859649,2026-07-11,60,0.95
h019,47,3.74468085106383,2026-07-11,50,0.94
h020,50,3.84,2026-07-11,60,0.8333333333333334
h021,48,3.9166666666666665,2026-07-11,50,0.96
h022,25,3.44,2026-07-11,30,0.8333333333333334
h023,25,4.12,2026-07-11,30,0.8333333333333334
h024,52,3.6153846153846154,2026-07-11,60,0.8666666666666667
h025,40,3.7,2026-07-11,40,1.0
h026,44,3.9545454545454546,2026-07-11,50,0.88
h027,54,4.018518518518518,2026-07-11,60,0.9
h028,39,3.769230769230769,2026-07-11,40,0.975
h029,24,3.5416666666666665,2026-07-11,30,0.8
h030,51,3.7058823529411766,2026-07-11,60,0.85
h031,56,4.0,2026-07-11,60,0.9333333333333333
h032,39,3.7435897435897436,2026-07-11,40,0.975
h033,26,3.8461538461538463,2026-07-11,40,0.65
h034,53,3.8867924528301887,2026-07-11,60,0.8833333333333333
h035,64,3.796875,2026-07-11,70,0.9142857142857143
h036,30,3.6333333333333333,2026-07-11,40,0.75
h037,28,4.25,2026-07-11,40,0.7
h038,25,3.64,2026-07-11,30,0.8333333333333334
h039,71,3.7464788732394365,2026-07-11,70,1.0
h040,39,3.6153846153846154,2026-07-11,50,0.78
h041,38,3.763157894736842,2026-07-11,40,0.95
h042,49,3.7346938775510203,2026-07-11,50,0.98
h043,59,3.830508474576271,2026-07-11,60,0.9833333333333333
h044,47,3.765957446808511,2026-07-11,50,0.94
h045,48,3.9791666666666665,2026-07-11,50,0.96
h046,39,4.358974358974359,2026-07-11,50,0.78
h047,31,3.6129032258064515,2026-07-11,40,0.775
h048,36,4.083333333333333,2026-07-11,40,0.9
h049,46,4.195652173913044,2026-07-11,60,0.7666666666666667
h050,38,3.6578947368421053,2026-07-11,40,0.95
h001,63,3.7936507936507935,2026-07-12,70,0.9
h002,24,3.875,2026-07-12,30,0.8
h003,33,3.757575757575758,2026-07-12,40,0.825
h004,35,4.057142857142857,2026-07-12,40,0.875
h005,36,3.7777777777777777,2026-07-12,40,0.9
h006,59,3.76271186440678,2026-07-12,70,0.8428571428571429
h007,35,3.742857142857143,2026-07-12,40,0.875
h008,37,4.108108108108108,2026-07-12,40,0.925
h009,42,3.857142857142857,2026-07-12,50,0.84
h010,38,4.026315789473684,2026-07-12,40,0.95
h011,54,4.222222222222222,2026-07-12,60,0.9
h012,35,4.0285714285714285,2026-07-12,50,0.7
h013,43,3.9302325581395348,2026-07-12,50,0.86
h014,51,3.803921568627451,2026-07-12,60,0.85
h015,57,3.754385964912281,2026-07-12,60,0.95
h016,80,3.7875,2026-07-12,80,1.0
h017,44,3.9545454545454546,2026-07-12,50,0.88
h018,57,3.807017543859649,2026-07-12,60,0.95
h019,47,3.74468085106383,2026-07-12,50,0.94
h020,50,3.84,2026-07-12,60,0.8333333333333334
h021,48,3.9166666666666665,2026-07-12,50,0.96
h022,25,3.44,2026-07-12,30,0.8333333333333334
h023,25,4.12,2026-07-12,30,0.8333333333333334
h024,52,3.6153846153846154,2026-07-12,60,0.8666666666666667
h025,40,3.7,2026-07-12,40,1.0
h026,44,3.9545454545454546,2026-07-12,50,0.88
h027,54,4.018518518518518,2026-07-12,60,0.9
h028,39,3.769230769230769,2026-07-12,40,0.975
h029,24,3.5416666666666665,2026-07-12,30,0.8
h030,51,3.7058823529411766,2026-07-12,60,0.85
h031,56,4.0,2026-07-12,60,0.9333333333333333
h032,38,3.789473684210526,2026-07-12,40,0.95
h033,26,3.8461538461538463,2026-07-12,40,0.65
h034,53,3.8867924528301887,2026-07-12,60,0.8833333333333333
h035,64,3.796875,2026-07-12,70,0.9142857142857143
h036,30,3.6333333333333333,2026-07-12,40,0.75
h037,28,4.25,2026-07-12,40,0.7
h038,25,3.64,2026-07-12,30,0.8333333333333334
h039,70,3.7285714285714286,2026-07-12,70,1.0
h040,39,3.6153846153846154,2026-07-12,50,0.78
h041,38,3.763157894736842,2026-07-12,40,0.95
h042,49,3.7346938775510203,2026-07-12,50,0.98
h043,59,3.830508474576271,2026-07-12,60,0.9833333333333333
h044,47,3.765957446808511,2026-07-12,50,0.94
h045,48,3.9791666666666665,2026-07-12,50,0.96
h046,39,4.358974358974359,2026-07-12,50,0.78
h047,31,3.6129032258064515,2026-07-12,40,0.775
h048,36,4.083333333333333,2026-07-12,40,0.9
h049,46,4.195652173913044,2026-07-12,60,0.7666666666666667
h050,38,3.6578947368421053,2026-07-12,40,0.95
h001,63,3.7936507936507935,2026-07-13,70,0.9
h002,24,3.875,2026-07-13,30,0.8
h003,33,3.757575757575758,2026-07-13,40,0.825
h004,35,4.057142857142857,2026-07-13,40,0.875
h005,36,3.7777777777777777,2026-07-13,40,0.9
h006,59,3.76271186440678,2026-07-13,70,0.8428571428571429
h007,35,3.742857142857143,2026-07-13,40,0.875
h008,37,4.108108108108108,2026-07-13,40,0.925
h009,42,3.857142857142857,2026-07-13,50,0.84
h010,38,4.026315789473684,2026-07-13,40,0.95
h011,54,4.222222222222222,2026-07-13,60,0.9
h012,35,4.0285714285714285,2026-07-13,50,0.7
h013,43,3.9302325581395348,2026-07-13,50,0.86
h014,51,3.803921568627451,2026-07-13,60,0.85
h015,57,3.754385964912281,2026-07-13,60,0.95
h016,80,3.7875,2026-07-13,80,1.0
h017,44,3.9545454545454546,2026-07-13,50,0.88
h018,57,3.807017543859649,2026-07-13,60,0.95
h019,47,3.74468085106383,2026-07-13,50,0.94
h020,50,3.84,2026-07-13,60,0.8333333333333334
h021,48,3.9166666666666665,2026-07-13,50,0.96
h022,25,3.44,2026-07-13,30,0.8333333333333334
h023,25,4.12,2026-07-13,30,0.8333333333333334
h024,52,3.6153846153846154,2026-07-13,60,0.8666666666666667
h025,40,3.7,2026-07-13,40,1.0
h026,44,3.9545454545454546,2026-07-13,50,0.88
h027,54,4.018518518518518,2026-07-13,60,0.9
h028,39,3.769230769230769,2026-07-13,40,0.975
h029,24,3.5416666666666665,2026-07-13,30,0.8
h030,51,3.7058823529411766,2026-07-13,60,0.85
h031,56,4.0,2026-07-13,60,0.9333333333333333
h032,38,3.789473684210526,2026-07-13,40,0.95
h033,26,3.8461538461538463,2026-07-13,40,0.65
h034,52,3.8461538461538463,2026-07-13,60,0.8666666666666667
h035,63,3.7936507936507935,2026-07-13,70,0.9
h036,30,3.6333333333333333,2026-07-13,40,0.75
h037,28,4.25,2026-07-13,40,0.7
h038,25,3.64,2026-07-13,30,0.8333333333333334
h039,70,3.7285714285714286,2026-07-13,70,1.0
h040,39,3.6153846153846154,2026-07-13,50,0.78
h041,38,3.763157894736842,2026-07-13,40,0.95
h042,50,3.74,2026-07-13,50,1.0
h043,59,3.830508474576271,2026-07-13,60,0.9833333333333333
h044,47,3.765957446808511,2026-07-13,50,0.94
h045,49,4.0,2026-07-13,50,0.98
h046,39,4.358974358974359,2026-07-13,50,0.78
h047,31,3.6129032258064515,2026-07-13,40,0.775
h048,36,4.083333333333333,2026-07-13,40,0.9
h049,46,4.195652173913044,2026-07-13,60,0.7666666666666667
h050,38,3.6578947368421053,2026-07-13,40,0.95
h001,63,3.7936507936507935,2026-07-14,70,0.9
h002,24,3.875,2026-07-14,30,0.8
h003,33,3.757575757575758,2026-07-14,40,0.825
h004,35,4.057142857142857,2026-07-14,40,0.875
h005,36,3.7777777777777777,2026-07-14,40,0.9
h006,59,3.76271186440678,2026-07-14,70,0.8428571428571429
h007,35,3.742857142857143,2026-07-14,40,0.875
h008,37,4.108108108108108,2026-07-14,40,0.925
h009,42,3.857142857142857,2026-07-14,50,0.84
h010,38,4.026315789473684,2026-07-14,40,0.95
h011,54,4.222222222222222,2026-07-14,60,0.9
h012,35,4.0285714285714285,2026-07-14,50,0.7
h013,43,3.9302325581395348,2026-07-14,50,0.86
h014,52,3.826923076923077,2026-07-14,60,0.8666666666666667
h015,57,3.754385964912281,2026-07-14,60,0.95
h016,80,3.7875,2026-07-14,80,1.0
h017,44,3.9545454545454546,2026-07-14,50,0.88
h018,57,3.807017543859649,2026-07-14,60,0.95
h019,47,3.74468085106383,2026-07-14,50,0.94
h020,50,3.84,2026-07-14,60,0.8333333333333334
h021,48,3.9166666666666665,2026-07-14,50,0.96
h022,25,3.44,2026-07-14,30,0.8333333333333334
h023,25,4.12,2026-07-14,30,0.8333333333333334
h024,52,3.6153846153846154,2026-07-14,60,0.8666666666666667
h025,40,3.7,2026-07-14,40,1.0
h026,44,3.9545454545454546,2026-07-14,50,0.88
h027,55,4.0,2026-07-14,60,0.9166666666666666
h028,39,3.769230769230769,2026-07-14,40,0.975
h029,24,3.5416666666666665,2026-07-14,30,0.8
h030,51,3.7058823529411766,2026-07-14,60,0.85
h031,57,4.0,2026-07-14,60,0.95
h032,38,3.789473684210526,2026-07-14,40,0.95
h033,26,3.8461538461538463,2026-07-14,40,0.65
h034,52,3.8461538461538463,2026-07-14,60,0.8666666666666667
h035,63,3.7936507936507935,2026-07-14,70,0.9
h036,30,3.6333333333333333,2026-07-14,40,0.75
h037,28,4.25,2026-07-14,40,0.7
h038,25,3.64,2026-07-14,30,0.8333333333333334
h039,70,3.7285714285714286,2026-07-14,70,1.0
h040,39,3.6153846153846154,2026-07-14,50,0.78
h041,38,3.763157894736842,2026-07-14,40,0.95
h042,50,3.74,2026-07-14,50,1.0
h043,59,3.830508474576271,2026-07-14,60,0.9833333333333333
h044,47,3.765957446808511,2026-07-14,50,0.94
h045,49,4.0,2026-07-14,50,0.98
h046,39,4.358974358974359,2026-07-14,50,0.78
h047,31,3.6129032258064515,2026-07-14,40,0.775
h048,36,4.083333333333333,2026-07-14,40,0.9
h049,46,4.195652173913044,2026-07-14,60,0.7666666666666667
h050,38,3.6578947368421053,2026-07-14,40,0.95
h001,63,3.7936507936507935,2026-07-15,70,0.9
h002,24,3.875,2026-07-15,30,0.8
h003,33,3.757575757575758,2026-07-15,40,0.825
h004,35,4.057142857142857,2026-07-15,40,0.875
h005,36,3.7777777777777777,2026-07-15,40,0.9
h006,59,3.76271186440678,2026-07-15,70,0.8428571428571429
h007,35,3.742857142857143,2026-07-15,40,0.875
h008,37,4.108108108108108,2026-07-15,40,0.925
h009,42,3.857142857142857,2026-07-15,50,0.84
h010,38,4.026315789473684,2026-07-15,40,0.95
h011,54,4.222222222222222,2026-07-15,60,0.9
h012,34,4.117647058823529,2026-07-15,50,0.68
h013,43,3.9302325581395348,2026-07-15,50,0.86
h014,52,3.826923076923077,2026-07-15,60,0.8666666666666667
h015,57,3.754385964912281,2026-07-15,60,0.95
h016,80,3.7875,2026-07-15,80,1.0
h017,44,3.9545454545454546,2026-07-15,50,0.88
h018,57,3.807017543859649,2026-07-15,60,0.95
h019,47,3.74468085106383,2026-07-15,50,0.94
h020,49,3.877551020408163,2026-07-15,60,0.8166666666666667
h021,48,3.9166666666666665,2026-07-15,50,0.96
h022,25,3.44,2026-07-15,30,0.8333333333333334
h023,25,4.12,2026-07-15,30,0.8333333333333334
h024,52,3.6153846153846154,2026-07-15,60,0.8666666666666667
h025,40,3.7,2026-07-15,40,1.0
h026,44,3.9545454545454546,2026-07-15,50,0.88
h027,55,4.0,2026-07-15,60,0.9166666666666666
h028,39,3.769230769230769,2026-07-15,40,0.975
h029,25,3.52,2026-07-15,30,0.8333333333333334
h030,51,3.7058823529411766,2026-07-15,60,0.85
h031,57,4.0,2026-07-15,60,0.95
h032,38,3.789473684210526,2026-07-15,40,0.95
h033,26,3.8461538461538463,2026-07-15,40,0.65
h034,52,3.8461538461538463,2026-07-15,60,0.8666666666666667
h035,63,3.7936507936507935,2026-07-15,70,0.9
h036,30,3.6333333333333333,2026-07-15,40,0.75
h037,28,4.25,2026-07-15,40,0.7
h038,25,3.64,2026-07-15,30,0.8333333333333334
h039,70,3.7285714285714286,2026-07-15,70,1.0
h040,39,3.6153846153846154,2026-07-15,50,0.78
h041,38,3.763157894736842,2026-07-15,40,0.95
h042,50,3.74,2026-07-15,50,1.0
h043,59,3.830508474576271,2026-07-15,60,0.9833333333333333
h044,47,3.765957446808511,2026-07-15,50,0.94
h045,49,4.0,2026-07-15,50,0.98
h046,39,4.358974358974359,2026-07-15,50,0.78
h047,31,3.6129032258064515,2026-07-15,40,0.775
h048,36,4.083333333333333,2026-07-15,40,0.9
h049,46,4.195652173913044,2026-07-15,60,0.7666666666666667
h050,38,3.6578947368421053,2026-07-15,40,0.95
h001,63,3.7936507936507935,2026-07-16,70,0.9
h002,24,3.875,2026-07-16,30,0.8
h003,33,3.757575757575758,2026-07-16,40,0.825
h004,35,4.057142857142857,2026-07-16,40,0.875
h005,36,3.7777777777777777,2026-07-16,40,0.9
h006,59,3.76271186440678,2026-07-16,70,0.8428571428571429
h007,35,3.742857142857143,2026-07-16,40,0.875
h008,37,4.108108108108108,2026-07-16,40,0.925
h009,42,3.857142857142857,2026-07-16,50,0.84
h010,38,4.026315789473684,2026-07-16,40,0.95
h011,54,4.222222222222222,2026-07-16,60,0.9
h012,34,4.117647058823529,2026-07-16,50,0.68
h013,42,3.880952380952381,2026-07-16,50,0.84
h014,51,3.803921568627451,2026-07-16,60,0.85
h015,57,3.754385964912281,2026-07-16,60,0.95
h016,80,3.7875,2026-07-16,80,1.0
h017,45,4.0,2026-07-16,50,0.9
h018,57,3.807017543859649,2026-07-16,60,0.95
h019,47,3.74468085106383,2026-07-16,50,0.94
h020,49,3.877551020408163,2026-07-16,60,0.8166666666666667
h021,48,3.9166666666666665,2026-07-16,50,0.96
h022,25,3.44,2026-07-16,30,0.8333333333333334
h023,25,4.12,2026-07-16,30,0.8333333333333334
h024,52,3.6153846153846154,2026-07-16,60,0.8666666666666667
h025,40,3.7,2026-07-16,40,1.0
h026,45,4.0,2026-07-16,50,0.9
h027,55,4.0,2026-07-16,60,0.9166666666666666
h028,39,3.769230769230769,2026-07-16,40,0.975
h029,25,3.52,2026-07-16,30,0.8333333333333334
h030,51,3.7058823529411766,2026-07-16,60,0.85
h031,57,4.0,2026-07-16,60,0.95
h032,38,3.789473684210526,2026-07-16,40,0.95
h033,26,3.8461538461538463,2026-07-16,40,0.65
h034,52,3.8461538461538463,2026-07-16,60,0.8666666666666667
h035,63,3.7936507936507935,2026-07-16,70,0.9
h036,30,3.6333333333333333,2026-07-16,40,0.75
h037,28,4.25,2026-07-16,40,0.7
h038,25,3.64,2026-07-16,30,0.8333333333333334
h039,70,3.7285714285714286,2026-07-16,70,1.0
h040,39,3.6153846153846154,2026-07-16,50,0.78
h041,38,3.763157894736842,2026-07-16,40,0.95
h042,50,3.74,2026-07-16,50,1.0
h043,58,3.810344827586207,2026-07-16,60,0.9666666666666667
h044,47,3.765957446808511,2026-07-16,50,0.94
h045,49,4.0,2026-07-16,50,0.98
h046,39,4.358974358974359,2026-07-16,50,0.78
h047,31,3.6129032258064515,2026-07-16,40,0.775
h048,36,4.083333333333333,2026-07-16,40,0.9
h049,46,4.195652173913044,2026-07-16,60,0.7666666666666667
h050,38,3.6578947368421053,2026-07-16,40,0.95
h001,63,3.7936507936507935,2026-07-17,70,0.9
h002,24,3.875,2026-07-17,30,0.8
h003,33,3.757575757575758,2026-07-17,40,0.825
h004,35,4.057142857142857,2026-07-17,40,0.875
h005,36,3.7777777777777777,2026-07-17,40,0.9
h006,58,3.7413793103448274,2026-07-17,70,0.8285714285714286
h007,35,3.742857142857143,2026-07-17,40,0.875
h008,37,4.108108108108108,2026-07-17,40,0.925
h009,42,3.857142857142857,2026-07-17,50,0.84
h010,38,4.026315789473684,2026-07-17,40,0.95
h011,54,4.222222222222222,2026-07-17,60,0.9
h012,34,4.117647058823529,2026-07-17,50,0.68
h013,42,3.880952380952381,2026-07-17,50,0.84
h014,51,3.803921568627451,2026-07-17,60,0.85
h015,57,3.754385964912281,2026-07-17,60,0.95
h016,80,3.7875,2026-07-17,80,1.0
h017,45,4.0,2026-07-17,50,0.9
h018,58,3.7586206896551726,2026-07-17,60,0.9666666666666667
h019,47,3.74468085106383,2026-07-17,50,0.94
h020,49,3.877551020408163,2026-07-17,60,0.8166666666666667
h021,48,3.9166666666666665,2026-07-17,50,0.96
h022,25,3.44,2026-07-17,30,0.8333333333333334
h023,25,4.12,2026-07-17,30,0.8333333333333334
h024,52,3.6153846153846154,2026-07-17,60,0.8666666666666667
h025,40,3.7,2026-07-17,40,1.0
h026,45,4.0,2026-07-17,50,0.9
h027,55,4.0,2026-07-17,60,0.9166666666666666
h028,39,3.769230769230769,2026-07-17,40,0.975
h029,25,3.52,2026-07-17,30,0.8333333333333334
h030,51,3.7058823529411766,2026-07-17,60,0.85
h031,56,4.0,2026-07-17,60,0.9333333333333333
h032,38,3.789473684210526,2026-07-17,40,0.95
h033,26,3.8461538461538463,2026-07-17,40,0.65
h034,52,3.8461538461538463,2026-07-17,60,0.8666666666666667
h035,63,3.7936507936507935,2026-07-17,70,0.9
h036,30,3.6333333333333333,2026-07-17,40,0.75
h037,28,4.25,2026-07-17,40,0.7
h038,25,3.64,2026-07-17,30,0.8333333333333334
h039,70,3.7285714285714286,2026-07-17,70,1.0
h040,39,3.6153846153846154,2026-07-17,50,0.78
h041,38,3.763157894736842,2026-07-17,40,0.95
h042,50,3.74,2026-07-17,50,1.0
h043,58,3.810344827586207,2026-07-17,60,0.9666666666666667
h044,47,3.765957446808511,2026-07-17,50,0.94
h045,49,4.0,2026-07-17,50,0.98
h046,39,4.358974358974359,2026-07-17,50,0.78
h047,31,3.6129032258064515,2026-07-17,40,0.775
h048,35,4.057142857142857,2026-07-17,40,0.875
h049,46,4.195652173913044,2026-07-17,60,0.7666666666666667
h050,38,3.6578947368421053,2026-07-17,40,0.95
h001,63,3.7936507936507935,2026-07-18,70,0.9
h002,24,3.7916666666666665,2026-07-18,30,0.8
h003,33,3.757575757575758,2026-07-18,40,0.825
h004,35,4.057142857142857,2026-07-18,40,0.875
h005,36,3.7777777777777777,2026-07-18,40,0.9
h006,58,3.7413793103448274,2026-07-18,70,0.8285714285714286
h007,34,3.7941176470588234,2026-07-18,40,0.85
h008,37,4.108108108108108,2026-07-18,40,0.925
h009,41,3.8780487804878048,2026-07-18,50,0.82
h010,39,3.9743589743589745,2026-07-18,40,0.975
h011,54,4.222222222222222,2026-07-18,60,0.9
h012,34,4.117647058823529,2026-07-18,50,0.68
h013,42,3.880952380952381,2026-07-18,50,0.84
h014,51,3.803921568627451,2026-07-18,60,0.85
h015,57,3.754385964912281,2026-07-18,60,0.95
h016,81,3.765432098765432,2026-07-18,80,1.0
h017,45,4.0,2026-07-18,50,0.9
h018,58,3.7586206896551726,2026-07-18,60,0.9666666666666667
h019,47,3.74468085106383,2026-07-18,50,0.94
h020,49,3.877551020408163,2026-07-18,60,0.8166666666666667
h021,48,3.9166666666666665,2026-07-18,50,0.96
h022,25,3.44,2026-07-18,30,0.8333333333333334
h023,25,4.12,2026-07-18,30,0.8333333333333334
h024,52,3.6153846153846154,2026-07-18,60,0.8666666666666667
h025,40,3.7,2026-07-18,40,1.0
h026,45,4.0,2026-07-18,50,0.9
h027,55,4.0,2026-07-18,60,0.9166666666666666
h028,39,3.769230769230769,2026-07-18,40,0.975
h029,25,3.52,2026-07-18,30,0.8333333333333334
h030,51,3.7058823529411766,2026-07-18,60,0.85
h031,55,4.054545454545455,2026-07-18,60,0.9166666666666666
h032,38,3.789473684210526,2026-07-18,40,0.95
h033,27,3.8518518518518516,2026-07-18,40,0.675
h034,53,3.849056603773585,2026-07-18,60,0.8833333333333333
h035,63,3.7936507936507935,2026-07-18,70,0.9
h036,30,3.6333333333333333,2026-07-18,40,0.75
h037,28,4.25,2026-07-18,40,0.7
h038,25,3.64,2026-07-18,30,0.8333333333333334
h039,70,3.7285714285714286,2026-07-18,70,1.0
h040,39,3.6153846153846154,2026-07-18,50,0.78
h041,37,3.7567567567567566,2026-07-18,40,0.925
h042,50,3.74,2026-07-18,50,1.0
h043,57,3.807017543859649,2026-07-18,60,0.95
h044,47,3.765957446808511,2026-07-18,50,0.94
h045,49,4.0,2026-07-18,50,0.98
h046,39,4.358974358974359,2026-07-18,50,0.78
h047,31,3.6129032258064515,2026-07-18,40,0.775
h048,35,4.057142857142857,2026-07-18,40,0.875
h049,46,4.195652173913044,2026-07-18,60,0.7666666666666667
h050,38,3.6578947368421053,2026-07-18,40,0.95
h001,63,3.7936507936507935,2026-07-19,70,0.9
h002,24,3.7916666666666665,2026-07-19,30,0.8
h003,33,3.757575757575758,2026-07-19,40,0.825
h004,35,4.057142857142857,2026-07-19,40,0.875
h005,36,3.7777777777777777,2026-07-19,40,0.9
h006,57,3.7017543859649122,2026-07-19,70,0.8142857142857143
h007,34,3.7941176470588234,2026-07-19,40,0.85
h008,37,4.108108108108108,2026-07-19,40,0.925
h009,41,3.8780487804878048,2026-07-19,50,0.82
h010,39,3.9743589743589745,2026-07-19,40,0.975
h011,54,4.222222222222222,2026-07-19,60,0.9
h012,34,4.117647058823529,2026-07-19,50,0.68
h013,42,3.880952380952381,2026-07-19,50,0.84
h014,51,3.803921568627451,2026-07-19,60,0.85
h015,57,3.754385964912281,2026-07-19,60,0.95
h016,81,3.765432098765432,2026-07-19,80,1.0
h017,45,4.0,2026-07-19,50,0.9
h018,58,3.7586206896551726,2026-07-19,60,0.9666666666666667
h019,48,3.7291666666666665,2026-07-19,50,0.96
h020,49,3.877551020408163,2026-07-19,60,0.8166666666666667
h021,48,3.9166666666666665,2026-07-19,50,0.96
h022,25,3.44,2026-07-19,30,0.8333333333333334
h023,25,4.12,2026-07-19,30,0.8333333333333334
h024,52,3.6153846153846154,2026-07-19,60,0.8666666666666667
h025,40,3.7,2026-07-19,40,1.0
h026,45,4.0,2026-07-19,50,0.9
h027,56,3.982142857142857,2026-07-19,60,0.9333333333333333
h028,39,3.769230769230769,2026-07-19,40,0.975
h029,25,3.52,2026-07-19,30,0.8333333333333334
h030,51,3.7058823529411766,2026-07-19,60,0.85
h031,55,4.054545454545455,2026-07-19,60,0.9166666666666666
h032,38,3.789473684210526,2026-07-19,40,0.95
h033,27,3.8518518518518516,2026-07-19,40,0.675
h034,54,3.8703703703703702,2026-07-19,60,0.9
h035,64,3.8125,2026-07-19,70,0.9142857142857143
h036,30,3.6333333333333333,2026-07-19,40,0.75
h037,28,4.25,2026-07-19,40,0.7
h038,25,3.64,2026-07-19,30,0.8333333333333334
h039,70,3.7285714285714286,2026-07-19,70,1.0
h040,39,3.6153846153846154,2026-07-19,50,0.78
h041,37,3.7567567567567566,2026-07-19,40,0.925
h042,50,3.74,2026-07-19,50,1.0
h043,56,3.8035714285714284,2026-07-19,60,0.9333333333333333
h044,47,3.765957446808511,2026-07-19,50,0.94
h045,49,4.0,2026-07-19,50,0.98
h046,39,4.358974358974359,2026-07-19,50,0.78
h047,31,3.6129032258064515,2026-07-19,40,0.775
h048,34,4.0588235294117645,2026-07-19,40,0.85
h049,46,4.195652173913044,2026-07-19,60,0.7666666666666667
h050,38,3.6578947368421053,2026-07-19,40,0.95
h001,63,3.7936507936507935,2026-07-20,70,0.9
h002,24,3.7916666666666665,2026-07-20,30,0.8
h003,34,3.764705882352941,2026-07-20,40,0.85
h004,35,4.057142857142857,2026-07-20,40,0.875
h005,36,3.7777777777777777,2026-07-20,40,0.9
h006,57,3.7017543859649122,2026-07-20,70,0.8142857142857143
h007,34,3.7941176470588234,2026-07-20,40,0.85
h008,37,4.108108108108108,2026-07-20,40,0.925
h009,41,3.8780487804878048,2026-07-20,50,0.82
h010,39,3.9743589743589745,2026-07-20,40,0.975
h011,54,4.222222222222222,2026-07-20,60,0.9
h012,34,4.117647058823529,2026-07-20,50,0.68
h013,42,3.880952380952381,2026-07-20,50,0.84
h014,51,3.803921568627451,2026-07-20,60,0.85
h015,57,3.754385964912281,2026-07-20,60,0.95
h016,81,3.765432098765432,2026-07-20,80,1.0
h017,45,4.0,2026-07-20,50,0.9
h018,59,3.7796610169491527,2026-07-20,60,0.9833333333333333
h019,48,3.7291666666666665,2026-07-20,50,0.96
h020,49,3.877551020408163,2026-07-20,60,0.8166666666666667
h021,48,3.9166666666666665,2026-07-20,50,0.96
h022,25,3.44,2026-07-20,30,0.8333333333333334
h023,25,4.12,2026-07-20,30,0.8333333333333334
h024,53,3.6037735849056602,2026-07-20,60,0.8833333333333333
h025,40,3.7,2026-07-20,40,1.0
h026,45,4.0,2026-07-20,50,0.9
h027,57,4.017543859649122,2026-07-20,60,0.95
h028,39,3.769230769230769,2026-07-20,40,0.975
h029,25,3.52,2026-07-20,30,0.8333333333333334
h030,51,3.7058823529411766,2026-07-20,60,0.85
h031,55,4.054545454545455,2026-07-20,60,0.9166666666666666
h032,38,3.789473684210526,2026-07-20,40,0.95
h033,27,3.8518518518518516,2026-07-20,40,0.675
h034,54,3.8703703703703702,2026-07-20,60,0.9
h035,64,3.8125,2026-07-20,70,0.9142857142857143
h036,30,3.6333333333333333,2026-07-20,40,0.75
h037,28,4.25,2026-07-20,40,0.7
h038,26,3.6538461538461537,2026-07-20,30,0.8666666666666667
h039,70,3.7285714285714286,2026-07-20,70,1.0
h040,39,3.6153846153846154,2026-07-20,50,0.78
h041,37,3.7567567567567566,2026-07-20,40,0.925
h042,50,3.74,2026-07-20,50,1.0
h043,56,3.8035714285714284,2026-07-20,60,0.9333333333333333
h044,47,3.765957446808511,2026-07-20,50,0.94
h045,49,4.0,2026-07-20,50,0.98
h046,39,4.358974358974359,2026-07-20,50,0.78
h047,31,3.6129032258064515,2026-07-20,40,0.775
h048,34,4.0588235294117645,2026-07-20,40,0.85
h049,46,4.195652173913044,2026-07-20,60,0.7666666666666667
h050,38,3.6578947368421053,2026-07-20,40,0.95
h001,62,3.7903225806451615,2026-07-21,70,0.8857142857142857
h002,25,3.8,2026-07-21,30,0.8333333333333334
h003,34,3.764705882352941,2026-07-21,40,0.85
h004,35,4.057142857142857,2026-07-21,40,0.875
h005,35,3.742857142857143,2026-07-21,40,0.875
h006,57,3.7017543859649122,2026-07-21,70,0.8142857142857143
h007,34,3.7941176470588234,2026-07-21,40,0.85
h008,37,4.108108108108108,2026-07-21,40,0.925
h009,41,3.8780487804878048,2026-07-21,50,0.82
h010,39,3.9743589743589745,2026-07-21,40,0.975
h011,54,4.222222222222222,2026-07-21,60,0.9
h012,34,4.117647058823529,2026-07-21,50,0.68
h013,42,3.880952380952381,2026-07-21,50,0.84
h014,51,3.803921568627451,2026-07-21,60,0.85
h015,57,3.754385964912281,2026-07-21,60,0.95
h016,80,3.7875,2026-07-21,80,1.0
h017,46,4.021739130434782,2026-07-21,50,0.92
h018,59,3.7796610169491527,2026-07-21,60,0.9833333333333333
h019,48,3.7291666666666665,2026-07-21,50,0.96
h020,49,3.877551020408163,2026-07-21,60,0.8166666666666667
h021,48,3.9166666666666665,2026-07-21,50,0.96
h022,25,3.44,2026-07-21,30,0.8333333333333334
h023,24,4.041666666666667,2026-07-21,30,0.8
h024,53,3.6037735849056602,2026-07-21,60,0.8833333333333333
h025,40,3.7,2026-07-21,40,1.0
h026,45,4.0,2026-07-21,50,0.9
h027,58,3.9827586206896552,2026-07-21,60,0.9666666666666667
h028,39,3.769230769230769,2026-07-21,40,0.975
h029,25,3.52,2026-07-21,30,0.8333333333333334
h030,51,3.7058823529411766,2026-07-21,60,0.85
h031,55,4.054545454545455,2026-07-21,60,0.9166666666666666
h032,38,3.789473684210526,2026-07-21,40,0.95
h033,27,3.8518518518518516,2026-07-21,40,0.675
h034,54,3.8703703703703702,2026-07-21,60,0.9
h035,64,3.8125,2026-07-21,70,0.9142857142857143
h036,30,3.6333333333333333,2026-07-21,40,0.75
h037,28,4.25,2026-07-21,40,0.7
h038,26,3.6538461538461537,2026-07-21,30,0.8666666666666667
h039,70,3.7285714285714286,2026-07-21,70,1.0
h040,39,3.6153846153846154,2026-07-21,50,0.78
h041,37,3.7567567567567566,2026-07-21,40,0.925
h042,50,3.74,2026-07-21,50,1.0
h043,56,3.8035714285714284,2026-07-21,60,0.9333333333333333
h044,47,3.765957446808511,2026-07-21,50,0.94
h045,49,4.0,2026-07-21,50,0.98
h046,40,4.375,2026-07-21,50,0.8
h047,31,3.6129032258064515,2026-07-21,40,0.775
h048,34,4.0588235294117645,2026-07-21,40,0.85
h049,46,4.195652173913044,2026-07-21,60,0.7666666666666667
h050,38,3.6578947368421053,2026-07-21,40,0.95
h001,63,3.7936507936507935,2026-07-22,70,0.9
h002,25,3.8,2026-07-22,30,0.8333333333333334
h003,34,3.764705882352941,2026-07-22,40,0.85
h004,35,4.057142857142857,2026-07-22,40,0.875
h005,35,3.742857142857143,2026-07-22,40,0.875
h006,57,3.7017543859649122,2026-07-22,70,0.8142857142857143
h007,34,3.7941176470588234,2026-07-22,40,0.85
h008,37,4.108108108108108,2026-07-22,40,0.925
h009,41,3.8780487804878048,2026-07-22,50,0.82
h010,39,3.9743589743589745,2026-07-22,40,0.975
h011,54,4.222222222222222,2026-07-22,60,0.9
h012,34,4.117647058823529,2026-07-22,50,0.68
h013,42,3.880952380952381,2026-07-22,50,0.84
h014,51,3.803921568627451,2026-07-22,60,0.85
h015,57,3.754385964912281,2026-07-22,60,0.95
h016,80,3.7875,2026-07-22,80,1.0
h017,47,3.9574468085106385,2026-07-22,50,0.94
h018,59,3.7796610169491527,2026-07-22,60,0.9833333333333333
h019,48,3.7291666666666665,2026-07-22,50,0.96
h020,49,3.877551020408163,2026-07-22,60,0.8166666666666667
h021,48,3.9166666666666665,2026-07-22,50,0.96
h022,25,3.44,2026-07-22,30,0.8333333333333334
h023,24,4.041666666666667,2026-07-22,30,0.8
h024,53,3.6037735849056602,2026-07-22,60,0.8833333333333333
h025,40,3.7,2026-07-22,40,1.0
h026,45,4.0,2026-07-22,50,0.9
h027,59,4.0,2026-07-22,60,0.9833333333333333
h028,39,3.769230769230769,2026-07-22,40,0.975
h029,25,3.52,2026-07-22,30,0.8333333333333334
h030,51,3.7058823529411766,2026-07-22,60,0.85
h031,56,4.035714285714286,2026-07-22,60,0.9333333333333333
h032,38,3.789473684210526,2026-07-22,40,0.95
h033,27,3.8518518518518516,2026-07-22,40,0.675
h034,54,3.8703703703703702,2026-07-22,60,0.9
h035,64,3.8125,2026-07-22,70,0.9142857142857143
h036,30,3.6333333333333333,2026-07-22,40,0.75
h037,28,4.25,2026-07-22,40,0.7
h038,26,3.6538461538461537,2026-07-22,30,0.8666666666666667
h039,70,3.7285714285714286,2026-07-22,70,1.0
h040,39,3.6153846153846154,2026-07-22,50,0.78
h041,37,3.7567567567567566,2026-07-22,40,0.925
h042,50,3.74,2026-07-22,50,1.0
h043,56,3.8035714285714284,2026-07-22,60,0.9333333333333333
h044,47,3.765957446808511,2026-07-22,50,0.94
h045,49,4.0,2026-07-22,50,0.98
h046,40,4.375,2026-07-22,50,0.8
h047,31,3.6129032258064515,2026-07-22,40,0.775
h048,34,4.0588235294117645,2026-07-22,40,0.85
h049,46,4.195652173913044,2026-07-22,60,0.7666666666666667
h050,38,3.6578947368421053,2026-07-22,40,0.95
h001,63,3.7936507936507935,2026-07-23,70,0.9
h002,25,3.8,2026-07-23,30,0.8333333333333334
h003,34,3.764705882352941,2026-07-23,40,0.85
h004,35,4.057142857142857,2026-07-23,40,0.875
h005,35,3.742857142857143,2026-07-23,40,0.875
h006,57,3.7017543859649122,2026-07-23,70,0.8142857142857143
h007,34,3.7941176470588234,2026-07-23,40,0.85
h008,37,4.108108108108108,2026-07-23,40,0.925
h009,41,3.8780487804878048,2026-07-23,50,0.82
h010,39,3.9743589743589745,2026-07-23,40,0.975
h011,54,4.222222222222222,2026-07-23,60,0.9
h012,34,4.117647058823529,2026-07-23,50,0.68
h013,42,3.880952380952381,2026-07-23,50,0.84
h014,51,3.803921568627451,2026-07-23,60,0.85
h015,57,3.754385964912281,2026-07-23,60,0.95
h016,79,3.759493670886076,2026-07-23,80,0.9875
h017,47,3.9574468085106385,2026-07-23,50,0.94
h018,59,3.7796610169491527,2026-07-23,60,0.9833333333333333
h019,48,3.7291666666666665,2026-07-23,50,0.96
h020,49,3.877551020408163,2026-07-23,60,0.8166666666666667
h021,48,3.9166666666666665,2026-07-23,50,0.96
h022,25,3.44,2026-07-23,30,0.8333333333333334
h023,24,4.041666666666667,2026-07-23,30,0.8
h024,53,3.6037735849056602,2026-07-23,60,0.8833333333333333
h025,40,3.7,2026-07-23,40,1.0
h026,45,4.0,2026-07-23,50,0.9
h027,59,4.0,2026-07-23,60,0.9833333333333333
h028,39,3.769230769230769,2026-07-23,40,0.975
h029,25,3.52,2026-07-23,30,0.8333333333333334
h030,52,3.673076923076923,2026-07-23,60,0.8666666666666667
h031,56,4.035714285714286,2026-07-23,60,0.9333333333333333
h032,38,3.789473684210526,2026-07-23,40,0.95
h033,27,3.8518518518518516,2026-07-23,40,0.675
h034,54,3.8703703703703702,2026-07-23,60,0.9
h035,64,3.8125,2026-07-23,70,0.9142857142857143
h036,30,3.6333333333333333,2026-07-23,40,0.75
h037,28,4.25,2026-07-23,40,0.7
h038,26,3.6538461538461537,2026-07-23,30,0.8666666666666667
h039,70,3.7285714285714286,2026-07-23,70,1.0
h040,39,3.6153846153846154,2026-07-23,50,0.78
h041,37,3.7567567567567566,2026-07-23,40,0.925
h042,50,3.74,2026-07-23,50,1.0
h043,56,3.8035714285714284,2026-07-23,60,0.9333333333333333
h044,47,3.765957446808511,2026-07-23,50,0.94
h045,49,4.0,2026-07-23,50,0.98
h046,41,4.317073170731708,2026-07-23,50,0.82
h047,30,3.6,2026-07-23,40,0.75
h048,34,4.0588235294117645,2026-07-23,40,0.85
h049,46,4.195652173913044,2026-07-23,60,0.7666666666666667
h050,38,3.6578947368421053,2026-07-23,40,0.95
h001,64,3.796875,2026-07-24,70,0.9142857142857143
h002,24,3.7916666666666665,2026-07-24,30,0.8
h003,34,3.764705882352941,2026-07-24,40,0.85
h004,35,4.057142857142857,2026-07-24,40,0.875
h005,35,3.742857142857143,2026-07-24,40,0.875
h006,57,3.7017543859649122,2026-07-24,70,0.8142857142857143
h007,34,3.7941176470588234,2026-07-24,40,0.85
h008,37,4.108108108108108,2026-07-24,40,0.925
h009,41,3.8780487804878048,2026-07-24,50,0.82
h010,39,3.9743589743589745,2026-07-24,40,0.975
h011,54,4.222222222222222,2026-07-24,60,0.9
h012,34,4.117647058823529,2026-07-24,50,0.68
h013,42,3.880952380952381,2026-07-24,50,0.84
h014,51,3.803921568627451,2026-07-24,60,0.85
h015,57,3.754385964912281,2026-07-24,60,0.95
h016,80,3.75,2026-07-24,80,1.0
h017,47,3.9574468085106385,2026-07-24,50,0.94
h018,59,3.7796610169491527,2026-07-24,60,0.9833333333333333
h019,48,3.7291666666666665,2026-07-24,50,0.96
h020,49,3.877551020408163,2026-07-24,60,0.8166666666666667
h021,48,3.9166666666666665,2026-07-24,50,0.96
h022,25,3.44,2026-07-24,30,0.8333333333333334
h023,24,4.041666666666667,2026-07-24,30,0.8
h024,53,3.6037735849056602,2026-07-24,60,0.8833333333333333
h025,40,3.7,2026-07-24,40,1.0
h026,45,4.0,2026-07-24,50,0.9
h027,59,4.0,2026-07-24,60,0.9833333333333333
h028,39,3.769230769230769,2026-07-24,40,0.975
h029,25,3.52,2026-07-24,30,0.8333333333333334
h030,52,3.673076923076923,2026-07-24,60,0.8666666666666667
h031,56,4.035714285714286,2026-07-24,60,0.9333333333333333
h032,38,3.789473684210526,2026-07-24,40,0.95
h033,27,3.8518518518518516,2026-07-24,40,0.675
h034,54,3.8703703703703702,2026-07-24,60,0.9
h035,64,3.8125,2026-07-24,70,0.9142857142857143
h036,30,3.6333333333333333,2026-07-24,40,0.75
h037,28,4.25,2026-07-24,40,0.7
h038,26,3.6538461538461537,2026-07-24,30,0.8666666666666667
h039,70,3.7285714285714286,2026-07-24,70,1.0
h040,39,3.6153846153846154,2026-07-24,50,0.78
h041,37,3.7567567567567566,2026-07-24,40,0.925
h042,50,3.74,2026-07-24,50,1.0
h043,56,3.8035714285714284,2026-07-24,60,0.9333333333333333
h044,47,3.765957446808511,2026-07-24,50,0.94
h045,48,4.020833333333333,2026-07-24,50,0.96
h046,41,4.317073170731708,2026-07-24,50,0.82
h047,30,3.6,2026-07-24,40,0.75
h048,34,4.0588235294117645,2026-07-24,40,0.85
h049,46,4.195652173913044,2026-07-24,60,0.7666666666666667
h050,38,3.6578947368421053,2026-07-24,40,0.95
h001,64,3.796875,2026-07-25,70,0.9142857142857143
h002,24,3.7916666666666665,2026-07-25,30,0.8
h003,34,3.764705882352941,2026-07-25,40,0.85
h004,35,4.057142857142857,2026-07-25,40,0.875
h005,35,3.742857142857143,2026-07-25,40,0.875
h006,58,3.6724137931034484,2026-07-25,70,0.8285714285714286
h007,34,3.7941176470588234,2026-07-25,40,0.85
h008,37,4.108108108108108,2026-07-25,40,0.925
h009,41,3.8780487804878048,2026-07-25,50,0.82
h010,39,3.9743589743589745,2026-07-25,40,0.975
h011,55,4.236363636363636,2026-07-25,60,0.9166666666666666
h012,34,4.117647058823529,2026-07-25,50,0.68
h013,42,3.880952380952381,2026-07-25,50,0.84
h014,51,3.803921568627451,2026-07-25,60,0.85
h015,58,3.793103448275862,2026-07-25,60,0.9666666666666667
h016,80,3.75,2026-07-25,80,1.0
h017,47,3.9574468085106385,2026-07-25,50,0.94
h018,59,3.7796610169491527,2026-07-25,60,0.9833333333333333
h019,48,3.7291666666666665,2026-07-25,50,0.96
h020,49,3.877551020408163,2026-07-25,60,0.8166666666666667
h021,48,3.9166666666666665,2026-07-25,50,0.96
h022,25,3.44,2026-07-25,30,0.8333333333333334
h023,24,4.041666666666667,2026-07-25,30,0.8
h024,53,3.6037735849056602,2026-07-25,60,0.8833333333333333
h025,40,3.7,2026-07-25,40,1.0
h026,45,4.0,2026-07-25,50,0.9
h027,59,4.0,2026-07-25,60,0.9833333333333333
h028,39,3.769230769230769,2026-07-25,40,0.975
h029,25,3.52,2026-07-25,30,0.8333333333333334
h030,52,3.673076923076923,2026-07-25,60,0.8666666666666667
h031,56,4.035714285714286,2026-07-25,60,0.9333333333333333
h032,38,3.789473684210526,2026-07-25,40,0.95
h033,27,3.8518518518518516,2026-07-25,40,0.675
h034,54,3.8703703703703702,2026-07-25,60,0.9
h035,64,3.8125,2026-07-25,70,0.9142857142857143
h036,30,3.6333333333333333,2026-07-25,40,0.75
h037,28,4.25,2026-07-25,40,0.7
h038,26,3.6538461538461537,2026-07-25,30,0.8666666666666667
h039,70,3.7285714285714286,2026-07-25,70,1.0
h040,39,3.6153846153846154,2026-07-25,50,0.78
h041,37,3.7567567567567566,2026-07-25,40,0.925
h042,50,3.74,2026-07-25,50,1.0
h043,56,3.8035714285714284,2026-07-25,60,0.9333333333333333
h044,47,3.765957446808511,2026-07-25,50,0.94
h045,48,4.020833333333333,2026-07-25,50,0.96
h046,41,4.317073170731708,2026-07-25,50,0.82
h047,30,3.6,2026-07-25,40,0.75
h048,34,4.0588235294117645,2026-07-25,40,0.85
h049,46,4.195652173913044,2026-07-25,60,0.7666666666666667
h050,38,3.6578947368421053,2026-07-25,40,0.95
h001,64,3.796875,2026-07-26,70,0.9142857142857143
h002,24,3.7916666666666665,2026-07-26,30,0.8
h003,34,3.764705882352941,2026-07-26,40,0.85
h004,35,4.057142857142857,2026-07-26,40,0.875
h005,35,3.742857142857143,2026-07-26,40,0.875
h006,58,3.6724137931034484,2026-07-26,70,0.8285714285714286
h007,34,3.7941176470588234,2026-07-26,40,0.85
h008,37,4.108108108108108,2026-07-26,40,0.925
h009,41,3.8780487804878048,2026-07-26,50,0.82
h010,39,3.9743589743589745,2026-07-26,40,0.975
h011,54,4.277777777777778,2026-07-26,60,0.9
h012,34,4.117647058823529,2026-07-26,50,0.68
h013,42,3.880952380952381,2026-07-26,50,0.84
h014,51,3.803921568627451,2026-07-26,60,0.85
h015,58,3.793103448275862,2026-07-26,60,0.9666666666666667
h016,80,3.75,2026-07-26,80,1.0
h017,47,3.9574468085106385,2026-07-26,50,0.94
h018,58,3.810344827586207,2026-07-26,60,0.9666666666666667
h019,48,3.7291666666666665,2026-07-26,50,0.96
h020,49,3.877551020408163,2026-07-26,60,0.8166666666666667
h021,48,3.9166666666666665,2026-07-26,50,0.96
h022,25,3.44,2026-07-26,30,0.8333333333333334
h023,24,4.041666666666667,2026-07-26,30,0.8
h024,53,3.6037735849056602,2026-07-26,60,0.8833333333333333
h025,40,3.7,2026-07-26,40,1.0
h026,45,4.0,2026-07-26,50,0.9
h027,59,4.0,2026-07-26,60,0.9833333333333333
h028,39,3.769230769230769,2026-07-26,40,0.975
h029,25,3.52,2026-07-26,30,0.8333333333333334
h030,52,3.673076923076923,2026-07-26,60,0.8666666666666667
h031,57,4.052631578947368,2026-07-26,60,0.95
h032,38,3.789473684210526,2026-07-26,40,0.95
h033,27,3.8518518518518516,2026-07-26,40,0.675
h034,54,3.8703703703703702,2026-07-26,60,0.9
h035,64,3.8125,2026-07-26,70,0.9142857142857143
h036,30,3.6333333333333333,2026-07-26,40,0.75
h037,28,4.25,2026-07-26,40,0.7
h038,26,3.6538461538461537,2026-07-26,30,0.8666666666666667
h039,70,3.7285714285714286,2026-07-26,70,1.0
h040,39,3.6153846153846154,2026-07-26,50,0.78
h041,37,3.7567567567567566,2026-07-26,40,0.925
h042,49,3.7346938775510203,2026-07-26,50,0.98
h043,56,3.8035714285714284,2026-07-26,60,0.9333333333333333
h044,47,3.765957446808511,2026-07-26,50,0.94
h045,48,4.020833333333333,2026-07-26,50,0.96
h046,41,4.317073170731708,2026-07-26,50,0.82
h047,30,3.6,2026-07-26,40,0.75
h048,34,4.0588235294117645,2026-07-26,40,0.85
h049,46,4.195652173913044,2026-07-26,60,0.7666666666666667
h050,38,3.6578947368421053,2026-07-26,40,0.95
h001,64,3.796875,2026-07-27,70,0.9142857142857143
h002,24,3.7916666666666665,2026-07-27,30,0.8
h003,34,3.764705882352941,2026-07-27,40,0.85
h004,35,4.057142857142857,2026-07-27,40,0.875
h005,36,3.7777777777777777,2026-07-27,40,0.9
h006,58,3.6724137931034484,2026-07-27,70,0.8285714285714286
h007,34,3.7941176470588234,2026-07-27,40,0.85
h008,37,4.108108108108108,2026-07-27,40,0.925
h009,41,3.8780487804878048,2026-07-27,50,0.82
h010,39,3.9743589743589745,2026-07-27,40,0.975
h011,54,4.277777777777778,2026-07-27,60,0.9
h012,34,4.117647058823529,2026-07-27,50,0.68
h013,43,3.883720930232558,2026-07-27,50,0.86
h014,51,3.803921568627451,2026-07-27,60,0.85
h015,58,3.793103448275862,2026-07-27,60,0.9666666666666667
h016,80,3.75,2026-07-27,80,1.0
h017,47,3.9574468085106385,2026-07-27,50,0.94
h018,58,3.810344827586207,2026-07-27,60,0.9666666666666667
h019,48,3.7291666666666665,2026-07-27,50,0.96
h020,49,3.877551020408163,2026-07-27,60,0.8166666666666667
h021,48,3.9166666666666665,2026-07-27,50,0.96
h022,25,3.44,2026-07-27,30,0.8333333333333334
h023,24,4.041666666666667,2026-07-27,30,0.8
h024,53,3.6037735849056602,2026-07-27,60,0.8833333333333333
h025,40,3.7,2026-07-27,40,1.0
h026,45,4.0,2026-07-27,50,0.9
h027,59,4.0,2026-07-27,60,0.9833333333333333
h028,39,3.769230769230769,2026-07-27,40,0.975
h029,25,3.52,2026-07-27,30,0.8333333333333334
h030,52,3.673076923076923,2026-07-27,60,0.8666666666666667
h031,57,4.052631578947368,2026-07-27,60,0.95
h032,38,3.789473684210526,2026-07-27,40,0.95
h033,27,3.8518518518518516,2026-07-27,40,0.675
h034,54,3.8703703703703702,2026-07-27,60,0.9
h035,64,3.8125,2026-07-27,70,0.9142857142857143
h036,30,3.6333333333333333,2026-07-27,40,0.75
h037,28,4.25,2026-07-27,40,0.7
h038,26,3.6538461538461537,2026-07-27,30,0.8666666666666667
h039,70,3.7285714285714286,2026-07-27,70,1.0
h040,39,3.6153846153846154,2026-07-27,50,0.78
h041,37,3.7567567567567566,2026-07-27,40,0.925
h042,49,3.7346938775510203,2026-07-27,50,0.98
h043,56,3.8035714285714284,2026-07-27,60,0.9333333333333333
h044,47,3.765957446808511,2026-07-27,50,0.94
h045,48,4.020833333333333,2026-07-27,50,0.96
h046,41,4.317073170731708,2026-07-27,50,0.82
h047,30,3.6,2026-07-27,40,0.75
h048,33,4.03030303030303,2026-07-27,40,0.825
h049,46,4.195652173913044,2026-07-27,60,0.7666666666666667
h050,38,3.6578947368421053,2026-07-27,40,0.95
h001,64,3.796875,2026-07-28,70,0.9142857142857143
h002,24,3.7916666666666665,2026-07-28,30,0.8
h003,34,3.764705882352941,2026-07-28,40,0.85
h004,35,4.057142857142857,2026-07-28,40,0.875
h005,36,3.7777777777777777,2026-07-28,40,0.9
h006,58,3.6724137931034484,2026-07-28,70,0.8285714285714286
h007,34,3.7941176470588234,2026-07-28,40,0.85
h008,36,4.055555555555555,2026-07-28,40,0.9
h009,41,3.8780487804878048,2026-07-28,50,0.82
h010,39,3.9743589743589745,2026-07-28,40,0.975
h011,54,4.277777777777778,2026-07-28,60,0.9
h012,34,4.117647058823529,2026-07-28,50,0.68
h013,43,3.883720930232558,2026-07-28,50,0.86
h014,50,3.78,2026-07-28,60,0.8333333333333334
h015,58,3.793103448275862,2026-07-28,60,0.9666666666666667
h016,81,3.7777777777777777,2026-07-28,80,1.0
h017,47,3.9574468085106385,2026-07-28,50,0.94
h018,58,3.810344827586207,2026-07-28,60,0.9666666666666667
h019,48,3.7291666666666665,2026-07-28,50,0.96
h020,49,3.877551020408163,2026-07-28,60,0.8166666666666667
h021,48,3.9166666666666665,2026-07-28,50,0.96
h022,25,3.44,2026-07-28,30,0.8333333333333334
h023,24,4.041666666666667,2026-07-28,30,0.8
h024,53,3.6037735849056602,2026-07-28,60,0.8833333333333333
h025,40,3.7,2026-07-28,40,1.0
h026,45,4.0,2026-07-28,50,0.9
h027,59,4.0,2026-07-28,60,0.9833333333333333
h028,39,3.769230769230769,2026-07-28,40,0.975
h029,25,3.52,2026-07-28,30,0.8333333333333334
h030,52,3.673076923076923,2026-07-28,60,0.8666666666666667
h031,57,4.052631578947368,2026-07-28,60,0.95
h032,39,3.769230769230769,2026-07-28,40,0.975
h033,27,3.8518518518518516,2026-07-28,40,0.675
h034,54,3.8703703703703702,2026-07-28,60,0.9
h035,64,3.8125,2026-07-28,70,0.9142857142857143
h036,29,3.6551724137931036,2026-07-28,40,0.725
h037,28,4.25,2026-07-28,40,0.7
h038,26,3.6538461538461537,2026-07-28,30,0.8666666666666667
h039,70,3.7285714285714286,2026-07-28,70,1.0
h040,39,3.6153846153846154,2026-07-28,50,0.78
h041,36,3.7777777777777777,2026-07-28,40,0.9
h042,49,3.7346938775510203,2026-07-28,50,0.98
h043,56,3.8035714285714284,2026-07-28,60,0.9333333333333333
h044,47,3.765957446808511,2026-07-28,50,0.94
h045,48,4.020833333333333,2026-07-28,50,0.96
h046,41,4.317073170731708,2026-07-28,50,0.82
h047,30,3.6,2026-07-28,40,0.75
h048,33,4.03030303030303,2026-07-28,40,0.825
h049,46,4.195652173913044,2026-07-28,60,0.7666666666666667
h050,38,3.6578947368421053,2026-07-28,40,0.95
h001,64,3.796875,2026-07-29,70,0.9142857142857143
h002,24,3.7916666666666665,2026-07-29,30,0.8
h003,34,3.764705882352941,2026-07-29,40,0.85
h004,35,4.057142857142857,2026-07-29,40,0.875
h005,36,3.7777777777777777,2026-07-29,40,0.9
h006,58,3.6724137931034484,2026-07-29,70,0.8285714285714286
h007,34,3.7941176470588234,2026-07-29,40,0.85
h008,36,4.055555555555555,2026-07-29,40,0.9
h009,40,3.825,2026-07-29,50,0.8
h010,39,3.9743589743589745,2026-07-29,40,0.975
h011,54,4.277777777777778,2026-07-29,60,0.9
h012,36,4.111111111111111,2026-07-29,50,0.72
h013,43,3.883720930232558,2026-07-29,50,0.86
h014,50,3.78,2026-07-29,60,0.8333333333333334
h015,58,3.793103448275862,2026-07-29,60,0.9666666666666667
h016,80,3.75,2026-07-29,80,1.0
h017,47,3.9574468085106385,2026-07-29,50,0.94
h018,58,3.810344827586207,2026-07-29,60,0.9666666666666667
h019,48,3.7291666666666665,2026-07-29,50,0.96
h020,49,3.877551020408163,2026-07-29,60,0.8166666666666667
h021,48,3.9166666666666665,2026-07-29,50,0.96
h022,25,3.44,2026-07-29,30,0.8333333333333334
h023,24,4.041666666666667,2026-07-29,30,0.8
h024,53,3.6037735849056602,2026-07-29,60,0.8833333333333333
h025,40,3.7,2026-07-29,40,1.0
h026,45,4.0,2026-07-29,50,0.9
h027,59,4.0,2026-07-29,60,0.9833333333333333
h028,39,3.769230769230769,2026-07-29,40,0.975
h029,25,3.52,2026-07-29,30,0.8333333333333334
h030,52,3.673076923076923,2026-07-29,60,0.8666666666666667
h031,56,4.053571428571429,2026-07-29,60,0.9333333333333333
h032,39,3.769230769230769,2026-07-29,40,0.975
h033,27,3.8518518518518516,2026-07-29,40,0.675
h034,54,3.8703703703703702,2026-07-29,60,0.9
h035,64,3.8125,2026-07-29,70,0.9142857142857143
h036,29,3.6551724137931036,2026-07-29,40,0.725
h037,28,4.25,2026-07-29,40,0.7
h038,26,3.6538461538461537,2026-07-29,30,0.8666666666666667
h039,70,3.7285714285714286,2026-07-29,70,1.0
h040,39,3.6153846153846154,2026-07-29,50,0.78
h041,35,3.7714285714285714,2026-07-29,40,0.875
h042,50,3.7,2026-07-29,50,1.0
h043,56,3.8035714285714284,2026-07-29,60,0.9333333333333333
h044,47,3.765957446808511,2026-07-29,50,0.94
h045,48,4.020833333333333,2026-07-29,50,0.96
h046,41,4.317073170731708,2026-07-29,50,0.82
h047,29,3.6206896551724137,2026-07-29,40,0.725
h048,33,4.03030303030303,2026-07-29,40,0.825
h049,46,4.195652173913044,2026-07-29,60,0.7666666666666667
h050,39,3.717948717948718,2026-07-29,40,0.975
h001,64,3.796875,2026-07-30,70,0.9142857142857143
h002,24,3.7916666666666665,2026-07-30,30,0.8
h003,34,3.764705882352941,2026-07-30,40,0.85
h004,36,4.055555555555555,2026-07-30,40,0.9
h005,36,3.7777777777777777,2026-07-30,40,0.9
h006,58,3.6724137931034484,2026-07-30,70,0.8285714285714286
h007,34,3.7941176470588234,2026-07-30,40,0.85
h008,38,4.052631578947368,2026-07-30,40,0.95
h009,40,3.825,2026-07-30,50,0.8
h010,39,3.9743589743589745,2026-07-30,40,0.975
h011,54,4.277777777777778,2026-07-30,60,0.9
h012,36,4.111111111111111,2026-07-30,50,0.72
h013,43,3.883720930232558,2026-07-30,50,0.86
h014,50,3.78,2026-07-30,60,0.8333333333333334
h015,58,3.793103448275862,2026-07-30,60,0.9666666666666667
h016,80,3.75,2026-07-30,80,1.0
h017,47,3.9574468085106385,2026-07-30,50,0.94
h018,59,3.7796610169491527,2026-07-30,60,0.9833333333333333
h019,48,3.7291666666666665,2026-07-30,50,0.96
h020,49,3.877551020408163,2026-07-30,60,0.8166666666666667
h021,48,3.9166666666666665,2026-07-30,50,0.96
h022,25,3.44,2026-07-30,30,0.8333333333333334
h023,24,4.041666666666667,2026-07-30,30,0.8
h024,53,3.6037735849056602,2026-07-30,60,0.8833333333333333
h025,40,3.7,2026-07-30,40,1.0
h026,46,3.9782608695652173,2026-07-30,50,0.92
h027,59,4.0,2026-07-30,60,0.9833333333333333
h028,39,3.769230769230769,2026-07-30,40,0.975
h029,25,3.52,2026-07-30,30,0.8333333333333334
h030,52,3.673076923076923,2026-07-30,60,0.8666666666666667
h031,56,4.053571428571429,2026-07-30,60,0.9333333333333333
h032,39,3.769230769230769,2026-07-30,40,0.975
h033,27,3.8518518518518516,2026-07-30,40,0.675
h034,54,3.8703703703703702,2026-07-30,60,0.9
h035,64,3.8125,2026-07-30,70,0.9142857142857143
h036,30,3.7333333333333334,2026-07-30,40,0.75
h037,28,4.25,2026-07-30,40,0.7
h038,26,3.6538461538461537,2026-07-30,30,0.8666666666666667
h039,70,3.7285714285714286,2026-07-30,70,1.0
h040,39,3.6153846153846154,2026-07-30,50,0.78
h041,35,3.7714285714285714,2026-07-30,40,0.875
h042,50,3.7,2026-07-30,50,1.0
h043,56,3.8035714285714284,2026-07-30,60,0.9333333333333333
h044,47,3.765957446808511,2026-07-30,50,0.94
h045,48,4.020833333333333,2026-07-30,50,0.96
h046,42,4.285714285714286,2026-07-30,50,0.84
h047,29,3.6206896551724137,2026-07-30,40,0.725
h048,34,3.9705882352941178,2026-07-30,40,0.85
h049,46,4.195652173913044,2026-07-30,60,0.7666666666666667
h050,39,3.717948717948718,2026-07-30,40,0.975
h001,64,3.796875,2026-07-31,70,0.9142857142857143
h002,24,3.7916666666666665,2026-07-31,30,0.8
h003,34,3.764705882352941,2026-07-31,40,0.85
h004,36,4.055555555555555,2026-07-31,40,0.9
h005,36,3.7777777777777777,2026-07-31,40,0.9
h006,57,3.6842105263157894,2026-07-31,70,0.8142857142857143
h007,34,3.7941176470588234,2026-07-31,40,0.85
h008,38,4.052631578947368,2026-07-31,40,0.95
h009,40,3.825,2026-07-31,50,0.8
h010,39,3.9743589743589745,2026-07-31,40,0.975
h011,54,4.277777777777778,2026-07-31,60,0.9
h012,36,4.111111111111111,2026-07-31,50,0.72
h013,44,3.8863636363636362,2026-07-31,50,0.88
h014,50,3.78,2026-07-31,60,0.8333333333333334
h015,58,3.793103448275862,2026-07-31,60,0.9666666666666667
h016,80,3.75,2026-07-31,80,1.0
h017,47,3.9574468085106385,2026-07-31,50,0.94
h018,59,3.7796610169491527,2026-07-31,60,0.9833333333333333
h019,48,3.7291666666666665,2026-07-31,50,0.96
h020,49,3.877551020408163,2026-07-31,60,0.8166666666666667
h021,48,3.9166666666666665,2026-07-31,50,0.96
h022,26,3.4615384615384617,2026-07-31,30,0.8666666666666667
h023,24,4.041666666666667,2026-07-31,30,0.8
h024,53,3.6037735849056602,2026-07-31,60,0.8833333333333333
h025,40,3.7,2026-07-31,40,1.0
h026,46,3.9782608695652173,2026-07-31,50,0.92
h027,59,4.0,2026-07-31,60,0.9833333333333333
h028,39,3.769230769230769,2026-07-31,40,0.975
h029,25,3.52,2026-07-31,30,0.8333333333333334
h030,52,3.673076923076923,2026-07-31,60,0.8666666666666667
h031,56,4.053571428571429,2026-07-31,60,0.9333333333333333
h032,39,3.769230769230769,2026-07-31,40,0.975
h033,27,3.8518518518518516,2026-07-31,40,0.675
h034,54,3.8703703703703702,2026-07-31,60,0.9
h035,64,3.8125,2026-07-31,70,0.9142857142857143
h036,30,3.7333333333333334,2026-07-31,40,0.75
h037,28,4.25,2026-07-31,40,0.7
h038,26,3.6538461538461537,2026-07-31,30,0.8666666666666667
h039,69,3.753623188405797,2026-07-31,70,0.9857142857142858
h040,39,3.6153846153846154,2026-07-31,50,0.78
h041,35,3.7714285714285714,2026-07-31,40,0.875
h042,50,3.7,2026-07-31,50,1.0
h043,56,3.8035714285714284,2026-07-31,60,0.9333333333333333
h044,47,3.765957446808511,2026-07-31,50,0.94
h045,48,4.020833333333333,2026-07-31,50,0.96
h046,42,4.285714285714286,2026-07-31,50,0.84
h047,29,3.6206896551724137,2026-07-31,40,0.725
h048,34,3.9705882352941178,2026-07-31,40,0.85
h049,46,4.195652173913044,2026-07-31,60,0.7666666666666667
h050,39,3.717948717948718,2026-07-31,40,0.975
h001,64,3.796875,2026-08-01,70,0.9142857142857143
h002,24,3.7916666666666665,2026-08-01,30,0.8
h003,34,3.764705882352941,2026-08-01,40,0.85
h004,36,4.055555555555555,2026-08-01,40,0.9
h005,36,3.7777777777777777,2026-08-01,40,0.9
h006,57,3.6842105263157894,2026-08-01,70,0.8142857142857143
h007,34,3.7941176470588234,2026-08-01,40,0.85
h008,38,4.052631578947368,2026-08-01,40,0.95
h009,40,3.825,2026-08-01,50,0.8
h010,39,3.9743589743589745,2026-08-01,40,0.975
h011,53,4.245283018867925,2026-08-01,60,0.8833333333333333
h012,36,4.111111111111111,2026-08-01,50,0.72
h013,44,3.8863636363636362,2026-08-01,50,0.88
h014,49,3.7755102040816326,2026-08-01,60,0.8166666666666667
h015,58,3.793103448275862,2026-08-01,60,0.9666666666666667
h016,80,3.75,2026-08-01,80,1.0
h017,47,3.9574468085106385,2026-08-01,50,0.94
h018,59,3.7796610169491527,2026-08-01,60,0.9833333333333333
h019,48,3.7291666666666665,2026-08-01,50,0.96
h020,49,3.877551020408163,2026-08-01,60,0.8166666666666667
h021,48,3.9166666666666665,2026-08-01,50,0.96
h022,26,3.4615384615384617,2026-08-01,30,0.8666666666666667
h023,24,4.041666666666667,2026-08-01,30,0.8
h024,53,3.6037735849056602,2026-08-01,60,0.8833333333333333
h025,40,3.7,2026-08-01,40,1.0
h026,46,3.9782608695652173,2026-08-01,50,0.92
h027,58,3.9827586206896552,2026-08-01,60,0.9666666666666667
h028,39,3.769230769230769,2026-08-01,40,0.975
h029,25,3.52,2026-08-01,30,0.8333333333333334
h030,52,3.673076923076923,2026-08-01,60,0.8666666666666667
h031,56,4.053571428571429,2026-08-01,60,0.9333333333333333
h032,40,3.8,2026-08-01,40,1.0
h033,27,3.8518518518518516,2026-08-01,40,0.675
h034,54,3.8703703703703702,2026-08-01,60,0.9
h035,64,3.8125,2026-08-01,70,0.9142857142857143
h036,30,3.7333333333333334,2026-08-01,40,0.75
h037,28,4.25,2026-08-01,40,0.7
h038,26,3.6538461538461537,2026-08-01,30,0.8666666666666667
h039,69,3.753623188405797,2026-08-01,70,0.9857142857142858
h040,39,3.6153846153846154,2026-08-01,50,0.78
h041,35,3.7714285714285714,2026-08-01,40,0.875
h042,50,3.7,2026-08-01,50,1.0
h043,56,3.8035714285714284,2026-08-01,60,0.9333333333333333
h044,46,3.760869565217391,2026-08-01,50,0.92
h045,48,4.020833333333333,2026-08-01,50,0.96
h046,42,4.285714285714286,2026-08-01,50,0.84
h047,29,3.6206896551724137,2026-08-01,40,0.725
h048,34,3.9705882352941178,2026-08-01,40,0.85
h049,46,4.195652173913044,2026-08-01,60,0.7666666666666667
h050,39,3.717948717948718,2026-08-01,40,0.975
h001,64,3.796875,2026-08-02,70,0.9142857142857143
h002,24,3.7916666666666665,2026-08-02,30,0.8
h003,34,3.764705882352941,2026-08-02,40,0.85
h004,36,4.055555555555555,2026-08-02,40,0.9
h005,36,3.7777777777777777,2026-08-02,40,0.9
h006,57,3.6842105263157894,2026-08-02,70,0.8142857142857143
h007,34,3.7941176470588234,2026-08-02,40,0.85
h008,38,4.052631578947368,2026-08-02,40,0.95
h009,40,3.825,2026-08-02,50,0.8
h010,39,3.9743589743589745,2026-08-02,40,0.975
h011,52,4.25,2026-08-02,60,0.8666666666666667
h012,36,4.111111111111111,2026-08-02,50,0.72
h013,44,3.8863636363636362,2026-08-02,50,0.88
h014,49,3.7755102040816326,2026-08-02,60,0.8166666666666667
h015,58,3.793103448275862,2026-08-02,60,0.9666666666666667
h016,80,3.75,2026-08-02,80,1.0
h017,47,3.9574468085106385,2026-08-02,50,0.94
h018,59,3.7796610169491527,2026-08-02,60,0.9833333333333333
h019,48,3.7291666666666665,2026-08-02,50,0.96
h020,49,3.877551020408163,2026-08-02,60,0.8166666666666667
h021,48,3.9166666666666665,2026-08-02,50,0.96
h022,26,3.4615384615384617,2026-08-02,30,0.8666666666666667
h023,24,4.041666666666667,2026-08-02,30,0.8
h024,53,3.6037735849056602,2026-08-02,60,0.8833333333333333
h025,40,3.7,2026-08-02,40,1.0
h026,46,3.9782608695652173,2026-08-02,50,0.92
h027,57,3.9649122807017543,2026-08-02,60,0.95
h028,39,3.769230769230769,2026-08-02,40,0.975
h029,25,3.52,2026-08-02,30,0.8333333333333334
h030,52,3.673076923076923,2026-08-02,60,0.8666666666666667
h031,56,4.053571428571429,2026-08-02,60,0.9333333333333333
h032,40,3.8,2026-08-02,40,1.0
h033,27,3.8518518518518516,2026-08-02,40,0.675
h034,54,3.8703703703703702,2026-08-02,60,0.9
h035,64,3.8125,2026-08-02,70,0.9142857142857143
h036,30,3.7333333333333334,2026-08-02,40,0.75
h037,28,4.25,2026-08-02,40,0.7
h038,26,3.6538461538461537,2026-08-02,30,0.8666666666666667
h039,69,3.753623188405797,2026-08-02,70,0.9857142857142858
h040,39,3.6153846153846154,2026-08-02,50,0.78
h041,35,3.7714285714285714,2026-08-02,40,0.875
h042,50,3.7,2026-08-02,50,1.0
h043,56,3.8035714285714284,2026-08-02,60,0.9333333333333333
h044,46,3.760869565217391,2026-08-02,50,0.92
h045,48,4.020833333333333,2026-08-02,50,0.96
h046,43,4.232558139534884,2026-08-02,50,0.86
h047,29,3.6206896551724137,2026-08-02,40,0.725
h048,34,3.9705882352941178,2026-08-02,40,0.85
h049,46,4.195652173913044,2026-08-02,60,0.7666666666666667
h050,39,3.717948717948718,2026-08-02,40,0.975
h001,64,3.796875,2026-08-03,70,0.9142857142857143
h002,24,3.7916666666666665,2026-08-03,30,0.8
h003,34,3.764705882352941,2026-08-03,40,0.85
h004,36,4.055555555555555,2026-08-03,40,0.9
h005,36,3.7777777777777777,2026-08-03,40,0.9
h006,57,3.6842105263157894,2026-08-03,70,0.8142857142857143
h007,34,3.7941176470588234,2026-08-03,40,0.85
h008,38,4.052631578947368,2026-08-03,40,0.95
h009,40,3.825,2026-08-03,50,0.8
h010,39,3.9743589743589745,2026-08-03,40,0.975
h011,52,4.25,2026-08-03,60,0.8666666666666667
h012,36,4.111111111111111,2026-08-03,50,0.72
h013,44,3.8863636363636362,2026-08-03,50,0.88
h014,49,3.7755102040816326,2026-08-03,60,0.8166666666666667
h015,58,3.793103448275862,2026-08-03,60,0.9666666666666667
h016,80,3.75,2026-08-03,80,1.0
h017,47,3.9574468085106385,2026-08-03,50,0.94
h018,59,3.7796610169491527,2026-08-03,60,0.9833333333333333
h019,47,3.702127659574468,2026-08-03,50,0.94
h020,49,3.877551020408163,2026-08-03,60,0.8166666666666667
h021,48,3.9166666666666665,2026-08-03,50,0.96
h022,26,3.4615384615384617,2026-08-03,30,0.8666666666666667
h023,24,4.041666666666667,2026-08-03,30,0.8
h024,53,3.6037735849056602,2026-08-03,60,0.8833333333333333
h025,40,3.7,2026-08-03,40,1.0
h026,46,3.9782608695652173,2026-08-03,50,0.92
h027,57,3.9649122807017543,2026-08-03,60,0.95
h028,39,3.769230769230769,2026-08-03,40,0.975
h029,25,3.52,2026-08-03,30,0.8333333333333334
h030,52,3.673076923076923,2026-08-03,60,0.8666666666666667
h031,56,4.053571428571429,2026-08-03,60,0.9333333333333333
h032,40,3.8,2026-08-03,40,1.0
h033,27,3.8518518518518516,2026-08-03,40,0.675
h034,54,3.8703703703703702,2026-08-03,60,0.9
h035,63,3.7936507936507935,2026-08-03,70,0.9
h036,30,3.7333333333333334,2026-08-03,40,0.75
h037,28,4.25,2026-08-03,40,0.7
h038,26,3.6538461538461537,2026-08-03,30,0.8666666666666667
h039,69,3.753623188405797,2026-08-03,70,0.9857142857142858
h040,39,3.6153846153846154,2026-08-03,50,0.78
h041,35,3.7714285714285714,2026-08-03,40,0.875
h042,50,3.7,2026-08-03,50,1.0
h043,56,3.8035714285714284,2026-08-03,60,0.9333333333333333
h044,46,3.760869565217391,2026-08-03,50,0.92
h045,48,4.020833333333333,2026-08-03,50,0.96
h046,43,4.232558139534884,2026-08-03,50,0.86
h047,29,3.6206896551724137,2026-08-03,40,0.725
h048,34,3.9705882352941178,2026-08-03,40,0.85
h049,47,4.127659574468085,2026-08-03,60,0.7833333333333333
h050,39,3.717948717948718,2026-08-03,40,0.975
h001,64,3.796875,2026-08-04,70,0.9142857142857143
h002,24,3.7916666666666665,2026-08-04,30,0.8
h003,34,3.764705882352941,2026-08-04,40,0.85
h004,36,4.055555555555555,2026-08-04,40,0.9
h005,36,3.7777777777777777,2026-08-04,40,0.9
h006,57,3.6842105263157894,2026-08-04,70,0.8142857142857143
h007,34,3.7941176470588234,2026-08-04,40,0.85
h008,38,4.052631578947368,2026-08-04,40,0.95
h009,40,3.825,2026-08-04,50,0.8
h010,39,3.9743589743589745,2026-08-04,40,0.975
h011,51,4.254901960784314,2026-08-04,60,0.85
h012,36,4.111111111111111,2026-08-04,50,0.72
h013,44,3.8863636363636362,2026-08-04,50,0.88
h014,49,3.7755102040816326,2026-08-04,60,0.8166666666666667
h015,58,3.793103448275862,2026-08-04,60,0.9666666666666667
h016,80,3.75,2026-08-04,80,1.0
h017,47,3.9574468085106385,2026-08-04,50,0.94
h018,59,3.7796610169491527,2026-08-04,60,0.9833333333333333
h019,47,3.702127659574468,2026-08-04,50,0.94
h020,49,3.877551020408163,2026-08-04,60,0.8166666666666667
h021,48,3.9166666666666665,2026-08-04,50,0.96
h022,26,3.4615384615384617,2026-08-04,30,0.8666666666666667
h023,24,4.041666666666667,2026-08-04,30,0.8
h024,52,3.5961538461538463,2026-08-04,60,0.8666666666666667
h025,40,3.7,2026-08-04,40,1.0
h026,46,3.9782608695652173,2026-08-04,50,0.92
h027,57,3.9649122807017543,2026-08-04,60,0.95
h028,39,3.769230769230769,2026-08-04,40,0.975
h029,25,3.52,2026-08-04,30,0.8333333333333334
h030,52,3.673076923076923,2026-08-04,60,0.8666666666666667
h031,56,4.053571428571429,2026-08-04,60,0.9333333333333333
h032,40,3.8,2026-08-04,40,1.0
h033,27,3.8518518518518516,2026-08-04,40,0.675
h034,54,3.8703703703703702,2026-08-04,60,0.9
h035,63,3.7936507936507935,2026-08-04,70,0.9
h036,30,3.7333333333333334,2026-08-04,40,0.75
h037,28,4.25,2026-08-04,40,0.7
h038,26,3.6538461538461537,2026-08-04,30,0.8666666666666667
h039,69,3.753623188405797,2026-08-04,70,0.9857142857142858
h040,39,3.6153846153846154,2026-08-04,50,0.78
h041,34,3.823529411764706,2026-08-04,40,0.85
h042,50,3.7,2026-08-04,50,1.0
h043,56,3.8035714285714284,2026-08-04,60,0.9333333333333333
h044,46,3.760869565217391,2026-08-04,50,0.92
h045,48,4.020833333333333,2026-08-04,50,0.96
h046,43,4.232558139534884,2026-08-04,50,0.86
h047,30,3.6,2026-08-04,40,0.75
h048,34,3.9705882352941178,2026-08-04,40,0.85
h049,47,4.127659574468085,2026-08-04,60,0.7833333333333333
h050,39,3.717948717948718,2026-08-04,40,0.975
h001,64,3.796875,2026-08-05,70,0.9142857142857143
h002,24,3.7916666666666665,2026-08-05,30,0.8
h003,34,3.764705882352941,2026-08-05,40,0.85
h004,36,4.055555555555555,2026-08-05,40,0.9
h005,36,3.7777777777777777,2026-08-05,40,0.9
h006,57,3.6842105263157894,2026-08-05,70,0.8142857142857143
h007,34,3.7941176470588234,2026-08-05,40,0.85
h008,38,4.052631578947368,2026-08-05,40,0.95
h009,40,3.825,2026-08-05,50,0.8
h010,39,3.9743589743589745,2026-08-05,40,0.975
h011,51,4.254901960784314,2026-08-05,60,0.85
h012,36,4.111111111111111,2026-08-05,50,0.72
h013,44,3.8863636363636362,2026-08-05,50,0.88
h014,49,3.7755102040816326,2026-08-05,60,0.8166666666666667
h015,58,3.793103448275862,2026-08-05,60,0.9666666666666667
h016,78,3.7564102564102564,2026-08-05,80,0.975
h017,47,3.9574468085106385,2026-08-05,50,0.94
h018,59,3.7796610169491527,2026-08-05,60,0.9833333333333333
h019,47,3.702127659574468,2026-08-05,50,0.94
h020,49,3.877551020408163,2026-08-05,60,0.8166666666666667
h021,49,3.8979591836734695,2026-08-05,50,0.98
h022,26,3.4615384615384617,2026-08-05,30,0.8666666666666667
h023,24,4.041666666666667,2026-08-05,30,0.8
h024,52,3.5961538461538463,2026-08-05,60,0.8666666666666667
h025,40,3.7,2026-08-05,40,1.0
h026,46,3.9782608695652173,2026-08-05,50,0.92
h027,57,3.9649122807017543,2026-08-05,60,0.95
h028,39,3.769230769230769,2026-08-05,40,0.975
h029,25,3.52,2026-08-05,30,0.8333333333333334
h030,52,3.673076923076923,2026-08-05,60,0.8666666666666667
h031,56,4.053571428571429,2026-08-05,60,0.9333333333333333
h032,40,3.8,2026-08-05,40,1.0
h033,27,3.8518518518518516,2026-08-05,40,0.675
h034,53,3.8679245283018866,2026-08-05,60,0.8833333333333333
h035,63,3.7936507936507935,2026-08-05,70,0.9
h036,30,3.7333333333333334,2026-08-05,40,0.75
h037,27,4.2592592592592595,2026-08-05,40,0.675
h038,26,3.6538461538461537,2026-08-05,30,0.8666666666666667
h039,67,3.7611940298507465,2026-08-05,70,0.9571428571428572
h040,39,3.6153846153846154,2026-08-05,50,0.78
h041,34,3.823529411764706,2026-08-05,40,0.85
h042,50,3.7,2026-08-05,50,1.0
h043,56,3.8035714285714284,2026-08-05,60,0.9333333333333333
h044,46,3.760869565217391,2026-08-05,50,0.92
h045,49,4.020408163265306,2026-08-05,50,0.98
h046,43,4.232558139534884,2026-08-05,50,0.86
h047,30,3.6,2026-08-05,40,0.75
h048,34,3.9705882352941178,2026-08-05,40,0.85
h049,47,4.127659574468085,2026-08-05,60,0.7833333333333333
h050,39,3.717948717948718,2026-08-05,40,0.975
h001,64,3.796875,2026-08-06,70,0.9142857142857143
h002,24,3.7916666666666665,2026-08-06,30,0.8
h003,33,3.757575757575758,2026-08-06,40,0.825
h004,36,4.055555555555555,2026-08-06,40,0.9
h005,36,3.7777777777777777,2026-08-06,40,0.9
h006,57,3.6842105263157894,2026-08-06,70,0.8142857142857143
h007,34,3.7941176470588234,2026-08-06,40,0.85
h008,38,4.052631578947368,2026-08-06,40,0.95
h009,39,3.769230769230769,2026-08-06,50,0.78
h010,39,3.9743589743589745,2026-08-06,40,0.975
h011,51,4.254901960784314,2026-08-06,60,0.85
h012,36,4.111111111111111,2026-08-06,50,0.72
h013,44,3.8863636363636362,2026-08-06,50,0.88
h014,49,3.7755102040816326,2026-08-06,60,0.8166666666666667
h015,58,3.793103448275862,2026-08-06,60,0.9666666666666667
h016,78,3.7564102564102564,2026-08-06,80,0.975
h017,47,3.9574468085106385,2026-08-06,50,0.94
h018,59,3.7796610169491527,2026-08-06,60,0.9833333333333333
h019,47,3.702127659574468,2026-08-06,50,0.94
h020,49,3.877551020408163,2026-08-06,60,0.8166666666666667
h021,49,3.8979591836734695,2026-08-06,50,0.98
h022,26,3.4615384615384617,2026-08-06,30,0.8666666666666667
h023,24,4.041666666666667,2026-08-06,30,0.8
h024,52,3.5961538461538463,2026-08-06,60,0.8666666666666667
h025,40,3.7,2026-08-06,40,1.0
h026,46,3.9782608695652173,2026-08-06,50,0.92
h027,57,3.9649122807017543,2026-08-06,60,0.95
h028,39,3.769230769230769,2026-08-06,40,0.975
h029,25,3.52,2026-08-06,30,0.8333333333333334
h030,52,3.673076923076923,2026-08-06,60,0.8666666666666667
h031,56,4.053571428571429,2026-08-06,60,0.9333333333333333
h032,40,3.8,2026-08-06,40,1.0
h033,27,3.8518518518518516,2026-08-06,40,0.675
h034,53,3.8679245283018866,2026-08-06,60,0.8833333333333333
h035,63,3.7936507936507935,2026-08-06,70,0.9
h036,31,3.7419354838709675,2026-08-06,40,0.775
h037,27,4.2592592592592595,2026-08-06,40,0.675
h038,26,3.6538461538461537,2026-08-06,30,0.8666666666666667
h039,67,3.7611940298507465,2026-08-06,70,0.9571428571428572
h040,40,3.65,2026-08-06,50,0.8
h041,34,3.823529411764706,2026-08-06,40,0.85
h042,50,3.7,2026-08-06,50,1.0
h043,56,3.8035714285714284,2026-08-06,60,0.9333333333333333
h044,46,3.760869565217391,2026-08-06,50,0.92
h045,50,4.02,2026-08-06,50,1.0
h046,43,4.232558139534884,2026-08-06,50,0.86
h047,30,3.6,2026-08-06,40,0.75
h048,34,3.9705882352941178,2026-08-06,40,0.85
h049,47,4.127659574468085,2026-08-06,60,0.7833333333333333
h050,39,3.717948717948718,2026-08-06,40,0.975
h001,64,3.796875,2026-08-07,70,0.9142857142857143
h002,25,3.68,2026-08-07,30,0.8333333333333334
h003,33,3.757575757575758,2026-08-07,40,0.825
h004,36,4.055555555555555,2026-08-07,40,0.9
h005,36,3.7777777777777777,2026-08-07,40,0.9
h006,57,3.6842105263157894,2026-08-07,70,0.8142857142857143
h007,34,3.7941176470588234,2026-08-07,40,0.85
h008,38,4.052631578947368,2026-08-07,40,0.95
h009,39,3.769230769230769,2026-08-07,50,0.78
h010,39,3.9743589743589745,2026-08-07,40,0.975
h011,51,4.254901960784314,2026-08-07,60,0.85
h012,36,4.111111111111111,2026-08-07,50,0.72
h013,44,3.8863636363636362,2026-08-07,50,0.88
h014,49,3.7755102040816326,2026-08-07,60,0.8166666666666667
h015,58,3.793103448275862,2026-08-07,60,0.9666666666666667
h016,77,3.7532467532467533,2026-08-07,80,0.9625
h017,47,3.9574468085106385,2026-08-07,50,0.94
h018,59,3.7796610169491527,2026-08-07,60,0.9833333333333333
h019,47,3.702127659574468,2026-08-07,50,0.94
h020,49,3.877551020408163,2026-08-07,60,0.8166666666666667
h021,49,3.8979591836734695,2026-08-07,50,0.98
h022,27,3.4814814814814814,2026-08-07,30,0.9
h023,24,4.041666666666667,2026-08-07,30,0.8
h024,52,3.5961538461538463,2026-08-07,60,0.8666666666666667
h025,40,3.7,2026-08-07,40,1.0
h026,45,3.9555555555555557,2026-08-07,50,0.9
h027,57,3.9649122807017543,2026-08-07,60,0.95
h028,39,3.769230769230769,2026-08-07,40,0.975
h029,25,3.52,2026-08-07,30,0.8333333333333334
h030,52,3.673076923076923,2026-08-07,60,0.8666666666666667
h031,56,4.053571428571429,2026-08-07,60,0.9333333333333333
h032,40,3.8,2026-08-07,40,1.0
h033,27,3.8518518518518516,2026-08-07,40,0.675
h034,53,3.8679245283018866,2026-08-07,60,0.8833333333333333
h035,63,3.7936507936507935,2026-08-07,70,0.9
h036,31,3.7419354838709675,2026-08-07,40,0.775
h037,27,4.2592592592592595,2026-08-07,40,0.675
h038,26,3.6538461538461537,2026-08-07,30,0.8666666666666667
h039,67,3.7611940298507465,2026-08-07,70,0.9571428571428572
h040,40,3.65,2026-08-07,50,0.8
h041,34,3.823529411764706,2026-08-07,40,0.85
h042,50,3.7,2026-08-07,50,1.0
h043,56,3.8035714285714284,2026-08-07,60,0.9333333333333333
h044,46,3.760869565217391,2026-08-07,50,0.92
h045,50,4.02,2026-08-07,50,1.0
h046,43,4.232558139534884,2026-08-07,50,0.86
h047,30,3.6,2026-08-07,40,0.75
h048,34,3.9705882352941178,2026-08-07,40,0.85
h049,47,4.127659574468085,2026-08-07,60,0.7833333333333333
h050,39,3.717948717948718,2026-08-07,40,0.975
h001,64,3.796875,2026-08-08,70,0.9142857142857143
h002,25,3.68,2026-08-08,30,0.8333333333333334
h003,33,3.757575757575758,2026-08-08,40,0.825
h004,36,4.055555555555555,2026-08-08,40,0.9
h005,36,3.7777777777777777,2026-08-08,40,0.9
h006,57,3.6842105263157894,2026-08-08,70,0.8142857142857143
h007,34,3.7941176470588234,2026-08-08,40,0.85
h008,38,4.052631578947368,2026-08-08,40,0.95
h009,39,3.769230769230769,2026-08-08,50,0.78
h010,39,3.9743589743589745,2026-08-08,40,0.975
h011,51,4.254901960784314,2026-08-08,60,0.85
h012,37,4.108108108108108,2026-08-08,50,0.74
h013,44,3.8863636363636362,2026-08-08,50,0.88
h014,49,3.7755102040816326,2026-08-08,60,0.8166666666666667
h015,58,3.793103448275862,2026-08-08,60,0.9666666666666667
h016,77,3.7532467532467533,2026-08-08,80,0.9625
h017,48,3.9791666666666665,2026-08-08,50,0.96
h018,59,3.7796610169491527,2026-08-08,60,0.9833333333333333
h019,47,3.702127659574468,2026-08-08,50,0.94
h020,49,3.877551020408163,2026-08-08,60,0.8166666666666667
h021,49,3.8979591836734695,2026-08-08,50,0.98
h022,27,3.4814814814814814,2026-08-08,30,0.9
h023,24,4.041666666666667,2026-08-08,30,0.8
h024,52,3.5961538461538463,2026-08-08,60,0.8666666666666667
h025,40,3.7,2026-08-08,40,1.0
h026,45,3.9555555555555557,2026-08-08,50,0.9
h027,57,3.9649122807017543,2026-08-08,60,0.95
h028,39,3.769230769230769,2026-08-08,40,0.975
h029,25,3.52,2026-08-08,30,0.8333333333333334
h030,52,3.673076923076923,2026-08-08,60,0.8666666666666667
h031,56,4.053571428571429,2026-08-08,60,0.9333333333333333
h032,40,3.8,2026-08-08,40,1.0
h033,27,3.8518518518518516,2026-08-08,40,0.675
h034,53,3.8679245283018866,2026-08-08,60,0.8833333333333333
h035,63,3.7936507936507935,2026-08-08,70,0.9
h036,31,3.7419354838709675,2026-08-08,40,0.775
h037,27,4.2592592592592595,2026-08-08,40,0.675
h038,26,3.6538461538461537,2026-08-08,30,0.8666666666666667
h039,67,3.7611940298507465,2026-08-08,70,0.9571428571428572
h040,40,3.65,2026-08-08,50,0.8
h041,34,3.823529411764706,2026-08-08,40,0.85
h042,50,3.7,2026-08-08,50,1.0
h043,56,3.8035714285714284,2026-08-08,60,0.9333333333333333
h044,46,3.760869565217391,2026-08-08,50,0.92
h045,50,4.02,2026-08-08,50,1.0
h046,43,4.232558139534884,2026-08-08,50,0.86
h047,30,3.6,2026-08-08,40,0.75
h048,34,3.9705882352941178,2026-08-08,40,0.85
h049,47,4.127659574468085,2026-08-08,60,0.7833333333333333
h050,39,3.717948717948718,2026-08-08,40,0.975
h001,64,3.796875,2026-08-09,70,0.9142857142857143
h002,25,3.68,2026-08-09,30,0.8333333333333334
h003,33,3.757575757575758,2026-08-09,40,0.825
h004,36,4.055555555555555,2026-08-09,40,0.9
h005,36,3.7777777777777777,2026-08-09,40,0.9
h006,57,3.6842105263157894,2026-08-09,70,0.8142857142857143
h007,34,3.7941176470588234,2026-08-09,40,0.85
h008,38,4.052631578947368,2026-08-09,40,0.95
h009,39,3.769230769230769,2026-08-09,50,0.78
h010,39,3.9743589743589745,2026-08-09,40,0.975
h011,51,4.254901960784314,2026-08-09,60,0.85
h012,37,4.108108108108108,2026-08-09,50,0.74
h013,44,3.8863636363636362,2026-08-09,50,0.88
h014,49,3.7755102040816326,2026-08-09,60,0.8166666666666667
h015,58,3.793103448275862,2026-08-09,60,0.9666666666666667
h016,77,3.7532467532467533,2026-08-09,80,0.9625
h017,48,3.9791666666666665,2026-08-09,50,0.96
h018,59,3.7796610169491527,2026-08-09,60,0.9833333333333333
h019,47,3.702127659574468,2026-08-09,50,0.94
h020,50,3.88,2026-08-09,60,0.8333333333333334
h021,49,3.8979591836734695,2026-08-09,50,0.98
h022,27,3.4814814814814814,2026-08-09,30,0.9
h023,24,4.041666666666667,2026-08-09,30,0.8
h024,52,3.5961538461538463,2026-08-09,60,0.8666666666666667
h025,40,3.7,2026-08-09,40,1.0
h026,45,3.9555555555555557,2026-08-09,50,0.9
h027,57,3.9649122807017543,2026-08-09,60,0.95
h028,39,3.769230769230769,2026-08-09,40,0.975
h029,25,3.52,2026-08-09,30,0.8333333333333334
h030,52,3.673076923076923,2026-08-09,60,0.8666666666666667
h031,56,4.053571428571429,2026-08-09,60,0.9333333333333333
h032,39,3.7948717948717947,2026-08-09,40,0.975
h033,27,3.8518518518518516,2026-08-09,40,0.675
h034,52,3.9038461538461537,2026-08-09,60,0.8666666666666667
h035,62,3.8225806451612905,2026-08-09,70,0.8857142857142857
h036,31,3.7419354838709675,2026-08-09,40,0.775
h037,27,4.2592592592592595,2026-08-09,40,0.675
h038,26,3.6538461538461537,2026-08-09,30,0.8666666666666667
h039,69,3.753623188405797,2026-08-09,70,0.9857142857142858
h040,40,3.65,2026-08-09,50,0.8
h041,34,3.823529411764706,2026-08-09,40,0.85
h042,50,3.7,2026-08-09,50,1.0
h043,56,3.8035714285714284,2026-08-09,60,0.9333333333333333
h044,46,3.760869565217391,2026-08-09,50,0.92
h045,50,4.02,2026-08-09,50,1.0
h046,43,4.232558139534884,2026-08-09,50,0.86
h047,30,3.6,2026-08-09,40,0.75
h048,34,3.9705882352941178,2026-08-09,40,0.85
h049,47,4.127659574468085,2026-08-09,60,0.7833333333333333
h050,39,3.717948717948718,2026-08-09,40,0.975
h001,64,3.796875,2026-08-10,70,0.9142857142857143
h002,25,3.68,2026-08-10,30,0.8333333333333334
h003,33,3.757575757575758,2026-08-10,40,0.825
h004,36,4.055555555555555,2026-08-10,40,0.9
h005,36,3.7777777777777777,2026-08-10,40,0.9
h006,57,3.6842105263157894,2026-08-10,70,0.8142857142857143
h007,34,3.7941176470588234,2026-08-10,40,0.85
h008,38,4.052631578947368,2026-08-10,40,0.95
h009,39,3.769230769230769,2026-08-10,50,0.78
h010,39,3.9743589743589745,2026-08-10,40,0.975
h011,51,4.254901960784314,2026-08-10,60,0.85
h012,37,4.108108108108108,2026-08-10,50,0.74
h013,44,3.8863636363636362,2026-08-10,50,0.88
h014,49,3.7755102040816326,2026-08-10,60,0.8166666666666667
h015,58,3.793103448275862,2026-08-10,60,0.9666666666666667
h016,77,3.7532467532467533,2026-08-10,80,0.9625
h017,48,3.9791666666666665,2026-08-10,50,0.96
h018,59,3.7796610169491527,2026-08-10,60,0.9833333333333333
h019,46,3.6739130434782608,2026-08-10,50,0.92
h020,50,3.88,2026-08-10,60,0.8333333333333334
h021,49,3.8979591836734695,2026-08-10,50,0.98
h022,27,3.4814814814814814,2026-08-10,30,0.9
h023,24,4.041666666666667,2026-08-10,30,0.8
h024,52,3.5961538461538463,2026-08-10,60,0.8666666666666667
h025,40,3.7,2026-08-10,40,1.0
h026,45,3.9555555555555557,2026-08-10,50,0.9
h027,57,3.9649122807017543,2026-08-10,60,0.95
h028,39,3.769230769230769,2026-08-10,40,0.975
h029,25,3.52,2026-08-10,30,0.8333333333333334
h030,52,3.673076923076923,2026-08-10,60,0.8666666666666667
h031,56,4.053571428571429,2026-08-10,60,0.9333333333333333
h032,39,3.7948717948717947,2026-08-10,40,0.975
h033,27,3.8518518518518516,2026-08-10,40,0.675
h034,52,3.9038461538461537,2026-08-10,60,0.8666666666666667
h035,62,3.8225806451612905,2026-08-10,70,0.8857142857142857
h036,32,3.71875,2026-08-10,40,0.8
h037,27,4.2592592592592595,2026-08-10,40,0.675
h038,26,3.6538461538461537,2026-08-10,30,0.8666666666666667
h039,69,3.753623188405797,2026-08-10,70,0.9857142857142858
h040,40,3.65,2026-08-10,50,0.8
h041,34,3.823529411764706,2026-08-10,40,0.85
h042,50,3.7,2026-08-10,50,1.0
h043,56,3.8035714285714284,2026-08-10,60,0.9333333333333333
h044,46,3.760869565217391,2026-08-10,50,0.92
h045,50,4.02,2026-08-10,50,1.0
h046,43,4.232558139534884,2026-08-10,50,0.86
h047,30,3.6,2026-08-10,40,0.75
h048,33,4.03030303030303,2026-08-10,40,0.825
h049,47,4.127659574468085,2026-08-10,60,0.7833333333333333
h050,39,3.717948717948718,2026-08-10,40,0.975
h001,64,3.796875,2026-08-11,70,0.9142857142857143
h002,25,3.68,2026-08-11,30,0.8333333333333334
h003,33,3.757575757575758,2026-08-11,40,0.825
h004,36,4.055555555555555,2026-08-11,40,0.9
h005,36,3.7777777777777777,2026-08-11,40,0.9
h006,57,3.6842105263157894,2026-08-11,70,0.8142857142857143
h007,33,3.878787878787879,2026-08-11,40,0.825
h008,38,4.052631578947368,2026-08-11,40,0.95
h009,39,3.769230769230769,2026-08-11,50,0.78
h010,39,3.9743589743589745,2026-08-11,40,0.975
h011,51,4.254901960784314,2026-08-11,60,0.85
h012,37,4.108108108108108,2026-08-11,50,0.74
h013,44,3.8863636363636362,2026-08-11,50,0.88
h014,49,3.7755102040816326,2026-08-11,60,0.8166666666666667
h015,58,3.793103448275862,2026-08-11,60,0.9666666666666667
h016,77,3.7532467532467533,2026-08-11,80,0.9625
h017,48,3.9791666666666665,2026-08-11,50,0.96
h018,59,3.7796610169491527,2026-08-11,60,0.9833333333333333
h019,46,3.6739130434782608,2026-08-11,50,0.92
h020,50,3.88,2026-08-11,60,0.8333333333333334
h021,49,3.8979591836734695,2026-08-11,50,0.98
h022,27,3.4814814814814814,2026-08-11,30,0.9
h023,24,4.041666666666667,2026-08-11,30,0.8
h024,52,3.6346153846153846,2026-08-11,60,0.8666666666666667
h025,40,3.7,2026-08-11,40,1.0
h026,45,3.9555555555555557,2026-08-11,50,0.9
h027,57,3.9649122807017543,2026-08-11,60,0.95
h028,39,3.769230769230769,2026-08-11,40,0.975
h029,25,3.52,2026-08-11,30,0.8333333333333334
h030,52,3.673076923076923,2026-08-11,60,0.8666666666666667
h031,56,4.053571428571429,2026-08-11,60,0.9333333333333333
h032,39,3.7948717948717947,2026-08-11,40,0.975
h033,27,3.8518518518518516,2026-08-11,40,0.675
h034,52,3.9038461538461537,2026-08-11,60,0.8666666666666667
h035,62,3.8225806451612905,2026-08-11,70,0.8857142857142857
h036,32,3.71875,2026-08-11,40,0.8
h037,27,4.2592592592592595,2026-08-11,40,0.675
h038,26,3.6538461538461537,2026-08-11,30,0.8666666666666667
h039,69,3.753623188405797,2026-08-11,70,0.9857142857142858
h040,40,3.65,2026-08-11,50,0.8
h041,34,3.823529411764706,2026-08-11,40,0.85
h042,50,3.7,2026-08-11,50,1.0
h043,55,3.8363636363636364,2026-08-11,60,0.9166666666666666
h044,46,3.760869565217391,2026-08-11,50,0.92
h045,50,4.02,2026-08-11,50,1.0
h046,43,4.232558139534884,2026-08-11,50,0.86
h047,30,3.6,2026-08-11,40,0.75
h048,33,4.03030303030303,2026-08-11,40,0.825
h049,48,4.104166666666667,2026-08-11,60,0.8
h050,39,3.717948717948718,2026-08-11,40,0.975
h001,64,3.796875,2026-08-12,70,0.9142857142857143
h002,25,3.68,2026-08-12,30,0.8333333333333334
h003,33,3.757575757575758,2026-08-12,40,0.825
h004,36,4.055555555555555,2026-08-12,40,0.9
h005,37,3.810810810810811,2026-08-12,40,0.925
h006,57,3.6842105263157894,2026-08-12,70,0.8142857142857143
h007,33,3.878787878787879,2026-08-12,40,0.825
h008,39,4.051282051282051,2026-08-12,40,0.975
h009,39,3.769230769230769,2026-08-12,50,0.78
h010,39,3.9743589743589745,2026-08-12,40,0.975
h011,51,4.254901960784314,2026-08-12,60,0.85
h012,37,4.108108108108108,2026-08-12,50,0.74
h013,45,3.888888888888889,2026-08-12,50,0.9
h014,49,3.7755102040816326,2026-08-12,60,0.8166666666666667
h015,58,3.793103448275862,2026-08-12,60,0.9666666666666667
h016,77,3.7532467532467533,2026-08-12,80,0.9625
h017,48,3.9791666666666665,2026-08-12,50,0.96
h018,59,3.7796610169491527,2026-08-12,60,0.9833333333333333
h019,46,3.6739130434782608,2026-08-12,50,0.92
h020,51,3.843137254901961,2026-08-12,60,0.85
h021,49,3.8979591836734695,2026-08-12,50,0.98
h022,27,3.4814814814814814,2026-08-12,30,0.9
h023,24,4.041666666666667,2026-08-12,30,0.8
h024,52,3.6346153846153846,2026-08-12,60,0.8666666666666667
h025,40,3.7,2026-08-12,40,1.0
h026,45,3.9555555555555557,2026-08-12,50,0.9
h027,57,3.9649122807017543,2026-08-12,60,0.95
h028,39,3.769230769230769,2026-08-12,40,0.975
h029,25,3.52,2026-08-12,30,0.8333333333333334
h030,52,3.673076923076923,2026-08-12,60,0.8666666666666667
h031,56,4.053571428571429,2026-08-12,60,0.9333333333333333
h032,39,3.7948717948717947,2026-08-12,40,0.975
h033,27,3.8518518518518516,2026-08-12,40,0.675
h034,52,3.9038461538461537,2026-08-12,60,0.8666666666666667
h035,62,3.8225806451612905,2026-08-12,70,0.8857142857142857
h036,32,3.71875,2026-08-12,40,0.8
h037,27,4.2592592592592595,2026-08-12,40,0.675
h038,26,3.6538461538461537,2026-08-12,30,0.8666666666666667
h039,69,3.753623188405797,2026-08-12,70,0.9857142857142858
h040,40,3.65,2026-08-12,50,0.8
h041,34,3.823529411764706,2026-08-12,40,0.85
h042,50,3.7,2026-08-12,50,1.0
h043,55,3.8363636363636364,2026-08-12,60,0.9166666666666666
h044,45,3.7777777777777777,2026-08-12,50,0.9
h045,50,4.02,2026-08-12,50,1.0
h046,43,4.232558139534884,2026-08-12,50,0.86
h047,30,3.6,2026-08-12,40,0.75
h048,33,4.03030303030303,2026-08-12,40,0.825
h049,48,4.104166666666667,2026-08-12,60,0.8
h050,39,3.717948717948718,2026-08-12,40,0.975
h001,64,3.796875,2026-08-13,70,0.9142857142857143
h002,25,3.68,2026-08-13,30,0.8333333333333334
h003,33,3.757575757575758,2026-08-13,40,0.825
h004,36,4.055555555555555,2026-08-13,40,0.9
h005,37,3.810810810810811,2026-08-13,40,0.925
h006,57,3.6842105263157894,2026-08-13,70,0.8142857142857143
h007,33,3.878787878787879,2026-08-13,40,0.825
h008,39,4.051282051282051,2026-08-13,40,0.975
h009,39,3.769230769230769,2026-08-13,50,0.78
h010,39,3.9743589743589745,2026-08-13,40,0.975
h011,51,4.254901960784314,2026-08-13,60,0.85
h012,37,4.108108108108108,2026-08-13,50,0.74
h013,45,3.888888888888889,2026-08-13,50,0.9
h014,49,3.7755102040816326,2026-08-13,60,0.8166666666666667
h015,58,3.793103448275862,2026-08-13,60,0.9666666666666667
h016,77,3.7532467532467533,2026-08-13,80,0.9625
h017,48,3.9791666666666665,2026-08-13,50,0.96
h018,59,3.7796610169491527,2026-08-13,60,0.9833333333333333
h019,46,3.6739130434782608,2026-08-13,50,0.92
h020,51,3.843137254901961,2026-08-13,60,0.85
h021,49,3.8979591836734695,2026-08-13,50,0.98
h022,27,3.4814814814814814,2026-08-13,30,0.9
h023,25,4.12,2026-08-13,30,0.8333333333333334
h024,52,3.6346153846153846,2026-08-13,60,0.8666666666666667
h025,40,3.7,2026-08-13,40,1.0
h026,45,3.9555555555555557,2026-08-13,50,0.9
h027,57,3.9649122807017543,2026-08-13,60,0.95
h028,39,3.769230769230769,2026-08-13,40,0.975
h029,24,3.5,2026-08-13,30,0.8
h030,52,3.673076923076923,2026-08-13,60,0.8666666666666667
h031,56,4.053571428571429,2026-08-13,60,0.9333333333333333
h032,39,3.7948717948717947,2026-08-13,40,0.975
h033,27,3.8518518518518516,2026-08-13,40,0.675
h034,52,3.9038461538461537,2026-08-13,60,0.8666666666666667
h035,63,3.8253968253968256,2026-08-13,70,0.9
h036,32,3.71875,2026-08-13,40,0.8
h037,28,4.178571428571429,2026-08-13,40,0.7
h038,26,3.6538461538461537,2026-08-13,30,0.8666666666666667
h039,69,3.753623188405797,2026-08-13,70,0.9857142857142858
h040,40,3.65,2026-08-13,50,0.8
h041,34,3.823529411764706,2026-08-13,40,0.85
h042,50,3.7,2026-08-13,50,1.0
h043,55,3.8363636363636364,2026-08-13,60,0.9166666666666666
h044,45,3.7777777777777777,2026-08-13,50,0.9
h045,50,4.02,2026-08-13,50,1.0
h046,43,4.232558139534884,2026-08-13,50,0.86
h047,31,3.6129032258064515,2026-08-13,40,0.775
h048,33,4.03030303030303,2026-08-13,40,0.825
h049,47,4.0638297872340425,2026-08-13,60,0.7833333333333333
h050,39,3.717948717948718,2026-08-13,40,0.975
h001,64,3.796875,2026-08-14,70,0.9142857142857143
h002,25,3.68,2026-08-14,30,0.8333333333333334
h003,33,3.757575757575758,2026-08-14,40,0.825
h004,36,4.055555555555555,2026-08-14,40,0.9
h005,37,3.810810810810811,2026-08-14,40,0.925
h006,57,3.6842105263157894,2026-08-14,70,0.8142857142857143
h007,33,3.878787878787879,2026-08-14,40,0.825
h008,39,4.051282051282051,2026-08-14,40,0.975
h009,39,3.769230769230769,2026-08-14,50,0.78
h010,39,3.9743589743589745,2026-08-14,40,0.975
h011,51,4.254901960784314,2026-08-14,60,0.85
h012,37,4.108108108108108,2026-08-14,50,0.74
h013,45,3.888888888888889,2026-08-14,50,0.9
h014,49,3.7755102040816326,2026-08-14,60,0.8166666666666667
h015,58,3.793103448275862,2026-08-14,60,0.9666666666666667
h016,77,3.7532467532467533,2026-08-14,80,0.9625
h017,48,3.9791666666666665,2026-08-14,50,0.96
h018,59,3.7796610169491527,2026-08-14,60,0.9833333333333333
h019,46,3.6739130434782608,2026-08-14,50,0.92
h020,50,3.84,2026-08-14,60,0.8333333333333334
h021,49,3.8979591836734695,2026-08-14,50,0.98
h022,27,3.4814814814814814,2026-08-14,30,0.9
h023,25,4.12,2026-08-14,30,0.8333333333333334
h024,52,3.6346153846153846,2026-08-14,60,0.8666666666666667
h025,40,3.7,2026-08-14,40,1.0
h026,46,3.9782608695652173,2026-08-14,50,0.92
h027,57,3.9649122807017543,2026-08-14,60,0.95
h028,39,3.769230769230769,2026-08-14,40,0.975
h029,24,3.5,2026-08-14,30,0.8
h030,52,3.673076923076923,2026-08-14,60,0.8666666666666667
h031,56,4.053571428571429,2026-08-14,60,0.9333333333333333
h032,40,3.825,2026-08-14,40,1.0
h033,27,3.8518518518518516,2026-08-14,40,0.675
h034,53,3.943396226415094,2026-08-14,60,0.8833333333333333
h035,63,3.8253968253968256,2026-08-14,70,0.9
h036,32,3.71875,2026-08-14,40,0.8
h037,28,4.178571428571429,2026-08-14,40,0.7
h038,26,3.6538461538461537,2026-08-14,30,0.8666666666666667
h039,69,3.753623188405797,2026-08-14,70,0.9857142857142858
h040,41,3.658536585365854,2026-08-14,50,0.82
h041,34,3.823529411764706,2026-08-14,40,0.85
h042,50,3.7,2026-08-14,50,1.0
h043,55,3.8363636363636364,2026-08-14,60,0.9166666666666666
h044,45,3.7777777777777777,2026-08-14,50,0.9
h045,50,4.02,2026-08-14,50,1.0
h046,43,4.232558139534884,2026-08-14,50,0.86
h047,31,3.6129032258064515,2026-08-14,40,0.775
h048,33,4.03030303030303,2026-08-14,40,0.825
h049,47,4.0638297872340425,2026-08-14,60,0.7833333333333333
h050,39,3.717948717948718,2026-08-14,40,0.975
h001,64,3.796875,2026-08-15,70,0.9142857142857143
h002,25,3.68,2026-08-15,30,0.8333333333333334
h003,33,3.757575757575758,2026-08-15,40,0.825
h004,36,4.055555555555555,2026-08-15,40,0.9
h005,37,3.810810810810811,2026-08-15,40,0.925
h006,57,3.6842105263157894,2026-08-15,70,0.8142857142857143
h007,33,3.878787878787879,2026-08-15,40,0.825
h008,39,4.051282051282051,2026-08-15,40,0.975
h009,39,3.769230769230769,2026-08-15,50,0.78
h010,39,3.9743589743589745,2026-08-15,40,0.975
h011,51,4.254901960784314,2026-08-15,60,0.85
h012,37,4.108108108108108,2026-08-15,50,0.74
h013,45,3.888888888888889,2026-08-15,50,0.9
h014,49,3.7755102040816326,2026-08-15,60,0.8166666666666667
h015,58,3.793103448275862,2026-08-15,60,0.9666666666666667
h016,77,3.7532467532467533,2026-08-15,80,0.9625
h017,48,3.9791666666666665,2026-08-15,50,0.96
h018,59,3.7796610169491527,2026-08-15,60,0.9833333333333333
h019,46,3.6739130434782608,2026-08-15,50,0.92
h020,50,3.84,2026-08-15,60,0.8333333333333334
h021,49,3.8979591836734695,2026-08-15,50,0.98
h022,27,3.4814814814814814,2026-08-15,30,0.9
h023,25,4.12,2026-08-15,30,0.8333333333333334
h024,52,3.6346153846153846,2026-08-15,60,0.8666666666666667
h025,40,3.7,2026-08-15,40,1.0
h026,45,4.022222222222222,2026-08-15,50,0.9
h027,57,3.9649122807017543,2026-08-15,60,0.95
h028,39,3.769230769230769,2026-08-15,40,0.975
h029,24,3.5,2026-08-15,30,0.8
h030,52,3.673076923076923,2026-08-15,60,0.8666666666666667
h031,55,4.036363636363636,2026-08-15,60,0.9166666666666666
h032,40,3.825,2026-08-15,40,1.0
h033,27,3.8518518518518516,2026-08-15,40,0.675
h034,53,3.943396226415094,2026-08-15,60,0.8833333333333333
h035,63,3.8253968253968256,2026-08-15,70,0.9
h036,32,3.71875,2026-08-15,40,0.8
h037,28,4.178571428571429,2026-08-15,40,0.7
h038,26,3.6538461538461537,2026-08-15,30,0.8666666666666667
h039,69,3.753623188405797,2026-08-15,70,0.9857142857142858
h040,41,3.658536585365854,2026-08-15,50,0.82
h041,34,3.823529411764706,2026-08-15,40,0.85
h042,50,3.7,2026-08-15,50,1.0
h043,55,3.8363636363636364,2026-08-15,60,0.9166666666666666
h044,45,3.7777777777777777,2026-08-15,50,0.9
h045,50,4.02,2026-08-15,50,1.0
h046,43,4.232558139534884,2026-08-15,50,0.86
h047,31,3.6129032258064515,2026-08-15,40,0.775
h048,33,4.03030303030303,2026-08-15,40,0.825
h049,47,4.0638297872340425,2026-08-15,60,0.7833333333333333
h050,39,3.717948717948718,2026-08-15,40,0.975
h001,64,3.796875,2026-08-16,70,0.9142857142857143
h002,25,3.68,2026-08-16,30,0.8333333333333334
h003,33,3.757575757575758,2026-08-16,40,0.825
h004,36,4.055555555555555,2026-08-16,40,0.9
h005,37,3.810810810810811,2026-08-16,40,0.925
h006,57,3.6842105263157894,2026-08-16,70,0.8142857142857143
h007,33,3.878787878787879,2026-08-16,40,0.825
h008,39,4.051282051282051,2026-08-16,40,0.975
h009,38,3.763157894736842,2026-08-16,50,0.76
h010,39,3.9743589743589745,2026-08-16,40,0.975
h011,51,4.254901960784314,2026-08-16,60,0.85
h012,37,4.108108108108108,2026-08-16,50,0.74
h013,45,3.888888888888889,2026-08-16,50,0.9
h014,49,3.7755102040816326,2026-08-16,60,0.8166666666666667
h015,58,3.793103448275862,2026-08-16,60,0.9666666666666667
h016,77,3.7532467532467533,2026-08-16,80,0.9625
h017,48,3.9791666666666665,2026-08-16,50,0.96
h018,59,3.7796610169491527,2026-08-16,60,0.9833333333333333
h019,46,3.6739130434782608,2026-08-16,50,0.92
h020,50,3.84,2026-08-16,60,0.8333333333333334
h021,49,3.8979591836734695,2026-08-16,50,0.98
h022,27,3.4814814814814814,2026-08-16,30,0.9
h023,25,4.12,2026-08-16,30,0.8333333333333334
h024,51,3.627450980392157,2026-08-16,60,0.85
h025,40,3.7,2026-08-16,40,1.0
h026,45,4.022222222222222,2026-08-16,50,0.9
h027,57,3.9649122807017543,2026-08-16,60,0.95
h028,39,3.769230769230769,2026-08-16,40,0.975
h029,24,3.5,2026-08-16,30,0.8
h030,52,3.673076923076923,2026-08-16,60,0.8666666666666667
h031,55,4.036363636363636,2026-08-16,60,0.9166666666666666
h032,40,3.825,2026-08-16,40,1.0
h033,27,3.8518518518518516,2026-08-16,40,0.675
h034,53,3.943396226415094,2026-08-16,60,0.8833333333333333
h035,63,3.8253968253968256,2026-08-16,70,0.9
h036,32,3.71875,2026-08-16,40,0.8
h037,28,4.178571428571429,2026-08-16,40,0.7
h038,26,3.6538461538461537,2026-08-16,30,0.8666666666666667
h039,69,3.753623188405797,2026-08-16,70,0.9857142857142858
h040,41,3.658536585365854,2026-08-16,50,0.82
h041,34,3.823529411764706,2026-08-16,40,0.85
h042,50,3.7,2026-08-16,50,1.0
h043,55,3.8363636363636364,2026-08-16,60,0.9166666666666666
h044,45,3.7777777777777777,2026-08-16,50,0.9
h045,50,4.02,2026-08-16,50,1.0
h046,43,4.232558139534884,2026-08-16,50,0.86
h047,31,3.6129032258064515,2026-08-16,40,0.775
h048,33,4.03030303030303,2026-08-16,40,0.825
h049,47,4.0638297872340425,2026-08-16,60,0.7833333333333333
h050,39,3.717948717948718,2026-08-16,40,0.975
h001,63,3.7936507936507935,2026-08-17,70,0.9
h002,25,3.68,2026-08-17,30,0.8333333333333334
h003,33,3.757575757575758,2026-08-17,40,0.825
h004,35,4.057142857142857,2026-08-17,40,0.875
h005,38,3.8157894736842106,2026-08-17,40,0.95
h006,57,3.6842105263157894,2026-08-17,70,0.8142857142857143
h007,33,3.878787878787879,2026-08-17,40,0.825
h008,39,4.051282051282051,2026-08-17,40,0.975
h009,38,3.763157894736842,2026-08-17,50,0.76
h010,39,3.9743589743589745,2026-08-17,40,0.975
h011,51,4.254901960784314,2026-08-17,60,0.85
h012,37,4.108108108108108,2026-08-17,50,0.74
h013,45,3.888888888888889,2026-08-17,50,0.9
h014,49,3.7755102040816326,2026-08-17,60,0.8166666666666667
h015,58,3.793103448275862,2026-08-17,60,0.9666666666666667
h016,77,3.7532467532467533,2026-08-17,80,0.9625
h017,48,3.9791666666666665,2026-08-17,50,0.96
h018,59,3.7796610169491527,2026-08-17,60,0.9833333333333333
h019,46,3.6739130434782608,2026-08-17,50,0.92
h020,50,3.84,2026-08-17,60,0.8333333333333334
h021,49,3.8979591836734695,2026-08-17,50,0.98
h022,27,3.4814814814814814,2026-08-17,30,0.9
h023,26,4.115384615384615,2026-08-17,30,0.8666666666666667
h024,51,3.627450980392157,2026-08-17,60,0.85
h025,40,3.7,2026-08-17,40,1.0
h026,45,4.022222222222222,2026-08-17,50,0.9
h027,57,3.9649122807017543,2026-08-17,60,0.95
h028,39,3.769230769230769,2026-08-17,40,0.975
h029,24,3.5,2026-08-17,30,0.8
h030,52,3.673076923076923,2026-08-17,60,0.8666666666666667
h031,56,4.053571428571429,2026-08-17,60,0.9333333333333333
h032,40,3.825,2026-08-17,40,1.0
h033,27,3.8518518518518516,2026-08-17,40,0.675
h034,53,3.943396226415094,2026-08-17,60,0.8833333333333333
h035,63,3.8253968253968256,2026-08-17,70,0.9
h036,32,3.71875,2026-08-17,40,0.8
h037,28,4.178571428571429,2026-08-17,40,0.7
h038,26,3.6538461538461537,2026-08-17,30,0.8666666666666667
h039,69,3.753623188405797,2026-08-17,70,0.9857142857142858
h040,41,3.658536585365854,2026-08-17,50,0.82
h041,34,3.823529411764706,2026-08-17,40,0.85
h042,50,3.7,2026-08-17,50,1.0
h043,55,3.8363636363636364,2026-08-17,60,0.9166666666666666
h044,45,3.7777777777777777,2026-08-17,50,0.9
h045,50,4.02,2026-08-17,50,1.0
h046,43,4.232558139534884,2026-08-17,50,0.86
h047,31,3.6129032258064515,2026-08-17,40,0.775
h048,33,4.03030303030303,2026-08-17,40,0.825
h049,47,4.0638297872340425,2026-08-17,60,0.7833333333333333
h050,39,3.717948717948718,2026-08-17,40,0.975
h001,63,3.7936507936507935,2026-08-18,70,0.9
h002,25,3.68,2026-08-18,30,0.8333333333333334
h003,33,3.757575757575758,2026-08-18,40,0.825
h004,35,4.057142857142857,2026-08-18,40,0.875
h005,38,3.8157894736842106,2026-08-18,40,0.95
h006,57,3.6842105263157894,2026-08-18,70,0.8142857142857143
h007,33,3.878787878787879,2026-08-18,40,0.825
h008,39,4.051282051282051,2026-08-18,40,0.975
h009,39,3.8205128205128207,2026-08-18,50,0.78
h010,39,3.9743589743589745,2026-08-18,40,0.975
h011,51,4.254901960784314,2026-08-18,60,0.85
h012,37,4.108108108108108,2026-08-18,50,0.74
h013,45,3.888888888888889,2026-08-18,50,0.9
h014,49,3.7755102040816326,2026-08-18,60,0.8166666666666667
h015,58,3.793103448275862,2026-08-18,60,0.9666666666666667
h016,77,3.7532467532467533,2026-08-18,80,0.9625
h017,48,3.9791666666666665,2026-08-18,50,0.96
h018,59,3.7796610169491527,2026-08-18,60,0.9833333333333333
h019,46,3.6739130434782608,2026-08-18,50,0.92
h020,50,3.84,2026-08-18,60,0.8333333333333334
h021,49,3.8979591836734695,2026-08-18,50,0.98
h022,27,3.4814814814814814,2026-08-18,30,0.9
h023,26,4.115384615384615,2026-08-18,30,0.8666666666666667
h024,51,3.627450980392157,2026-08-18,60,0.85
h025,40,3.7,2026-08-18,40,1.0
h026,45,4.022222222222222,2026-08-18,50,0.9
h027,57,3.9649122807017543,2026-08-18,60,0.95
h028,39,3.769230769230769,2026-08-18,40,0.975
h029,24,3.5,2026-08-18,30,0.8
h030,52,3.673076923076923,2026-08-18,60,0.8666666666666667
h031,56,4.053571428571429,2026-08-18,60,0.9333333333333333
h032,40,3.825,2026-08-18,40,1.0
h033,27,3.8518518518518516,2026-08-18,40,0.675
h034,53,3.943396226415094,2026-08-18,60,0.8833333333333333
h035,63,3.8253968253968256,2026-08-18,70,0.9
h036,32,3.71875,2026-08-18,40,0.8
h037,28,4.178571428571429,2026-08-18,40,0.7
h038,26,3.6538461538461537,2026-08-18,30,0.8666666666666667
h039,69,3.753623188405797,2026-08-18,70,0.9857142857142858
h040,41,3.658536585365854,2026-08-18,50,0.82
h041,34,3.823529411764706,2026-08-18,40,0.85
h042,50,3.7,2026-08-18,50,1.0
h043,54,3.814814814814815,2026-08-18,60,0.9
h044,45,3.7777777777777777,2026-08-18,50,0.9
h045,50,4.02,2026-08-18,50,1.0
h046,44,4.204545454545454,2026-08-18,50,0.88
h047,31,3.6129032258064515,2026-08-18,40,0.775
h048,33,4.03030303030303,2026-08-18,40,0.825
h049,47,4.0638297872340425,2026-08-18,60,0.7833333333333333
h050,38,3.763157894736842,2026-08-18,40,0.95
h001,63,3.7936507936507935,2026-08-19,70,0.9
h002,25,3.68,2026-08-19,30,0.8333333333333334
h003,33,3.757575757575758,2026-08-19,40,0.825
h004,35,4.057142857142857,2026-08-19,40,0.875
h005,38,3.8157894736842106,2026-08-19,40,0.95
h006,57,3.6842105263157894,2026-08-19,70,0.8142857142857143
h007,33,3.878787878787879,2026-08-19,40,0.825
h008,39,4.051282051282051,2026-08-19,40,0.975
h009,39,3.8205128205128207,2026-08-19,50,0.78
h010,39,3.9743589743589745,2026-08-19,40,0.975
h011,51,4.254901960784314,2026-08-19,60,0.85
h012,38,4.131578947368421,2026-08-19,50,0.76
h013,45,3.888888888888889,2026-08-19,50,0.9
h014,49,3.7755102040816326,2026-08-19,60,0.8166666666666667
h015,58,3.793103448275862,2026-08-19,60,0.9666666666666667
h016,77,3.7532467532467533,2026-08-19,80,0.9625
h017,48,3.9791666666666665,2026-08-19,50,0.96
h018,59,3.7796610169491527,2026-08-19,60,0.9833333333333333
h019,46,3.6739130434782608,2026-08-19,50,0.92
h020,50,3.84,2026-08-19,60,0.8333333333333334
h021,48,3.9166666666666665,2026-08-19,50,0.96
h022,27,3.4814814814814814,2026-08-19,30,0.9
h023,26,4.115384615384615,2026-08-19,30,0.8666666666666667
h024,51,3.627450980392157,2026-08-19,60,0.85
h025,40,3.7,2026-08-19,40,1.0
h026,45,4.022222222222222,2026-08-19,50,0.9
h027,57,3.9649122807017543,2026-08-19,60,0.95
h028,39,3.769230769230769,2026-08-19,40,0.975
h029,24,3.5,2026-08-19,30,0.8
h030,52,3.673076923076923,2026-08-19,60,0.8666666666666667
h031,56,4.053571428571429,2026-08-19,60,0.9333333333333333
h032,40,3.825,2026-08-19,40,1.0
h033,27,3.8518518518518516,2026-08-19,40,0.675
h034,53,3.943396226415094,2026-08-19,60,0.8833333333333333
h035,63,3.8253968253968256,2026-08-19,70,0.9
h036,32,3.71875,2026-08-19,40,0.8
h037,28,4.178571428571429,2026-08-19,40,0.7
h038,26,3.6538461538461537,2026-08-19,30,0.8666666666666667
h039,69,3.753623188405797,2026-08-19,70,0.9857142857142858
h040,41,3.658536585365854,2026-08-19,50,0.82
h041,34,3.823529411764706,2026-08-19,40,0.85
h042,50,3.7,2026-08-19,50,1.0
h043,54,3.814814814814815,2026-08-19,60,0.9
h044,45,3.7777777777777777,2026-08-19,50,0.9
h045,50,4.02,2026-08-19,50,1.0
h046,44,4.204545454545454,2026-08-19,50,0.88
h047,31,3.6129032258064515,2026-08-19,40,0.775
h048,33,4.03030303030303,2026-08-19,40,0.825
h049,47,4.0638297872340425,2026-08-19,60,0.7833333333333333
h050,39,3.7435897435897436,2026-08-19,40,0.975
h001,63,3.7936507936507935,2026-08-20,70,0.9
h002,25,3.68,2026-08-20,30,0.8333333333333334
h003,33,3.757575757575758,2026-08-20,40,0.825
h004,35,4.057142857142857,2026-08-20,40,0.875
h005,38,3.8157894736842106,2026-08-20,40,0.95
h006,57,3.6842105263157894,2026-08-20,70,0.8142857142857143
h007,33,3.878787878787879,2026-08-20,40,0.825
h008,39,4.051282051282051,2026-08-20,40,0.975
h009,39,3.8205128205128207,2026-08-20,50,0.78
h010,39,3.9743589743589745,2026-08-20,40,0.975
h011,51,4.254901960784314,2026-08-20,60,0.85
h012,38,4.131578947368421,2026-08-20,50,0.76
h013,45,3.888888888888889,2026-08-20,50,0.9
h014,48,3.75,2026-08-20,60,0.8
h015,58,3.793103448275862,2026-08-20,60,0.9666666666666667
h016,77,3.7532467532467533,2026-08-20,80,0.9625
h017,48,3.9791666666666665,2026-08-20,50,0.96
h018,59,3.7796610169491527,2026-08-20,60,0.9833333333333333
h019,46,3.6739130434782608,2026-08-20,50,0.92
h020,50,3.84,2026-08-20,60,0.8333333333333334
h021,48,3.9166666666666665,2026-08-20,50,0.96
h022,26,3.5,2026-08-20,30,0.8666666666666667
h023,26,4.115384615384615,2026-08-20,30,0.8666666666666667
h024,51,3.627450980392157,2026-08-20,60,0.85
h025,40,3.7,2026-08-20,40,1.0
h026,45,4.022222222222222,2026-08-20,50,0.9
h027,57,3.9649122807017543,2026-08-20,60,0.95
h028,39,3.769230769230769,2026-08-20,40,0.975
h029,24,3.5,2026-08-20,30,0.8
h030,52,3.673076923076923,2026-08-20,60,0.8666666666666667
h031,56,4.053571428571429,2026-08-20,60,0.9333333333333333
h032,40,3.825,2026-08-20,40,1.0
h033,27,3.8518518518518516,2026-08-20,40,0.675
h034,53,3.943396226415094,2026-08-20,60,0.8833333333333333
h035,63,3.8253968253968256,2026-08-20,70,0.9
h036,32,3.71875,2026-08-20,40,0.8
h037,28,4.178571428571429,2026-08-20,40,0.7
h038,26,3.6538461538461537,2026-08-20,30,0.8666666666666667
h039,69,3.753623188405797,2026-08-20,70,0.9857142857142858
h040,41,3.658536585365854,2026-08-20,50,0.82
h041,34,3.823529411764706,2026-08-20,40,0.85
h042,50,3.7,2026-08-20,50,1.0
h043,54,3.8333333333333335,2026-08-20,60,0.9
h044,45,3.7777777777777777,2026-08-20,50,0.9
h045,50,4.02,2026-08-20,50,1.0
h046,44,4.204545454545454,2026-08-20,50,0.88
h047,31,3.6129032258064515,2026-08-20,40,0.775
h048,33,4.03030303030303,2026-08-20,40,0.825
h049,47,4.0638297872340425,2026-08-20,60,0.7833333333333333
h050,39,3.7435897435897436,2026-08-20,40,0.975
h001,63,3.7936507936507935,2026-08-21,70,0.9
h002,25,3.68,2026-08-21,30,0.8333333333333334
h003,33,3.757575757575758,2026-08-21,40,0.825
h004,34,4.0588235294117645,2026-08-21,40,0.85
h005,38,3.8157894736842106,2026-08-21,40,0.95
h006,57,3.6842105263157894,2026-08-21,70,0.8142857142857143
h007,33,3.878787878787879,2026-08-21,40,0.825
h008,39,4.051282051282051,2026-08-21,40,0.975
h009,39,3.8205128205128207,2026-08-21,50,0.78
h010,39,3.9743589743589745,2026-08-21,40,0.975
h011,51,4.254901960784314,2026-08-21,60,0.85
h012,38,4.131578947368421,2026-08-21,50,0.76
h013,45,3.888888888888889,2026-08-21,50,0.9
h014,48,3.75,2026-08-21,60,0.8
h015,58,3.793103448275862,2026-08-21,60,0.9666666666666667
h016,77,3.7532467532467533,2026-08-21,80,0.9625
h017,48,3.9791666666666665,2026-08-21,50,0.96
h018,59,3.7796610169491527,2026-08-21,60,0.9833333333333333
h019,46,3.6739130434782608,2026-08-21,50,0.92
h020,50,3.84,2026-08-21,60,0.8333333333333334
h021,48,3.9166666666666665,2026-08-21,50,0.96
h022,26,3.5,2026-08-21,30,0.8666666666666667
h023,26,4.115384615384615,2026-08-21,30,0.8666666666666667
h024,51,3.627450980392157,2026-08-21,60,0.85
h025,40,3.7,2026-08-21,40,1.0
h026,45,4.022222222222222,2026-08-21,50,0.9
h027,57,3.9649122807017543,2026-08-21,60,0.95
h028,39,3.769230769230769,2026-08-21,40,0.975
h029,24,3.5,2026-08-21,30,0.8
h030,52,3.673076923076923,2026-08-21,60,0.8666666666666667
h031,56,4.053571428571429,2026-08-21,60,0.9333333333333333
h032,40,3.825,2026-08-21,40,1.0
h033,27,3.8518518518518516,2026-08-21,40,0.675
h034,53,3.943396226415094,2026-08-21,60,0.8833333333333333
h035,63,3.8253968253968256,2026-08-21,70,0.9
h036,32,3.71875,2026-08-21,40,0.8
h037,28,4.178571428571429,2026-08-21,40,0.7
h038,26,3.6538461538461537,2026-08-21,30,0.8666666666666667
h039,70,3.7857142857142856,2026-08-21,70,1.0
h040,41,3.658536585365854,2026-08-21,50,0.82
h041,34,3.823529411764706,2026-08-21,40,0.85
h042,50,3.7,2026-08-21,50,1.0
h043,53,3.830188679245283,2026-08-21,60,0.8833333333333333
h044,45,3.7777777777777777,2026-08-21,50,0.9
h045,50,4.02,2026-08-21,50,1.0
h046,44,4.204545454545454,2026-08-21,50,0.88
h047,30,3.6,2026-08-21,40,0.75
h048,33,4.03030303030303,2026-08-21,40,0.825
h049,47,4.0638297872340425,2026-08-21,60,0.7833333333333333
h050,39,3.7435897435897436,2026-08-21,40,0.975
h001,63,3.7936507936507935,2026-08-22,70,0.9
h002,25,3.68,2026-08-22,30,0.8333333333333334
h003,33,3.757575757575758,2026-08-22,40,0.825
h004,34,4.0588235294117645,2026-08-22,40,0.85
h005,38,3.8157894736842106,2026-08-22,40,0.95
h006,57,3.6842105263157894,2026-08-22,70,0.8142857142857143
h007,33,3.878787878787879,2026-08-22,40,0.825
h008,39,4.051282051282051,2026-08-22,40,0.975
h009,39,3.8205128205128207,2026-08-22,50,0.78
h010,39,3.9743589743589745,2026-08-22,40,0.975
h011,51,4.254901960784314,2026-08-22,60,0.85
h012,37,4.081081081081081,2026-08-22,50,0.74
h013,45,3.888888888888889,2026-08-22,50,0.9
h014,48,3.75,2026-08-22,60,0.8
h015,58,3.793103448275862,2026-08-22,60,0.9666666666666667
h016,77,3.7532467532467533,2026-08-22,80,0.9625
h017,48,3.9791666666666665,2026-08-22,50,0.96
h018,59,3.7796610169491527,2026-08-22,60,0.9833333333333333
h019,46,3.6739130434782608,2026-08-22,50,0.92
h020,50,3.84,2026-08-22,60,0.8333333333333334
h021,48,3.9166666666666665,2026-08-22,50,0.96
h022,26,3.5,2026-08-22,30,0.8666666666666667
h023,26,4.115384615384615,2026-08-22,30,0.8666666666666667
h024,51,3.627450980392157,2026-08-22,60,0.85
h025,40,3.7,2026-08-22,40,1.0
h026,45,4.022222222222222,2026-08-22,50,0.9
h027,57,3.9649122807017543,2026-08-22,60,0.95
h028,39,3.769230769230769,2026-08-22,40,0.975
h029,24,3.5,2026-08-22,30,0.8
h030,52,3.673076923076923,2026-08-22,60,0.8666666666666667
h031,56,4.053571428571429,2026-08-22,60,0.9333333333333333
h032,40,3.825,2026-08-22,40,1.0
h033,27,3.8518518518518516,2026-08-22,40,0.675
h034,53,3.943396226415094,2026-08-22,60,0.8833333333333333
h035,62,3.8225806451612905,2026-08-22,70,0.8857142857142857
h036,32,3.71875,2026-08-22,40,0.8
h037,28,4.178571428571429,2026-08-22,40,0.7
h038,26,3.6538461538461537,2026-08-22,30,0.8666666666666667
h039,70,3.7857142857142856,2026-08-22,70,1.0
h040,41,3.658536585365854,2026-08-22,50,0.82
h041,34,3.823529411764706,2026-08-22,40,0.85
h042,50,3.7,2026-08-22,50,1.0
h043,53,3.830188679245283,2026-08-22,60,0.8833333333333333
h044,45,3.7777777777777777,2026-08-22,50,0.9
h045,50,4.02,2026-08-22,50,1.0
h046,44,4.204545454545454,2026-08-22,50,0.88
h047,31,3.5806451612903225,2026-08-22,40,0.775
h048,33,4.03030303030303,2026-08-22,40,0.825
h049,47,4.0638297872340425,2026-08-22,60,0.7833333333333333
h050,39,3.7435897435897436,2026-08-22,40,0.975
h001,63,3.7936507936507935,2026-08-23,70,0.9
h002,25,3.68,2026-08-23,30,0.8333333333333334
h003,33,3.757575757575758,2026-08-23,40,0.825
h004,34,4.0588235294117645,2026-08-23,40,0.85
h005,38,3.8157894736842106,2026-08-23,40,0.95
h006,57,3.6842105263157894,2026-08-23,70,0.8142857142857143
h007,33,3.878787878787879,2026-08-23,40,0.825
h008,39,4.051282051282051,2026-08-23,40,0.975
h009,39,3.8205128205128207,2026-08-23,50,0.78
h010,39,3.9743589743589745,2026-08-23,40,0.975
h011,51,4.254901960784314,2026-08-23,60,0.85
h012,37,4.081081081081081,2026-08-23,50,0.74
h013,45,3.888888888888889,2026-08-23,50,0.9
h014,48,3.75,2026-08-23,60,0.8
h015,58,3.793103448275862,2026-08-23,60,0.9666666666666667
h016,77,3.7532467532467533,2026-08-23,80,0.9625
h017,48,3.9791666666666665,2026-08-23,50,0.96
h018,59,3.7796610169491527,2026-08-23,60,0.9833333333333333
h019,46,3.6739130434782608,2026-08-23,50,0.92
h020,50,3.84,2026-08-23,60,0.8333333333333334
h021,48,3.9166666666666665,2026-08-23,50,0.96
h022,26,3.5,2026-08-23,30,0.8666666666666667
h023,26,4.115384615384615,2026-08-23,30,0.8666666666666667
h024,51,3.627450980392157,2026-08-23,60,0.85
h025,40,3.7,2026-08-23,40,1.0
h026,45,4.022222222222222,2026-08-23,50,0.9
h027,57,3.9649122807017543,2026-08-23,60,0.95
h028,39,3.769230769230769,2026-08-23,40,0.975
h029,24,3.5,2026-08-23,30,0.8
h030,52,3.673076923076923,2026-08-23,60,0.8666666666666667
h031,56,4.053571428571429,2026-08-23,60,0.9333333333333333
h032,40,3.825,2026-08-23,40,1.0
h033,27,3.8518518518518516,2026-08-23,40,0.675
h034,53,3.943396226415094,2026-08-23,60,0.8833333333333333
h035,62,3.8225806451612905,2026-08-23,70,0.8857142857142857
h036,31,3.6451612903225805,2026-08-23,40,0.775
h037,28,4.178571428571429,2026-08-23,40,0.7
h038,26,3.6538461538461537,2026-08-23,30,0.8666666666666667
h039,70,3.7857142857142856,2026-08-23,70,1.0
h040,41,3.658536585365854,2026-08-23,50,0.82
h041,34,3.823529411764706,2026-08-23,40,0.85
h042,50,3.7,2026-08-23,50,1.0
h043,53,3.830188679245283,2026-08-23,60,0.8833333333333333
h044,45,3.7777777777777777,2026-08-23,50,0.9
h045,50,4.02,2026-08-23,50,1.0
h046,44,4.204545454545454,2026-08-23,50,0.88
h047,31,3.5806451612903225,2026-08-23,40,0.775
h048,33,4.03030303030303,2026-08-23,40,0.825
h049,47,4.0638297872340425,2026-08-23,60,0.7833333333333333
h050,39,3.7435897435897436,2026-08-23,40,0.975
h001,63,3.7936507936507935,2026-08-24,70,0.9
h002,25,3.68,2026-08-24,30,0.8333333333333334
h003,34,3.7941176470588234,2026-08-24,40,0.85
h004,34,4.0588235294117645,2026-08-24,40,0.85
h005,38,3.8157894736842106,2026-08-24,40,0.95
h006,57,3.6842105263157894,2026-08-24,70,0.8142857142857143
h007,34,3.9411764705882355,2026-08-24,40,0.85
h008,39,4.051282051282051,2026-08-24,40,0.975
h009,39,3.8205128205128207,2026-08-24,50,0.78
h010,39,3.9743589743589745,2026-08-24,40,0.975
h011,51,4.254901960784314,2026-08-24,60,0.85
h012,37,4.081081081081081,2026-08-24,50,0.74
h013,45,3.888888888888889,2026-08-24,50,0.9
h014,48,3.75,2026-08-24,60,0.8
h015,58,3.793103448275862,2026-08-24,60,0.9666666666666667
h016,77,3.7532467532467533,2026-08-24,80,0.9625
h017,48,3.9791666666666665,2026-08-24,50,0.96
h018,59,3.7796610169491527,2026-08-24,60,0.9833333333333333
h019,46,3.6739130434782608,2026-08-24,50,0.92
h020,50,3.84,2026-08-24,60,0.8333333333333334
h021,48,3.9166666666666665,2026-08-24,50,0.96
h022,26,3.5,2026-08-24,30,0.8666666666666667
h023,26,4.115384615384615,2026-08-24,30,0.8666666666666667
h024,51,3.627450980392157,2026-08-24,60,0.85
h025,40,3.7,2026-08-24,40,1.0
h026,44,4.045454545454546,2026-08-24,50,0.88
h027,57,3.9649122807017543,2026-08-24,60,0.95
h028,39,3.769230769230769,2026-08-24,40,0.975
h029,24,3.5,2026-08-24,30,0.8
h030,52,3.673076923076923,2026-08-24,60,0.8666666666666667
h031,56,4.053571428571429,2026-08-24,60,0.9333333333333333
h032,40,3.825,2026-08-24,40,1.0
h033,27,3.8518518518518516,2026-08-24,40,0.675
h034,53,3.943396226415094,2026-08-24,60,0.8833333333333333
h035,62,3.8225806451612905,2026-08-24,70,0.8857142857142857
h036,31,3.6451612903225805,2026-08-24,40,0.775
h037,28,4.178571428571429,2026-08-24,40,0.7
h038,26,3.6538461538461537,2026-08-24,30,0.8666666666666667
h039,70,3.7857142857142856,2026-08-24,70,1.0
h040,42,3.619047619047619,2026-08-24,50,0.84
h041,34,3.823529411764706,2026-08-24,40,0.85
h042,50,3.7,2026-08-24,50,1.0
h043,53,3.830188679245283,2026-08-24,60,0.8833333333333333
h044,45,3.7777777777777777,2026-08-24,50,0.9
h045,50,4.02,2026-08-24,50,1.0
h046,44,4.204545454545454,2026-08-24,50,0.88
h047,31,3.5806451612903225,2026-08-24,40,0.775
h048,33,4.03030303030303,2026-08-24,40,0.825
h049,47,4.0638297872340425,2026-08-24,60,0.7833333333333333
h050,39,3.7435897435897436,2026-08-24,40,0.975
h001,63,3.7936507936507935,2026-08-25,70,0.9
h002,25,3.68,2026-08-25,30,0.8333333333333334
h003,34,3.7941176470588234,2026-08-25,40,0.85
h004,34,4.0588235294117645,2026-08-25,40,0.85
h005,38,3.8157894736842106,2026-08-25,40,0.95
h006,57,3.6842105263157894,2026-08-25,70,0.8142857142857143
h007,34,3.9411764705882355,2026-08-25,40,0.85
h008,39,4.051282051282051,2026-08-25,40,0.975
h009,39,3.8205128205128207,2026-08-25,50,0.78
h010,39,3.9743589743589745,2026-08-25,40,0.975
h011,50,4.24,2026-08-25,60,0.8333333333333334
h012,37,4.081081081081081,2026-08-25,50,0.74
h013,45,3.888888888888889,2026-08-25,50,0.9
h014,48,3.75,2026-08-25,60,0.8
h015,58,3.793103448275862,2026-08-25,60,0.9666666666666667
h016,77,3.7532467532467533,2026-08-25,80,0.9625
h017,48,3.9791666666666665,2026-08-25,50,0.96
h018,59,3.7796610169491527,2026-08-25,60,0.9833333333333333
h019,46,3.6739130434782608,2026-08-25,50,0.92
h020,50,3.84,2026-08-25,60,0.8333333333333334
h021,48,3.9166666666666665,2026-08-25,50,0.96
h022,26,3.5,2026-08-25,30,0.8666666666666667
h023,26,4.115384615384615,2026-08-25,30,0.8666666666666667
h024,51,3.627450980392157,2026-08-25,60,0.85
h025,40,3.7,2026-08-25,40,1.0
h026,44,4.045454545454546,2026-08-25,50,0.88
h027,57,3.9649122807017543,2026-08-25,60,0.95
h028,39,3.769230769230769,2026-08-25,40,0.975
h029,24,3.5,2026-08-25,30,0.8
h030,52,3.673076923076923,2026-08-25,60,0.8666666666666667
h031,56,4.053571428571429,2026-08-25,60,0.9333333333333333
h032,40,3.825,2026-08-25,40,1.0
h033,26,3.8846153846153846,2026-08-25,40,0.65
h034,53,3.943396226415094,2026-08-25,60,0.8833333333333333
h035,62,3.8225806451612905,2026-08-25,70,0.8857142857142857
h036,31,3.6451612903225805,2026-08-25,40,0.775
h037,28,4.178571428571429,2026-08-25,40,0.7
h038,26,3.6538461538461537,2026-08-25,30,0.8666666666666667
h039,69,3.7681159420289854,2026-08-25,70,0.9857142857142858
h040,42,3.619047619047619,2026-08-25,50,0.84
h041,34,3.823529411764706,2026-08-25,40,0.85
h042,50,3.7,2026-08-25,50,1.0
h043,53,3.830188679245283,2026-08-25,60,0.8833333333333333
h044,45,3.7777777777777777,2026-08-25,50,0.9
h045,49,4.020408163265306,2026-08-25,50,0.98
h046,44,4.204545454545454,2026-08-25,50,0.88
h047,31,3.5806451612903225,2026-08-25,40,0.775
h048,33,4.03030303030303,2026-08-25,40,0.825
h049,47,4.0638297872340425,2026-08-25,60,0.7833333333333333
h050,39,3.7435897435897436,2026-08-25,40,0.975
h001,62,3.774193548387097,2026-08-26,70,0.8857142857142857
h002,25,3.68,2026-08-26,30,0.8333333333333334
h003,35,3.742857142857143,2026-08-26,40,0.875
h004,34,4.0588235294117645,2026-08-26,40,0.85
h005,38,3.8157894736842106,2026-08-26,40,0.95
h006,57,3.6842105263157894,2026-08-26,70,0.8142857142857143
h007,34,3.9411764705882355,2026-08-26,40,0.85
h008,39,4.051282051282051,2026-08-26,40,0.975
h009,38,3.8421052631578947,2026-08-26,50,0.76
h010,39,3.9743589743589745,2026-08-26,40,0.975
h011,50,4.24,2026-08-26,60,0.8333333333333334
h012,38,4.078947368421052,2026-08-26,50,0.76
h013,45,3.888888888888889,2026-08-26,50,0.9
h014,48,3.75,2026-08-26,60,0.8
h015,58,3.793103448275862,2026-08-26,60,0.9666666666666667
h016,76,3.776315789473684,2026-08-26,80,0.95
h017,48,3.9791666666666665,2026-08-26,50,0.96
h018,59,3.7796610169491527,2026-08-26,60,0.9833333333333333
h019,46,3.6739130434782608,2026-08-26,50,0.92
h020,50,3.84,2026-08-26,60,0.8333333333333334
h021,48,3.9166666666666665,2026-08-26,50,0.96
h022,26,3.5,2026-08-26,30,0.8666666666666667
h023,26,4.115384615384615,2026-08-26,30,0.8666666666666667
h024,50,3.6,2026-08-26,60,0.8333333333333334
h025,40,3.7,2026-08-26,40,1.0
h026,44,4.045454545454546,2026-08-26,50,0.88
h027,57,3.9649122807017543,2026-08-26,60,0.95
h028,39,3.769230769230769,2026-08-26,40,0.975
h029,24,3.5,2026-08-26,30,0.8
h030,52,3.673076923076923,2026-08-26,60,0.8666666666666667
h031,56,4.053571428571429,2026-08-26,60,0.9333333333333333
h032,40,3.825,2026-08-26,40,1.0
h033,26,3.8846153846153846,2026-08-26,40,0.65
h034,53,3.943396226415094,2026-08-26,60,0.8833333333333333
h035,62,3.8225806451612905,2026-08-26,70,0.8857142857142857
h036,31,3.6451612903225805,2026-08-26,40,0.775
h037,28,4.178571428571429,2026-08-26,40,0.7
h038,26,3.6538461538461537,2026-08-26,30,0.8666666666666667
h039,69,3.7681159420289854,2026-08-26,70,0.9857142857142858
h040,42,3.619047619047619,2026-08-26,50,0.84
h041,34,3.823529411764706,2026-08-26,40,0.85
h042,50,3.7,2026-08-26,50,1.0
h043,53,3.830188679245283,2026-08-26,60,0.8833333333333333
h044,45,3.7777777777777777,2026-08-26,50,0.9
h045,49,4.020408163265306,2026-08-26,50,0.98
h046,44,4.204545454545454,2026-08-26,50,0.88
h047,31,3.5806451612903225,2026-08-26,40,0.775
h048,33,4.03030303030303,2026-08-26,40,0.825
h049,47,4.0638297872340425,2026-08-26,60,0.7833333333333333
h050,39,3.7435897435897436,2026-08-26,40,0.975
h001,62,3.774193548387097,2026-08-27,70,0.8857142857142857
h002,25,3.68,2026-08-27,30,0.8333333333333334
h003,35,3.742857142857143,2026-08-27,40,0.875
h004,34,4.0588235294117645,2026-08-27,40,0.85
h005,38,3.8157894736842106,2026-08-27,40,0.95
h006,57,3.6842105263157894,2026-08-27,70,0.8142857142857143
h007,34,3.9411764705882355,2026-08-27,40,0.85
h008,39,4.051282051282051,2026-08-27,40,0.975
h009,38,3.8421052631578947,2026-08-27,50,0.76
h010,39,3.9743589743589745,2026-08-27,40,0.975
h011,50,4.24,2026-08-27,60,0.8333333333333334
h012,38,4.078947368421052,2026-08-27,50,0.76
h013,44,3.8863636363636362,2026-08-27,50,0.88
h014,48,3.75,2026-08-27,60,0.8
h015,58,3.793103448275862,2026-08-27,60,0.9666666666666667
h016,76,3.776315789473684,2026-08-27,80,0.95
h017,48,3.9791666666666665,2026-08-27,50,0.96
h018,59,3.7796610169491527,2026-08-27,60,0.9833333333333333
h019,46,3.6739130434782608,2026-08-27,50,0.92
h020,50,3.84,2026-08-27,60,0.8333333333333334
h021,48,3.9166666666666665,2026-08-27,50,0.96
h022,26,3.5,2026-08-27,30,0.8666666666666667
h023,26,4.115384615384615,2026-08-27,30,0.8666666666666667
h024,50,3.6,2026-08-27,60,0.8333333333333334
h025,40,3.7,2026-08-27,40,1.0
h026,44,4.045454545454546,2026-08-27,50,0.88
h027,57,3.9649122807017543,2026-08-27,60,0.95
h028,39,3.769230769230769,2026-08-27,40,0.975
h029,24,3.5,2026-08-27,30,0.8
h030,52,3.673076923076923,2026-08-27,60,0.8666666666666667
h031,56,4.053571428571429,2026-08-27,60,0.9333333333333333
h032,40,3.825,2026-08-27,40,1.0
h033,26,3.8846153846153846,2026-08-27,40,0.65
h034,52,3.9423076923076925,2026-08-27,60,0.8666666666666667
h035,62,3.8225806451612905,2026-08-27,70,0.8857142857142857
h036,31,3.6451612903225805,2026-08-27,40,0.775
h037,28,4.178571428571429,2026-08-27,40,0.7
h038,26,3.6538461538461537,2026-08-27,30,0.8666666666666667
h039,69,3.7681159420289854,2026-08-27,70,0.9857142857142858
h040,42,3.619047619047619,2026-08-27,50,0.84
h041,34,3.823529411764706,2026-08-27,40,0.85
h042,50,3.7,2026-08-27,50,1.0
h043,53,3.830188679245283,2026-08-27,60,0.8833333333333333
h044,45,3.7777777777777777,2026-08-27,50,0.9
h045,49,4.020408163265306,2026-08-27,50,0.98
h046,44,4.204545454545454,2026-08-27,50,0.88
h047,31,3.5806451612903225,2026-08-27,40,0.775
h048,33,4.03030303030303,2026-08-27,40,0.825
h049,47,4.0638297872340425,2026-08-27,60,0.7833333333333333
h050,40,3.8,2026-08-27,40,1.0
h001,62,3.774193548387097,2026-08-28,70,0.8857142857142857
h002,25,3.68,2026-08-28,30,0.8333333333333334
h003,35,3.742857142857143,2026-08-28,40,0.875
h004,33,4.121212121212121,2026-08-28,40,0.825
h005,39,3.8205128205128207,2026-08-28,40,0.975
h006,57,3.6842105263157894,2026-08-28,70,0.8142857142857143
h007,34,3.9411764705882355,2026-08-28,40,0.85
h008,39,4.051282051282051,2026-08-28,40,0.975
h009,38,3.8421052631578947,2026-08-28,50,0.76
h010,39,3.9743589743589745,2026-08-28,40,0.975
h011,50,4.24,2026-08-28,60,0.8333333333333334
h012,38,4.078947368421052,2026-08-28,50,0.76
h013,44,3.8863636363636362,2026-08-28,50,0.88
h014,48,3.75,2026-08-28,60,0.8
h015,58,3.793103448275862,2026-08-28,60,0.9666666666666667
h016,75,3.8133333333333335,2026-08-28,80,0.9375
h017,48,3.9791666666666665,2026-08-28,50,0.96
h018,59,3.7796610169491527,2026-08-28,60,0.9833333333333333
h019,46,3.6739130434782608,2026-08-28,50,0.92
h020,50,3.84,2026-08-28,60,0.8333333333333334
h021,48,3.9166666666666665,2026-08-28,50,0.96
h022,27,3.5185185185185186,2026-08-28,30,0.9
h023,26,4.115384615384615,2026-08-28,30,0.8666666666666667
h024,50,3.6,2026-08-28,60,0.8333333333333334
h025,40,3.7,2026-08-28,40,1.0
h026,44,4.045454545454546,2026-08-28,50,0.88
h027,57,3.9649122807017543,2026-08-28,60,0.95
h028,39,3.769230769230769,2026-08-28,40,0.975
h029,24,3.5,2026-08-28,30,0.8
h030,53,3.69811320754717,2026-08-28,60,0.8833333333333333
h031,56,4.053571428571429,2026-08-28,60,0.9333333333333333
h032,40,3.825,2026-08-28,40,1.0
h033,26,3.8846153846153846,2026-08-28,40,0.65
h034,52,3.9423076923076925,2026-08-28,60,0.8666666666666667
h035,62,3.8225806451612905,2026-08-28,70,0.8857142857142857
h036,31,3.6451612903225805,2026-08-28,40,0.775
h037,28,4.178571428571429,2026-08-28,40,0.7
h038,26,3.6538461538461537,2026-08-28,30,0.8666666666666667
h039,69,3.7681159420289854,2026-08-28,70,0.9857142857142858
h040,42,3.619047619047619,2026-08-28,50,0.84
h041,34,3.823529411764706,2026-08-28,40,0.85
h042,49,3.7142857142857144,2026-08-28,50,0.98
h043,52,3.826923076923077,2026-08-28,60,0.8666666666666667
h044,45,3.7777777777777777,2026-08-28,50,0.9
h045,49,4.020408163265306,2026-08-28,50,0.98
h046,44,4.204545454545454,2026-08-28,50,0.88
h047,30,3.6666666666666665,2026-08-28,40,0.75
h048,33,4.03030303030303,2026-08-28,40,0.825
h049,47,4.0638297872340425,2026-08-28,60,0.7833333333333333
h050,40,3.8,2026-08-28,40,1.0
h001,62,3.774193548387097,2026-08-29,70,0.8857142857142857
h002,25,3.68,2026-08-29,30,0.8333333333333334
h003,35,3.742857142857143,2026-08-29,40,0.875
h004,33,4.121212121212121,2026-08-29,40,0.825
h005,39,3.8205128205128207,2026-08-29,40,0.975
h006,57,3.6842105263157894,2026-08-29,70,0.8142857142857143
h007,34,3.9411764705882355,2026-08-29,40,0.85
h008,39,4.051282051282051,2026-08-29,40,0.975
h009,38,3.8421052631578947,2026-08-29,50,0.76
h010,39,3.9743589743589745,2026-08-29,40,0.975
h011,51,4.254901960784314,2026-08-29,60,0.85
h012,38,4.078947368421052,2026-08-29,50,0.76
h013,44,3.8863636363636362,2026-08-29,50,0.88
h014,48,3.75,2026-08-29,60,0.8
h015,58,3.793103448275862,2026-08-29,60,0.9666666666666667
h016,75,3.8133333333333335,2026-08-29,80,0.9375
h017,48,3.9791666666666665,2026-08-29,50,0.96
h018,59,3.7796610169491527,2026-08-29,60,0.9833333333333333
h019,46,3.6739130434782608,2026-08-29,50,0.92
h020,50,3.84,2026-08-29,60,0.8333333333333334
h021,48,3.9166666666666665,2026-08-29,50,0.96
h022,27,3.5185185185185186,2026-08-29,30,0.9
h023,26,4.115384615384615,2026-08-29,30,0.8666666666666667
h024,50,3.6,2026-08-29,60,0.8333333333333334
h025,40,3.7,2026-08-29,40,1.0
h026,44,4.045454545454546,2026-08-29,50,0.88
h027,57,3.9649122807017543,2026-08-29,60,0.95
h028,39,3.769230769230769,2026-08-29,40,0.975
h029,24,3.5,2026-08-29,30,0.8
h030,53,3.69811320754717,2026-08-29,60,0.8833333333333333
h031,56,4.053571428571429,2026-08-29,60,0.9333333333333333
h032,40,3.825,2026-08-29,40,1.0
h033,26,3.8846153846153846,2026-08-29,40,0.65
h034,52,3.9423076923076925,2026-08-29,60,0.8666666666666667
h035,62,3.8225806451612905,2026-08-29,70,0.8857142857142857
h036,31,3.6451612903225805,2026-08-29,40,0.775
h037,28,4.178571428571429,2026-08-29,40,0.7
h038,27,3.6296296296296298,2026-08-29,30,0.9
h039,69,3.7681159420289854,2026-08-29,70,0.9857142857142858
h040,42,3.619047619047619,2026-08-29,50,0.84
h041,34,3.823529411764706,2026-08-29,40,0.85
h042,49,3.7142857142857144,2026-08-29,50,0.98
h043,52,3.826923076923077,2026-08-29,60,0.8666666666666667
h044,45,3.7777777777777777,2026-08-29,50,0.9
h045,49,4.020408163265306,2026-08-29,50,0.98
h046,44,4.204545454545454,2026-08-29,50,0.88
h047,30,3.6666666666666665,2026-08-29,40,0.75
h048,33,4.03030303030303,2026-08-29,40,0.825
h049,47,4.0638297872340425,2026-08-29,60,0.7833333333333333
h050,40,3.8,2026-08-29,40,1.0
h001,62,3.774193548387097,2026-08-30,70,0.8857142857142857
h002,25,3.68,2026-08-30,30,0.8333333333333334
h003,35,3.742857142857143,2026-08-30,40,0.875
h004,33,4.121212121212121,2026-08-30,40,0.825
h005,39,3.8205128205128207,2026-08-30,40,0.975
h006,57,3.6842105263157894,2026-08-30,70,0.8142857142857143
h007,34,3.9411764705882355,2026-08-30,40,0.85
h008,39,4.051282051282051,2026-08-30,40,0.975
h009,38,3.8421052631578947,2026-08-30,50,0.76
h010,40,4.025,2026-08-30,40,1.0
h011,51,4.254901960784314,2026-08-30,60,0.85
h012,38,4.078947368421052,2026-08-30,50,0.76
h013,44,3.8863636363636362,2026-08-30,50,0.88
h014,48,3.75,2026-08-30,60,0.8
h015,58,3.793103448275862,2026-08-30,60,0.9666666666666667
h016,74,3.824324324324324,2026-08-30,80,0.925
h017,48,3.9791666666666665,2026-08-30,50,0.96
h018,59,3.7796610169491527,2026-08-30,60,0.9833333333333333
h019,46,3.6739130434782608,2026-08-30,50,0.92
h020,50,3.84,2026-08-30,60,0.8333333333333334
h021,48,3.9166666666666665,2026-08-30,50,0.96
h022,27,3.5185185185185186,2026-08-30,30,0.9
h023,26,4.115384615384615,2026-08-30,30,0.8666666666666667
h024,50,3.6,2026-08-30,60,0.8333333333333334
h025,40,3.7,2026-08-30,40,1.0
h026,44,4.045454545454546,2026-08-30,50,0.88
h027,57,3.9649122807017543,2026-08-30,60,0.95
h028,39,3.769230769230769,2026-08-30,40,0.975
h029,24,3.5,2026-08-30,30,0.8
h030,53,3.69811320754717,2026-08-30,60,0.8833333333333333
h031,56,4.053571428571429,2026-08-30,60,0.9333333333333333
h032,40,3.825,2026-08-30,40,1.0
h033,26,3.8846153846153846,2026-08-30,40,0.65
h034,51,3.9215686274509802,2026-08-30,60,0.85
h035,62,3.8225806451612905,2026-08-30,70,0.8857142857142857
h036,31,3.6451612903225805,2026-08-30,40,0.775
h037,28,4.178571428571429,2026-08-30,40,0.7
h038,27,3.6296296296296298,2026-08-30,30,0.9
h039,69,3.7681159420289854,2026-08-30,70,0.9857142857142858
h040,42,3.619047619047619,2026-08-30,50,0.84
h041,33,3.8181818181818183,2026-08-30,40,0.825
h042,49,3.7142857142857144,2026-08-30,50,0.98
h043,52,3.826923076923077,2026-08-30,60,0.8666666666666667
h044,45,3.7777777777777777,2026-08-30,50,0.9
h045,49,4.020408163265306,2026-08-30,50,0.98
h046,44,4.204545454545454,2026-08-30,50,0.88
h047,30,3.6666666666666665,2026-08-30,40,0.75
h048,33,4.03030303030303,2026-08-30,40,0.825
h049,47,4.0638297872340425,2026-08-30,60,0.7833333333333333
h050,40,3.8,2026-08-30,40,1.0
h001,62,3.774193548387097,2026-08-31,70,0.8857142857142857
h002,25,3.68,2026-08-31,30,0.8333333333333334
h003,35,3.742857142857143,2026-08-31,40,0.875
h004,33,4.121212121212121,2026-08-31,40,0.825
h005,39,3.8205128205128207,2026-08-31,40,0.975
h006,57,3.6842105263157894,2026-08-31,70,0.8142857142857143
h007,34,3.9411764705882355,2026-08-31,40,0.85
h008,39,4.051282051282051,2026-08-31,40,0.975
h009,38,3.8421052631578947,2026-08-31,50,0.76
h010,40,4.025,2026-08-31,40,1.0
h011,51,4.254901960784314,2026-08-31,60,0.85
h012,38,4.078947368421052,2026-08-31,50,0.76
h013,43,3.9069767441860463,2026-08-31,50,0.86
h014,48,3.75,2026-08-31,60,0.8
h015,58,3.793103448275862,2026-08-31,60,0.9666666666666667
h016,74,3.824324324324324,2026-08-31,80,0.925
h017,48,3.9791666666666665,2026-08-31,50,0.96
h018,59,3.7796610169491527,2026-08-31,60,0.9833333333333333
h019,46,3.6739130434782608,2026-08-31,50,0.92
h020,50,3.84,2026-08-31,60,0.8333333333333334
h021,48,3.9166666666666665,2026-08-31,50,0.96
h022,27,3.5185185185185186,2026-08-31,30,0.9
h023,26,4.115384615384615,2026-08-31,30,0.8666666666666667
h024,50,3.6,2026-08-31,60,0.8333333333333334
h025,40,3.7,2026-08-31,40,1.0
h026,44,4.045454545454546,2026-08-31,50,0.88
h027,57,3.9649122807017543,2026-08-31,60,0.95
h028,39,3.769230769230769,2026-08-31,40,0.975
h029,24,3.5,2026-08-31,30,0.8
h030,53,3.69811320754717,2026-08-31,60,0.8833333333333333
h031,56,4.053571428571429,2026-08-31,60,0.9333333333333333
h032,40,3.825,2026-08-31,40,1.0
h033,26,3.8846153846153846,2026-08-31,40,0.65
h034,51,3.9215686274509802,2026-08-31,60,0.85
h035,62,3.8225806451612905,2026-08-31,70,0.8857142857142857
h036,31,3.6451612903225805,2026-08-31,40,0.775
h037,28,4.178571428571429,2026-08-31,40,0.7
h038,27,3.6296296296296298,2026-08-31,30,0.9
h039,69,3.7681159420289854,2026-08-31,70,0.9857142857142858
h040,42,3.619047619047619,2026-08-31,50,0.84
h041,32,3.90625,2026-08-31,40,0.8
h042,49,3.7142857142857144,2026-08-31,50,0.98
h043,52,3.826923076923077,2026-08-31,60,0.8666666666666667
h044,46,3.8043478260869565,2026-08-31,50,0.92
h045,49,4.020408163265306,2026-08-31,50,0.98
h046,44,4.204545454545454,2026-08-31,50,0.88
h047,30,3.6666666666666665,2026-08-31,40,0.75
h048,33,4.03030303030303,2026-08-31,40,0.825
h049,48,4.0625,2026-08-31,60,0.8
h050,40,3.8,2026-08-31,40,1.0
h001,62,3.774193548387097,2026-09-01,70,0.8857142857142857
h002,25,3.68,2026-09-01,30,0.8333333333333334
h003,35,3.742857142857143,2026-09-01,40,0.875
h004,33,4.121212121212121,2026-09-01,40,0.825
h005,39,3.8205128205128207,2026-09-01,40,0.975
h006,57,3.6842105263157894,2026-09-01,70,0.8142857142857143
h007,34,3.9411764705882355,2026-09-01,40,0.85
h008,39,4.051282051282051,2026-09-01,40,0.975
h009,38,3.8421052631578947,2026-09-01,50,0.76
h010,40,4.025,2026-09-01,40,1.0
h011,51,4.254901960784314,2026-09-01,60,0.85
h012,38,4.078947368421052,2026-09-01,50,0.76
h013,43,3.9069767441860463,2026-09-01,50,0.86
h014,48,3.75,2026-09-01,60,0.8
h015,58,3.793103448275862,2026-09-01,60,0.9666666666666667
h016,75,3.8266666666666667,2026-09-01,80,0.9375
h017,48,3.9791666666666665,2026-09-01,50,0.96
h018,59,3.7796610169491527,2026-09-01,60,0.9833333333333333
h019,45,3.688888888888889,2026-09-01,50,0.9
h020,50,3.84,2026-09-01,60,0.8333333333333334
h021,48,3.9166666666666665,2026-09-01,50,0.96
h022,27,3.5185185185185186,2026-09-01,30,0.9
h023,26,4.115384615384615,2026-09-01,30,0.8666666666666667
h024,50,3.6,2026-09-01,60,0.8333333333333334
h025,40,3.7,2026-09-01,40,1.0
h026,44,4.045454545454546,2026-09-01,50,0.88
h027,57,3.9649122807017543,2026-09-01,60,0.95
h028,39,3.769230769230769,2026-09-01,40,0.975
h029,24,3.5,2026-09-01,30,0.8
h030,53,3.69811320754717,2026-09-01,60,0.8833333333333333
h031,56,4.053571428571429,2026-09-01,60,0.9333333333333333
h032,40,3.825,2026-09-01,40,1.0
h033,26,3.8846153846153846,2026-09-01,40,0.65
h034,51,3.9215686274509802,2026-09-01,60,0.85
h035,62,3.8225806451612905,2026-09-01,70,0.8857142857142857
h036,31,3.6451612903225805,2026-09-01,40,0.775
h037,28,4.178571428571429,2026-09-01,40,0.7
h038,27,3.6296296296296298,2026-09-01,30,0.9
h039,69,3.7681159420289854,2026-09-01,70,0.9857142857142858
h040,42,3.619047619047619,2026-09-01,50,0.84
h041,32,3.90625,2026-09-01,40,0.8
h042,49,3.7142857142857144,2026-09-01,50,0.98
h043,52,3.826923076923077,2026-09-01,60,0.8666666666666667
h044,46,3.8043478260869565,2026-09-01,50,0.92
h045,49,4.020408163265306,2026-09-01,50,0.98
h046,44,4.204545454545454,2026-09-01,50,0.88
h047,30,3.6666666666666665,2026-09-01,40,0.75
h048,33,4.03030303030303,2026-09-01,40,0.825
h049,48,4.0625,2026-09-01,60,0.8
h050,40,3.8,2026-09-01,40,1.0
h001,62,3.774193548387097,2026-09-02,70,0.8857142857142857
h002,25,3.68,2026-09-02,30,0.8333333333333334
h003,35,3.742857142857143,2026-09-02,40,0.875
h004,33,4.121212121212121,2026-09-02,40,0.825
h005,39,3.8205128205128207,2026-09-02,40,0.975
h006,57,3.6842105263157894,2026-09-02,70,0.8142857142857143
h007,34,3.9411764705882355,2026-09-02,40,0.85
h008,39,4.051282051282051,2026-09-02,40,0.975
h009,38,3.8421052631578947,2026-09-02,50,0.76
h010,40,4.025,2026-09-02,40,1.0
h011,51,4.254901960784314,2026-09-02,60,0.85
h012,38,4.078947368421052,2026-09-02,50,0.76
h013,43,3.9069767441860463,2026-09-02,50,0.86
h014,48,3.75,2026-09-02,60,0.8
h015,58,3.793103448275862,2026-09-02,60,0.9666666666666667
h016,75,3.8266666666666667,2026-09-02,80,0.9375
h017,48,3.9791666666666665,2026-09-02,50,0.96
h018,59,3.7796610169491527,2026-09-02,60,0.9833333333333333
h019,45,3.688888888888889,2026-09-02,50,0.9
h020,50,3.84,2026-09-02,60,0.8333333333333334
h021,48,3.9166666666666665,2026-09-02,50,0.96
h022,27,3.5185185185185186,2026-09-02,30,0.9
h023,26,4.115384615384615,2026-09-02,30,0.8666666666666667
h024,50,3.6,2026-09-02,60,0.8333333333333334
h025,40,3.7,2026-09-02,40,1.0
h026,44,4.045454545454546,2026-09-02,50,0.88
h027,57,3.9649122807017543,2026-09-02,60,0.95
h028,38,3.736842105263158,2026-09-02,40,0.95
h029,24,3.5,2026-09-02,30,0.8
h030,53,3.69811320754717,2026-09-02,60,0.8833333333333333
h031,56,4.053571428571429,2026-09-02,60,0.9333333333333333
h032,40,3.825,2026-09-02,40,1.0
h033,26,3.8846153846153846,2026-09-02,40,0.65
h034,51,3.9215686274509802,2026-09-02,60,0.85
h035,62,3.8225806451612905,2026-09-02,70,0.8857142857142857
h036,30,3.6,2026-09-02,40,0.75
h037,28,4.178571428571429,2026-09-02,40,0.7
h038,27,3.6296296296296298,2026-09-02,30,0.9
h039,69,3.7681159420289854,2026-09-02,70,0.9857142857142858
h040,42,3.619047619047619,2026-09-02,50,0.84
h041,32,3.90625,2026-09-02,40,0.8
h042,49,3.7142857142857144,2026-09-02,50,0.98
h043,52,3.826923076923077,2026-09-02,60,0.8666666666666667
h044,46,3.8043478260869565,2026-09-02,50,0.92
h045,49,4.020408163265306,2026-09-02,50,0.98
h046,44,4.204545454545454,2026-09-02,50,0.88
h047,30,3.6666666666666665,2026-09-02,40,0.75
h048,33,4.03030303030303,2026-09-02,40,0.825
h049,48,4.0625,2026-09-02,60,0.8
h050,40,3.8,2026-09-02,40,1.0
h001,62,3.774193548387097,2026-09-03,70,0.8857142857142857
h002,25,3.68,2026-09-03,30,0.8333333333333334
h003,36,3.6944444444444446,2026-09-03,40,0.9
h004,33,4.121212121212121,2026-09-03,40,0.825
h005,38,3.8421052631578947,2026-09-03,40,0.95
h006,57,3.6842105263157894,2026-09-03,70,0.8142857142857143
h007,35,3.8857142857142857,2026-09-03,40,0.875
h008,39,4.051282051282051,2026-09-03,40,0.975
h009,38,3.8421052631578947,2026-09-03,50,0.76
h010,40,4.025,2026-09-03,40,1.0
h011,51,4.254901960784314,2026-09-03,60,0.85
h012,39,4.0256410256410255,2026-09-03,50,0.78
h013,43,3.9069767441860463,2026-09-03,50,0.86
h014,48,3.75,2026-09-03,60,0.8
h015,58,3.793103448275862,2026-09-03,60,0.9666666666666667
h016,75,3.8266666666666667,2026-09-03,80,0.9375
h017,48,3.9791666666666665,2026-09-03,50,0.96
h018,59,3.7796610169491527,2026-09-03,60,0.9833333333333333
h019,45,3.688888888888889,2026-09-03,50,0.9
h020,50,3.84,2026-09-03,60,0.8333333333333334
h021,48,3.9166666666666665,2026-09-03,50,0.96
h022,27,3.5185185185185186,2026-09-03,30,0.9
h023,26,4.115384615384615,2026-09-03,30,0.8666666666666667
h024,50,3.6,2026-09-03,60,0.8333333333333334
h025,40,3.7,2026-09-03,40,1.0
h026,44,4.045454545454546,2026-09-03,50,0.88
h027,57,3.9649122807017543,2026-09-03,60,0.95
h028,38,3.736842105263158,2026-09-03,40,0.95
h029,24,3.5,2026-09-03,30,0.8
h030,53,3.69811320754717,2026-09-03,60,0.8833333333333333
h031,56,4.053571428571429,2026-09-03,60,0.9333333333333333
h032,40,3.825,2026-09-03,40,1.0
h033,26,3.8846153846153846,2026-09-03,40,0.65
h034,51,3.9215686274509802,2026-09-03,60,0.85
h035,62,3.8225806451612905,2026-09-03,70,0.8857142857142857
h036,30,3.6,2026-09-03,40,0.75
h037,28,4.178571428571429,2026-09-03,40,0.7
h038,27,3.6296296296296298,2026-09-03,30,0.9
h039,69,3.7681159420289854,2026-09-03,70,0.9857142857142858
h040,42,3.619047619047619,2026-09-03,50,0.84
h041,32,3.90625,2026-09-03,40,0.8
h042,49,3.7142857142857144,2026-09-03,50,0.98
h043,52,3.826923076923077,2026-09-03,60,0.8666666666666667
h044,45,3.7777777777777777,2026-09-03,50,0.9
h045,49,4.020408163265306,2026-09-03,50,0.98
h046,43,4.209302325581396,2026-09-03,50,0.86
h047,30,3.6666666666666665,2026-09-03,40,0.75
h048,33,4.03030303030303,2026-09-03,40,0.825
h049,48,4.0625,2026-09-03,60,0.8
h050,40,3.8,2026-09-03,40,1.0
h001,62,3.774193548387097,2026-09-04,70,0.8857142857142857
h002,25,3.68,2026-09-04,30,0.8333333333333334
h003,36,3.6944444444444446,2026-09-04,40,0.9
h004,33,4.121212121212121,2026-09-04,40,0.825
h005,38,3.8421052631578947,2026-09-04,40,0.95
h006,57,3.6842105263157894,2026-09-04,70,0.8142857142857143
h007,35,3.8857142857142857,2026-09-04,40,0.875
h008,39,4.051282051282051,2026-09-04,40,0.975
h009,38,3.8421052631578947,2026-09-04,50,0.76
h010,40,4.025,2026-09-04,40,1.0
h011,51,4.254901960784314,2026-09-04,60,0.85
h012,39,4.0256410256410255,2026-09-04,50,0.78
h013,43,3.9069767441860463,2026-09-04,50,0.86
h014,48,3.75,2026-09-04,60,0.8
h015,58,3.793103448275862,2026-09-04,60,0.9666666666666667
h016,75,3.8133333333333335,2026-09-04,80,0.9375
h017,48,3.9791666666666665,2026-09-04,50,0.96
h018,59,3.7796610169491527,2026-09-04,60,0.9833333333333333
h019,45,3.688888888888889,2026-09-04,50,0.9
h020,49,3.816326530612245,2026-09-04,60,0.8166666666666667
h021,48,3.9166666666666665,2026-09-04,50,0.96
h022,27,3.5185185185185186,2026-09-04,30,0.9
h023,26,4.115384615384615,2026-09-04,30,0.8666666666666667
h024,50,3.6,2026-09-04,60,0.8333333333333334
h025,40,3.7,2026-09-04,40,1.0
h026,44,4.045454545454546,2026-09-04,50,0.88
h027,57,3.9649122807017543,2026-09-04,60,0.95
h028,38,3.736842105263158,2026-09-04,40,0.95
h029,24,3.5,2026-09-04,30,0.8
h030,53,3.69811320754717,2026-09-04,60,0.8833333333333333
h031,56,4.053571428571429,2026-09-04,60,0.9333333333333333
h032,40,3.825,2026-09-04,40,1.0
h033,26,3.8846153846153846,2026-09-04,40,0.65
h034,51,3.9215686274509802,2026-09-04,60,0.85
h035,61,3.8360655737704916,2026-09-04,70,0.8714285714285714
h036,30,3.6,2026-09-04,40,0.75
h037,28,4.178571428571429,2026-09-04,40,0.7
h038,27,3.6296296296296298,2026-09-04,30,0.9
h039,69,3.7681159420289854,2026-09-04,70,0.9857142857142858
h040,42,3.619047619047619,2026-09-04,50,0.84
h041,32,3.90625,2026-09-04,40,0.8
h042,49,3.7142857142857144,2026-09-04,50,0.98
h043,52,3.826923076923077,2026-09-04,60,0.8666666666666667
h044,45,3.7777777777777777,2026-09-04,50,0.9
h045,49,4.020408163265306,2026-09-04,50,0.98
h046,43,4.209302325581396,2026-09-04,50,0.86
h047,30,3.6666666666666665,2026-09-04,40,0.75
h048,33,4.03030303030303,2026-09-04,40,0.825
h049,48,4.0625,2026-09-04,60,0.8
h050,40,3.8,2026-09-04,40,1.0
h001,62,3.774193548387097,2026-09-05,70,0.8857142857142857
h002,25,3.68,2026-09-05,30,0.8333333333333334
h003,36,3.6944444444444446,2026-09-05,40,0.9
h004,33,4.121212121212121,2026-09-05,40,0.825
h005,38,3.8421052631578947,2026-09-05,40,0.95
h006,57,3.6842105263157894,2026-09-05,70,0.8142857142857143
h007,35,3.8857142857142857,2026-09-05,40,0.875
h008,39,4.051282051282051,2026-09-05,40,0.975
h009,38,3.8421052631578947,2026-09-05,50,0.76
h010,40,4.025,2026-09-05,40,1.0
h011,51,4.254901960784314,2026-09-05,60,0.85
h012,39,4.0256410256410255,2026-09-05,50,0.78
h013,44,3.909090909090909,2026-09-05,50,0.88
h014,48,3.75,2026-09-05,60,0.8
h015,58,3.793103448275862,2026-09-05,60,0.9666666666666667
h016,75,3.8133333333333335,2026-09-05,80,0.9375
h017,48,3.9791666666666665,2026-09-05,50,0.96
h018,59,3.7796610169491527,2026-09-05,60,0.9833333333333333
h019,44,3.7045454545454546,2026-09-05,50,0.88
h020,49,3.816326530612245,2026-09-05,60,0.8166666666666667
h021,48,3.9166666666666665,2026-09-05,50,0.96
h022,27,3.5185185185185186,2026-09-05,30,0.9
h023,26,4.115384615384615,2026-09-05,30,0.8666666666666667
h024,50,3.6,2026-09-05,60,0.8333333333333334
h025,40,3.7,2026-09-05,40,1.0
h026,44,4.045454545454546,2026-09-05,50,0.88
h027,57,3.9649122807017543,2026-09-05,60,0.95
h028,38,3.736842105263158,2026-09-05,40,0.95
h029,24,3.5,2026-09-05,30,0.8
h030,53,3.69811320754717,2026-09-05,60,0.8833333333333333
h031,56,4.053571428571429,2026-09-05,60,0.9333333333333333
h032,40,3.825,2026-09-05,40,1.0
h033,26,3.8846153846153846,2026-09-05,40,0.65
h034,51,3.9215686274509802,2026-09-05,60,0.85
h035,61,3.8360655737704916,2026-09-05,70,0.8714285714285714
h036,30,3.6,2026-09-05,40,0.75
h037,28,4.178571428571429,2026-09-05,40,0.7
h038,27,3.6296296296296298,2026-09-05,30,0.9
h039,69,3.7681159420289854,2026-09-05,70,0.9857142857142858
h040,42,3.619047619047619,2026-09-05,50,0.84
h041,32,3.90625,2026-09-05,40,0.8
h042,49,3.7142857142857144,2026-09-05,50,0.98
h043,52,3.826923076923077,2026-09-05,60,0.8666666666666667
h044,45,3.7777777777777777,2026-09-05,50,0.9
h045,49,4.020408163265306,2026-09-05,50,0.98
h046,43,4.209302325581396,2026-09-05,50,0.86
h047,30,3.6666666666666665,2026-09-05,40,0.75
h048,33,4.03030303030303,2026-09-05,40,0.825
h049,48,4.0625,2026-09-05,60,0.8
h050,40,3.8,2026-09-05,40,1.0
h001,62,3.774193548387097,2026-09-06,70,0.8857142857142857
h002,25,3.68,2026-09-06,30,0.8333333333333334
h003,36,3.6944444444444446,2026-09-06,40,0.9
h004,33,4.121212121212121,2026-09-06,40,0.825
h005,38,3.8421052631578947,2026-09-06,40,0.95
h006,57,3.6842105263157894,2026-09-06,70,0.8142857142857143
h007,35,3.8857142857142857,2026-09-06,40,0.875
h008,39,4.051282051282051,2026-09-06,40,0.975
h009,38,3.8421052631578947,2026-09-06,50,0.76
h010,40,4.025,2026-09-06,40,1.0
h011,52,4.25,2026-09-06,60,0.8666666666666667
h012,39,4.0256410256410255,2026-09-06,50,0.78
h013,44,3.909090909090909,2026-09-06,50,0.88
h014,48,3.75,2026-09-06,60,0.8
h015,58,3.793103448275862,2026-09-06,60,0.9666666666666667
h016,75,3.8133333333333335,2026-09-06,80,0.9375
h017,47,4.0,2026-09-06,50,0.94
h018,59,3.7796610169491527,2026-09-06,60,0.9833333333333333
h019,44,3.7045454545454546,2026-09-06,50,0.88
h020,49,3.816326530612245,2026-09-06,60,0.8166666666666667
h021,48,3.9166666666666665,2026-09-06,50,0.96
h022,27,3.5185185185185186,2026-09-06,30,0.9
h023,26,4.115384615384615,2026-09-06,30,0.8666666666666667
h024,50,3.6,2026-09-06,60,0.8333333333333334
h025,40,3.7,2026-09-06,40,1.0
h026,44,4.045454545454546,2026-09-06,50,0.88
h027,57,3.9649122807017543,2026-09-06,60,0.95
h028,38,3.736842105263158,2026-09-06,40,0.95
h029,24,3.5,2026-09-06,30,0.8
h030,53,3.69811320754717,2026-09-06,60,0.8833333333333333
h031,56,4.053571428571429,2026-09-06,60,0.9333333333333333
h032,40,3.825,2026-09-06,40,1.0
h033,26,3.8846153846153846,2026-09-06,40,0.65
h034,51,3.9215686274509802,2026-09-06,60,0.85
h035,61,3.8360655737704916,2026-09-06,70,0.8714285714285714
h036,30,3.6,2026-09-06,40,0.75
h037,28,4.178571428571429,2026-09-06,40,0.7
h038,27,3.6296296296296298,2026-09-06,30,0.9
h039,69,3.7681159420289854,2026-09-06,70,0.9857142857142858
h040,42,3.619047619047619,2026-09-06,50,0.84
h041,32,3.90625,2026-09-06,40,0.8
h042,50,3.72,2026-09-06,50,1.0
h043,52,3.826923076923077,2026-09-06,60,0.8666666666666667
h044,45,3.7777777777777777,2026-09-06,50,0.9
h045,49,4.020408163265306,2026-09-06,50,0.98
h046,43,4.209302325581396,2026-09-06,50,0.86
h047,30,3.6666666666666665,2026-09-06,40,0.75
h048,33,4.03030303030303,2026-09-06,40,0.825
h049,48,4.0625,2026-09-06,60,0.8
h050,40,3.8,2026-09-06,40,1.0
h001,62,3.774193548387097,2026-09-07,70,0.8857142857142857
h002,26,3.576923076923077,2026-09-07,30,0.8666666666666667
h003,36,3.6944444444444446,2026-09-07,40,0.9
h004,32,4.125,2026-09-07,40,0.8
h005,37,3.864864864864865,2026-09-07,40,0.925
h006,57,3.6842105263157894,2026-09-07,70,0.8142857142857143
h007,35,3.8857142857142857,2026-09-07,40,0.875
h008,39,4.051282051282051,2026-09-07,40,0.975
h009,38,3.8421052631578947,2026-09-07,50,0.76
h010,40,4.025,2026-09-07,40,1.0
h011,52,4.25,2026-09-07,60,0.8666666666666667
h012,39,4.0256410256410255,2026-09-07,50,0.78
h013,44,3.909090909090909,2026-09-07,50,0.88
h014,48,3.75,2026-09-07,60,0.8
h015,57,3.789473684210526,2026-09-07,60,0.95
h016,75,3.8133333333333335,2026-09-07,80,0.9375
h017,47,4.0,2026-09-07,50,0.94
h018,59,3.7796610169491527,2026-09-07,60,0.9833333333333333
h019,44,3.7045454545454546,2026-09-07,50,0.88
h020,49,3.816326530612245,2026-09-07,60,0.8166666666666667
h021,48,3.9166666666666665,2026-09-07,50,0.96
h022,27,3.5185185185185186,2026-09-07,30,0.9
h023,26,4.115384615384615,2026-09-07,30,0.8666666666666667
h024,50,3.6,2026-09-07,60,0.8333333333333334
h025,40,3.7,2026-09-07,40,1.0
h026,44,4.045454545454546,2026-09-07,50,0.88
h027,57,3.9649122807017543,2026-09-07,60,0.95
h028,38,3.736842105263158,2026-09-07,40,0.95
h029,24,3.5,2026-09-07,30,0.8
h030,53,3.69811320754717,2026-09-07,60,0.8833333333333333
h031,56,4.053571428571429,2026-09-07,60,0.9333333333333333
h032,40,3.825,2026-09-07,40,1.0
h033,26,3.8846153846153846,2026-09-07,40,0.65
h034,52,3.9038461538461537,2026-09-07,60,0.8666666666666667
h035,61,3.8360655737704916,2026-09-07,70,0.8714285714285714
h036,30,3.6,2026-09-07,40,0.75
h037,28,4.178571428571429,2026-09-07,40,0.7
h038,27,3.6296296296296298,2026-09-07,30,0.9
h039,69,3.7681159420289854,2026-09-07,70,0.9857142857142858
h040,42,3.619047619047619,2026-09-07,50,0.84
h041,32,3.90625,2026-09-07,40,0.8
h042,50,3.72,2026-09-07,50,1.0
h043,52,3.826923076923077,2026-09-07,60,0.8666666666666667
h044,45,3.7777777777777777,2026-09-07,50,0.9
h045,49,4.020408163265306,2026-09-07,50,0.98
h046,43,4.209302325581396,2026-09-07,50,0.86
h047,30,3.6666666666666665,2026-09-07,40,0.75
h048,33,4.03030303030303,2026-09-07,40,0.825
h049,48,4.0625,2026-09-07,60,0.8
h050,40,3.8,2026-09-07,40,1.0
h001,62,3.774193548387097,2026-09-08,70,0.8857142857142857
h002,26,3.576923076923077,2026-09-08,30,0.8666666666666667
h003,36,3.6944444444444446,2026-09-08,40,0.9
h004,32,4.125,2026-09-08,40,0.8
h005,37,3.864864864864865,2026-09-08,40,0.925
h006,57,3.6842105263157894,2026-09-08,70,0.8142857142857143
h007,36,3.861111111111111,2026-09-08,40,0.9
h008,39,4.051282051282051,2026-09-08,40,0.975
h009,39,3.871794871794872,2026-09-08,50,0.78
h010,40,4.025,2026-09-08,40,1.0
h011,52,4.25,2026-09-08,60,0.8666666666666667
h012,39,4.0256410256410255,2026-09-08,50,0.78
h013,44,3.909090909090909,2026-09-08,50,0.88
h014,48,3.75,2026-09-08,60,0.8
h015,57,3.789473684210526,2026-09-08,60,0.95
h016,74,3.810810810810811,2026-09-08,80,0.925
h017,47,4.0,2026-09-08,50,0.94
h018,59,3.7796610169491527,2026-09-08,60,0.9833333333333333
h019,44,3.7045454545454546,2026-09-08,50,0.88
h020,50,3.8,2026-09-08,60,0.8333333333333334
h021,48,3.9166666666666665,2026-09-08,50,0.96
h022,27,3.5185185185185186,2026-09-08,30,0.9
h023,26,4.115384615384615,2026-09-08,30,0.8666666666666667
h024,50,3.6,2026-09-08,60,0.8333333333333334
h025,40,3.7,2026-09-08,40,1.0
h026,44,4.045454545454546,2026-09-08,50,0.88
h027,57,3.9649122807017543,2026-09-08,60,0.95
h028,38,3.736842105263158,2026-09-08,40,0.95
h029,24,3.5,2026-09-08,30,0.8
h030,54,3.7037037037037037,2026-09-08,60,0.9
h031,56,4.053571428571429,2026-09-08,60,0.9333333333333333
h032,40,3.825,2026-09-08,40,1.0
h033,26,3.8846153846153846,2026-09-08,40,0.65
h034,52,3.9038461538461537,2026-09-08,60,0.8666666666666667
h035,61,3.8360655737704916,2026-09-08,70,0.8714285714285714
h036,30,3.6,2026-09-08,40,0.75
h037,28,4.178571428571429,2026-09-08,40,0.7
h038,27,3.6296296296296298,2026-09-08,30,0.9
h039,69,3.7681159420289854,2026-09-08,70,0.9857142857142858
h040,42,3.619047619047619,2026-09-08,50,0.84
h041,32,3.90625,2026-09-08,40,0.8
h042,50,3.72,2026-09-08,50,1.0
h043,52,3.826923076923077,2026-09-08,60,0.8666666666666667
h044,45,3.7777777777777777,2026-09-08,50,0.9
h045,49,4.020408163265306,2026-09-08,50,0.98
h046,43,4.209302325581396,2026-09-08,50,0.86
h047,30,3.6666666666666665,2026-09-08,40,0.75
h048,33,4.03030303030303,2026-09-08,40,0.825
h049,48,4.0625,2026-09-08,60,0.8
h050,40,3.8,2026-09-08,40,1.0
h001,62,3.774193548387097,2026-09-09,70,0.8857142857142857
h002,26,3.576923076923077,2026-09-09,30,0.8666666666666667
h003,36,3.6944444444444446,2026-09-09,40,0.9
h004,32,4.125,2026-09-09,40,0.8
h005,37,3.864864864864865,2026-09-09,40,0.925
h006,57,3.6842105263157894,2026-09-09,70,0.8142857142857143
h007,36,3.861111111111111,2026-09-09,40,0.9
h008,39,4.051282051282051,2026-09-09,40,0.975
h009,39,3.871794871794872,2026-09-09,50,0.78
h010,40,4.025,2026-09-09,40,1.0
h011,52,4.25,2026-09-09,60,0.8666666666666667
h012,39,4.0256410256410255,2026-09-09,50,0.78
h013,44,3.909090909090909,2026-09-09,50,0.88
h014,48,3.75,2026-09-09,60,0.8
h015,57,3.789473684210526,2026-09-09,60,0.95
h016,74,3.810810810810811,2026-09-09,80,0.925
h017,47,4.0,2026-09-09,50,0.94
h018,58,3.7586206896551726,2026-09-09,60,0.9666666666666667
h019,44,3.7045454545454546,2026-09-09,50,0.88
h020,50,3.8,2026-09-09,60,0.8333333333333334
h021,48,3.9166666666666665,2026-09-09,50,0.96
h022,27,3.5185185185185186,2026-09-09,30,0.9
h023,26,4.115384615384615,2026-09-09,30,0.8666666666666667
h024,50,3.6,2026-09-09,60,0.8333333333333334
h025,40,3.7,2026-09-09,40,1.0
h026,44,4.045454545454546,2026-09-09,50,0.88
h027,57,3.9649122807017543,2026-09-09,60,0.95
h028,38,3.736842105263158,2026-09-09,40,0.95
h029,24,3.5,2026-09-09,30,0.8
h030,54,3.7037037037037037,2026-09-09,60,0.9
h031,56,4.053571428571429,2026-09-09,60,0.9333333333333333
h032,40,3.825,2026-09-09,40,1.0
h033,26,3.8846153846153846,2026-09-09,40,0.65
h034,52,3.9038461538461537,2026-09-09,60,0.8666666666666667
h035,61,3.8360655737704916,2026-09-09,70,0.8714285714285714
h036,31,3.5483870967741935,2026-09-09,40,0.775
h037,28,4.178571428571429,2026-09-09,40,0.7
h038,27,3.6296296296296298,2026-09-09,30,0.9
h039,70,3.7857142857142856,2026-09-09,70,1.0
h040,42,3.619047619047619,2026-09-09,50,0.84
h041,32,3.90625,2026-09-09,40,0.8
h042,50,3.72,2026-09-09,50,1.0
h043,52,3.826923076923077,2026-09-09,60,0.8666666666666667
h044,45,3.7777777777777777,2026-09-09,50,0.9
h045,49,4.020408163265306,2026-09-09,50,0.98
h046,43,4.209302325581396,2026-09-09,50,0.86
h047,30,3.6666666666666665,2026-09-09,40,0.75
h048,33,4.03030303030303,2026-09-09,40,0.825
h049,48,4.0625,2026-09-09,60,0.8
h050,39,3.7948717948717947,2026-09-09,40,0.975
h001,62,3.774193548387097,2026-09-10,70,0.8857142857142857
h002,26,3.576923076923077,2026-09-10,30,0.8666666666666667
h003,36,3.6944444444444446,2026-09-10,40,0.9
h004,32,4.125,2026-09-10,40,0.8
h005,37,3.864864864864865,2026-09-10,40,0.925
h006,57,3.6842105263157894,2026-09-10,70,0.8142857142857143
h007,36,3.861111111111111,2026-09-10,40,0.9
h008,39,4.051282051282051,2026-09-10,40,0.975
h009,38,3.8684210526315788,2026-09-10,50,0.76
h010,40,4.025,2026-09-10,40,1.0
h011,52,4.25,2026-09-10,60,0.8666666666666667
h012,39,4.0256410256410255,2026-09-10,50,0.78
h013,44,3.909090909090909,2026-09-10,50,0.88
h014,48,3.75,2026-09-10,60,0.8
h015,58,3.7586206896551726,2026-09-10,60,0.9666666666666667
h016,74,3.810810810810811,2026-09-10,80,0.925
h017,47,4.0,2026-09-10,50,0.94
h018,58,3.7586206896551726,2026-09-10,60,0.9666666666666667
h019,43,3.697674418604651,2026-09-10,50,0.86
h020,50,3.8,2026-09-10,60,0.8333333333333334
h021,48,3.9166666666666665,2026-09-10,50,0.96
h022,27,3.5185185185185186,2026-09-10,30,0.9
h023,26,4.115384615384615,2026-09-10,30,0.8666666666666667
h024,50,3.6,2026-09-10,60,0.8333333333333334
h025,40,3.7,2026-09-10,40,1.0
h026,44,4.045454545454546,2026-09-10,50,0.88
h027,57,3.9649122807017543,2026-09-10,60,0.95
h028,38,3.736842105263158,2026-09-10,40,0.95
h029,24,3.5,2026-09-10,30,0.8
h030,54,3.7037037037037037,2026-09-10,60,0.9
h031,56,4.053571428571429,2026-09-10,60,0.9333333333333333
h032,40,3.825,2026-09-10,40,1.0
h033,26,3.8846153846153846,2026-09-10,40,0.65
h034,52,3.9038461538461537,2026-09-10,60,0.8666666666666667
h035,61,3.8360655737704916,2026-09-10,70,0.8714285714285714
h036,31,3.5483870967741935,2026-09-10,40,0.775
h037,28,4.178571428571429,2026-09-10,40,0.7
h038,27,3.6296296296296298,2026-09-10,30,0.9
h039,70,3.7857142857142856,2026-09-10,70,1.0
h040,42,3.619047619047619,2026-09-10,50,0.84
h041,32,3.90625,2026-09-10,40,0.8
h042,50,3.72,2026-09-10,50,1.0
h043,52,3.826923076923077,2026-09-10,60,0.8666666666666667
h044,45,3.7777777777777777,2026-09-10,50,0.9
h045,49,4.020408163265306,2026-09-10,50,0.98
h046,43,4.209302325581396,2026-09-10,50,0.86
h047,30,3.6666666666666665,2026-09-10,40,0.75
h048,34,4.0588235294117645,2026-09-10,40,0.85
h049,48,4.0625,2026-09-10,60,0.8
h050,39,3.7948717948717947,2026-09-10,40,0.975
h001,62,3.774193548387097,2026-09-11,70,0.8857142857142857
h002,26,3.576923076923077,2026-09-11,30,0.8666666666666667
h003,36,3.6944444444444446,2026-09-11,40,0.9
h004,32,4.125,2026-09-11,40,0.8
h005,37,3.864864864864865,2026-09-11,40,0.925
h006,57,3.6842105263157894,2026-09-11,70,0.8142857142857143
h007,36,3.861111111111111,2026-09-11,40,0.9
h008,40,4.075,2026-09-11,40,1.0
h009,38,3.8684210526315788,2026-09-11,50,0.76
h010,40,4.025,2026-09-11,40,1.0
h011,52,4.25,2026-09-11,60,0.8666666666666667
h012,39,4.0256410256410255,2026-09-11,50,0.78
h013,44,3.909090909090909,2026-09-11,50,0.88
h014,49,3.693877551020408,2026-09-11,60,0.8166666666666667
h015,58,3.7586206896551726,2026-09-11,60,0.9666666666666667
h016,74,3.810810810810811,2026-09-11,80,0.925
h017,47,4.0,2026-09-11,50,0.94
h018,58,3.7586206896551726,2026-09-11,60,0.9666666666666667
h019,43,3.697674418604651,2026-09-11,50,0.86
h020,50,3.8,2026-09-11,60,0.8333333333333334
h021,48,3.9166666666666665,2026-09-11,50,0.96
h022,27,3.5185185185185186,2026-09-11,30,0.9
h023,26,4.115384615384615,2026-09-11,30,0.8666666666666667
h024,50,3.6,2026-09-11,60,0.8333333333333334
h025,40,3.7,2026-09-11,40,1.0
h026,45,4.022222222222222,2026-09-11,50,0.9
h027,58,3.9310344827586206,2026-09-11,60,0.9666666666666667
h028,38,3.736842105263158,2026-09-11,40,0.95
h029,24,3.5,2026-09-11,30,0.8
h030,54,3.7037037037037037,2026-09-11,60,0.9
h031,56,4.053571428571429,2026-09-11,60,0.9333333333333333
h032,40,3.825,2026-09-11,40,1.0
h033,27,3.962962962962963,2026-09-11,40,0.675
h034,52,3.9038461538461537,2026-09-11,60,0.8666666666666667
h035,61,3.8360655737704916,2026-09-11,70,0.8714285714285714
h036,31,3.5483870967741935,2026-09-11,40,0.775
h037,28,4.178571428571429,2026-09-11,40,0.7
h038,27,3.6296296296296298,2026-09-11,30,0.9
h039,70,3.7857142857142856,2026-09-11,70,1.0
h040,43,3.604651162790698,2026-09-11,50,0.86
h041,32,3.90625,2026-09-11,40,0.8
h042,50,3.72,2026-09-11,50,1.0
h043,52,3.826923076923077,2026-09-11,60,0.8666666666666667
h044,46,3.782608695652174,2026-09-11,50,0.92
h045,49,4.020408163265306,2026-09-11,50,0.98
h046,43,4.209302325581396,2026-09-11,50,0.86
h047,30,3.6666666666666665,2026-09-11,40,0.75
h048,34,4.0588235294117645,2026-09-11,40,0.85
h049,48,4.0625,2026-09-11,60,0.8
h050,39,3.7948717948717947,2026-09-11,40,0.975
h001,62,3.774193548387097,2026-09-12,70,0.8857142857142857
h002,26,3.576923076923077,2026-09-12,30,0.8666666666666667
h003,36,3.6944444444444446,2026-09-12,40,0.9
h004,32,4.125,2026-09-12,40,0.8
h005,37,3.864864864864865,2026-09-12,40,0.925
h006,57,3.6842105263157894,2026-09-12,70,0.8142857142857143
h007,36,3.861111111111111,2026-09-12,40,0.9
h008,40,4.075,2026-09-12,40,1.0
h009,38,3.8684210526315788,2026-09-12,50,0.76
h010,40,4.025,2026-09-12,40,1.0
h011,52,4.25,2026-09-12,60,0.8666666666666667
h012,39,4.0256410256410255,2026-09-12,50,0.78
h013,44,3.909090909090909,2026-09-12,50,0.88
h014,49,3.693877551020408,2026-09-12,60,0.8166666666666667
h015,58,3.7586206896551726,2026-09-12,60,0.9666666666666667
h016,74,3.810810810810811,2026-09-12,80,0.925
h017,47,4.0,2026-09-12,50,0.94
h018,58,3.7586206896551726,2026-09-12,60,0.9666666666666667
h019,43,3.697674418604651,2026-09-12,50,0.86
h020,50,3.8,2026-09-12,60,0.8333333333333334
h021,48,3.9166666666666665,2026-09-12,50,0.96
h022,27,3.5185185185185186,2026-09-12,30,0.9
h023,26,4.115384615384615,2026-09-12,30,0.8666666666666667
h024,51,3.5686274509803924,2026-09-12,60,0.85
h025,40,3.7,2026-09-12,40,1.0
h026,45,4.022222222222222,2026-09-12,50,0.9
h027,58,3.9310344827586206,2026-09-12,60,0.9666666666666667
h028,38,3.736842105263158,2026-09-12,40,0.95
h029,23,3.4347826086956523,2026-09-12,30,0.7666666666666667
h030,54,3.7037037037037037,2026-09-12,60,0.9
h031,57,4.0701754385964914,2026-09-12,60,0.95
h032,40,3.825,2026-09-12,40,1.0
h033,27,3.962962962962963,2026-09-12,40,0.675
h034,52,3.9038461538461537,2026-09-12,60,0.8666666666666667
h035,61,3.8360655737704916,2026-09-12,70,0.8714285714285714
h036,31,3.5483870967741935,2026-09-12,40,0.775
h037,28,4.178571428571429,2026-09-12,40,0.7
h038,27,3.6296296296296298,2026-09-12,30,0.9
h039,70,3.7857142857142856,2026-09-12,70,1.0
h040,43,3.604651162790698,2026-09-12,50,0.86
h041,32,3.90625,2026-09-12,40,0.8
h042,50,3.72,2026-09-12,50,1.0
h043,52,3.826923076923077,2026-09-12,60,0.8666666666666667
h044,46,3.782608695652174,2026-09-12,50,0.92
h045,50,4.02,2026-09-12,50,1.0
h046,43,4.209302325581396,2026-09-12,50,0.86
h047,30,3.6666666666666665,2026-09-12,40,0.75
h048,34,4.0588235294117645,2026-09-12,40,0.85
h049,48,4.0625,2026-09-12,60,0.8
h050,39,3.7948717948717947,2026-09-12,40,0.975
h001,63,3.7777777777777777,2026-09-13,70,0.9
h002,26,3.576923076923077,2026-09-13,30,0.8666666666666667
h003,36,3.6944444444444446,2026-09-13,40,0.9
h004,32,4.125,2026-09-13,40,0.8
h005,37,3.864864864864865,2026-09-13,40,0.925
h006,57,3.6842105263157894,2026-09-13,70,0.8142857142857143
h007,36,3.861111111111111,2026-09-13,40,0.9
h008,40,4.075,2026-09-13,40,1.0
h009,38,3.8684210526315788,2026-09-13,50,0.76
h010,40,4.025,2026-09-13,40,1.0
h011,52,4.25,2026-09-13,60,0.8666666666666667
h012,39,4.0256410256410255,2026-09-13,50,0.78
h013,44,3.909090909090909,2026-09-13,50,0.88
h014,49,3.693877551020408,2026-09-13,60,0.8166666666666667
h015,58,3.7586206896551726,2026-09-13,60,0.9666666666666667
h016,74,3.810810810810811,2026-09-13,80,0.925
h017,47,4.0,2026-09-13,50,0.94
h018,58,3.7586206896551726,2026-09-13,60,0.9666666666666667
h019,43,3.697674418604651,2026-09-13,50,0.86
h020,50,3.8,2026-09-13,60,0.8333333333333334
h021,48,3.9166666666666665,2026-09-13,50,0.96
h022,27,3.5185185185185186,2026-09-13,30,0.9
h023,26,4.115384615384615,2026-09-13,30,0.8666666666666667
h024,51,3.5686274509803924,2026-09-13,60,0.85
h025,40,3.7,2026-09-13,40,1.0
h026,45,4.022222222222222,2026-09-13,50,0.9
h027,57,3.912280701754386,2026-09-13,60,0.95
h028,38,3.736842105263158,2026-09-13,40,0.95
h029,23,3.4347826086956523,2026-09-13,30,0.7666666666666667
h030,54,3.7037037037037037,2026-09-13,60,0.9
h031,57,4.0701754385964914,2026-09-13,60,0.95
h032,40,3.825,2026-09-13,40,1.0
h033,28,4.0,2026-09-13,40,0.7
h034,52,3.9038461538461537,2026-09-13,60,0.8666666666666667
h035,61,3.8360655737704916,2026-09-13,70,0.8714285714285714
h036,31,3.5483870967741935,2026-09-13,40,0.775
h037,28,4.178571428571429,2026-09-13,40,0.7
h038,27,3.6296296296296298,2026-09-13,30,0.9
h039,70,3.7857142857142856,2026-09-13,70,1.0
h040,43,3.604651162790698,2026-09-13,50,0.86
h041,32,3.90625,2026-09-13,40,0.8
h042,51,3.7450980392156863,2026-09-13,50,1.0
h043,52,3.826923076923077,2026-09-13,60,0.8666666666666667
h044,46,3.782608695652174,2026-09-13,50,0.92
h045,50,4.02,2026-09-13,50,1.0
h046,43,4.209302325581396,2026-09-13,50,0.86
h047,30,3.6666666666666665,2026-09-13,40,0.75
h048,34,4.0588235294117645,2026-09-13,40,0.85
h049,48,4.0625,2026-09-13,60,0.8
h050,38,3.789473684210526,2026-09-13,40,0.95
h001,63,3.7777777777777777,2026-09-14,70,0.9
h002,26,3.576923076923077,2026-09-14,30,0.8666666666666667
h003,36,3.6944444444444446,2026-09-14,40,0.9
h004,32,4.125,2026-09-14,40,0.8
h005,36,3.8333333333333335,2026-09-14,40,0.9
h006,57,3.6842105263157894,2026-09-14,70,0.8142857142857143
h007,36,3.861111111111111,2026-09-14,40,0.9
h008,40,4.075,2026-09-14,40,1.0
h009,38,3.8684210526315788,2026-09-14,50,0.76
h010,40,4.025,2026-09-14,40,1.0
h011,52,4.25,2026-09-14,60,0.8666666666666667
h012,39,4.0256410256410255,2026-09-14,50,0.78
h013,44,3.909090909090909,2026-09-14,50,0.88
h014,49,3.693877551020408,2026-09-14,60,0.8166666666666667
h015,58,3.7586206896551726,2026-09-14,60,0.9666666666666667
h016,73,3.7945205479452055,2026-09-14,80,0.9125
h017,47,4.0,2026-09-14,50,0.94
h018,58,3.7586206896551726,2026-09-14,60,0.9666666666666667
h019,43,3.697674418604651,2026-09-14,50,0.86
h020,50,3.8,2026-09-14,60,0.8333333333333334
h021,48,3.9166666666666665,2026-09-14,50,0.96
h022,27,3.5185185185185186,2026-09-14,30,0.9
h023,26,4.115384615384615,2026-09-14,30,0.8666666666666667
h024,51,3.5686274509803924,2026-09-14,60,0.85
h025,40,3.7,2026-09-14,40,1.0
h026,45,4.022222222222222,2026-09-14,50,0.9
h027,57,3.912280701754386,2026-09-14,60,0.95
h028,38,3.736842105263158,2026-09-14,40,0.95
h029,23,3.4347826086956523,2026-09-14,30,0.7666666666666667
h030,54,3.7037037037037037,2026-09-14,60,0.9
h031,57,4.0701754385964914,2026-09-14,60,0.95
h032,40,3.825,2026-09-14,40,1.0
h033,28,4.0,2026-09-14,40,0.7
h034,53,3.849056603773585,2026-09-14,60,0.8833333333333333
h035,61,3.8360655737704916,2026-09-14,70,0.8714285714285714
h036,31,3.5483870967741935,2026-09-14,40,0.775
h037,28,4.178571428571429,2026-09-14,40,0.7
h038,27,3.6296296296296298,2026-09-14,30,0.9
h039,70,3.7857142857142856,2026-09-14,70,1.0
h040,43,3.604651162790698,2026-09-14,50,0.86
h041,32,3.90625,2026-09-14,40,0.8
h042,51,3.7450980392156863,2026-09-14,50,1.0
h043,52,3.826923076923077,2026-09-14,60,0.8666666666666667
h044,46,3.782608695652174,2026-09-14,50,0.92
h045,50,4.02,2026-09-14,50,1.0
h046,43,4.209302325581396,2026-09-14,50,0.86
h047,30,3.6666666666666665,2026-09-14,40,0.75
h048,34,4.0588235294117645,2026-09-14,40,0.85
h049,48,4.0625,2026-09-14,60,0.8
h050,38,3.789473684210526,2026-09-14,40,0.95
h001,63,3.7777777777777777,2026-09-15,70,0.9
h002,27,3.5925925925925926,2026-09-15,30,0.9
h003,36,3.6944444444444446,2026-09-15,40,0.9
h004,32,4.125,2026-09-15,40,0.8
h005,36,3.8333333333333335,2026-09-15,40,0.9
h006,57,3.6842105263157894,2026-09-15,70,0.8142857142857143
h007,36,3.861111111111111,2026-09-15,40,0.9
h008,40,4.075,2026-09-15,40,1.0
h009,38,3.8684210526315788,2026-09-15,50,0.76
h010,40,4.025,2026-09-15,40,1.0
h011,52,4.25,2026-09-15,60,0.8666666666666667
h012,39,4.0256410256410255,2026-09-15,50,0.78
h013,44,3.909090909090909,2026-09-15,50,0.88
h014,49,3.693877551020408,2026-09-15,60,0.8166666666666667
h015,58,3.7586206896551726,2026-09-15,60,0.9666666666666667
h016,73,3.7945205479452055,2026-09-15,80,0.9125
h017,47,4.0,2026-09-15,50,0.94
h018,58,3.7586206896551726,2026-09-15,60,0.9666666666666667
h019,43,3.697674418604651,2026-09-15,50,0.86
h020,50,3.8,2026-09-15,60,0.8333333333333334
h021,48,3.9166666666666665,2026-09-15,50,0.96
h022,26,3.5,2026-09-15,30,0.8666666666666667
h023,26,4.115384615384615,2026-09-15,30,0.8666666666666667
h024,52,3.576923076923077,2026-09-15,60,0.8666666666666667
h025,40,3.7,2026-09-15,40,1.0
h026,45,4.022222222222222,2026-09-15,50,0.9
h027,57,3.912280701754386,2026-09-15,60,0.95
h028,38,3.736842105263158,2026-09-15,40,0.95
h029,24,3.5,2026-09-15,30,0.8
h030,54,3.7037037037037037,2026-09-15,60,0.9
h031,57,4.0701754385964914,2026-09-15,60,0.95
h032,41,3.8536585365853657,2026-09-15,40,1.0
h033,28,4.0,2026-09-15,40,0.7
h034,53,3.849056603773585,2026-09-15,60,0.8833333333333333
h035,61,3.8360655737704916,2026-09-15,70,0.8714285714285714
h036,31,3.5483870967741935,2026-09-15,40,0.775
h037,28,4.178571428571429,2026-09-15,40,0.7
h038,27,3.6296296296296298,2026-09-15,30,0.9
h039,70,3.7857142857142856,2026-09-15,70,1.0
h040,43,3.604651162790698,2026-09-15,50,0.86
h041,32,3.90625,2026-09-15,40,0.8
h042,51,3.7450980392156863,2026-09-15,50,1.0
h043,52,3.826923076923077,2026-09-15,60,0.8666666666666667
h044,46,3.782608695652174,2026-09-15,50,0.92
h045,50,4.02,2026-09-15,50,1.0
h046,43,4.209302325581396,2026-09-15,50,0.86
h047,30,3.6666666666666665,2026-09-15,40,0.75
h048,34,4.0588235294117645,2026-09-15,40,0.85
h049,47,4.085106382978723,2026-09-15,60,0.7833333333333333
h050,38,3.789473684210526,2026-09-15,40,0.95
h001,63,3.7777777777777777,2026-09-16,70,0.9
h002,27,3.5925925925925926,2026-09-16,30,0.9
h003,36,3.6944444444444446,2026-09-16,40,0.9
h004,32,4.125,2026-09-16,40,0.8
h005,36,3.8333333333333335,2026-09-16,40,0.9
h006,57,3.6842105263157894,2026-09-16,70,0.8142857142857143
h007,38,3.8421052631578947,2026-09-16,40,0.95
h008,40,4.075,2026-09-16,40,1.0
h009,38,3.8684210526315788,2026-09-16,50,0.76
h010,40,4.025,2026-09-16,40,1.0
h011,52,4.25,2026-09-16,60,0.8666666666666667
h012,39,4.0256410256410255,2026-09-16,50,0.78
h013,44,3.909090909090909,2026-09-16,50,0.88
h014,49,3.693877551020408,2026-09-16,60,0.8166666666666667
h015,58,3.7586206896551726,2026-09-16,60,0.9666666666666667
h016,73,3.7945205479452055,2026-09-16,80,0.9125
h017,47,4.0,2026-09-16,50,0.94
h018,58,3.7586206896551726,2026-09-16,60,0.9666666666666667
h019,43,3.697674418604651,2026-09-16,50,0.86
h020,50,3.8,2026-09-16,60,0.8333333333333334
h021,48,3.9166666666666665,2026-09-16,50,0.96
h022,26,3.5,2026-09-16,30,0.8666666666666667
h023,26,4.115384615384615,2026-09-16,30,0.8666666666666667
h024,52,3.576923076923077,2026-09-16,60,0.8666666666666667
h025,40,3.7,2026-09-16,40,1.0
h026,45,4.022222222222222,2026-09-16,50,0.9
h027,57,3.912280701754386,2026-09-16,60,0.95
h028,38,3.736842105263158,2026-09-16,40,0.95
h029,24,3.5,2026-09-16,30,0.8
h030,54,3.7037037037037037,2026-09-16,60,0.9
h031,57,4.0701754385964914,2026-09-16,60,0.95
h032,40,3.85,2026-09-16,40,1.0
h033,28,4.0,2026-09-16,40,0.7
h034,54,3.8703703703703702,2026-09-16,60,0.9
h035,61,3.8360655737704916,2026-09-16,70,0.8714285714285714
h036,31,3.5483870967741935,2026-09-16,40,0.775
h037,28,4.178571428571429,2026-09-16,40,0.7
h038,27,3.6296296296296298,2026-09-16,30,0.9
h039,70,3.7857142857142856,2026-09-16,70,1.0
h040,43,3.604651162790698,2026-09-16,50,0.86
h041,32,3.90625,2026-09-16,40,0.8
h042,51,3.7450980392156863,2026-09-16,50,1.0
h043,52,3.826923076923077,2026-09-16,60,0.8666666666666667
h044,46,3.782608695652174,2026-09-16,50,0.92
h045,50,4.02,2026-09-16,50,1.0
h046,43,4.209302325581396,2026-09-16,50,0.86
h047,30,3.6666666666666665,2026-09-16,40,0.75
h048,34,4.0588235294117645,2026-09-16,40,0.85
h049,47,4.085106382978723,2026-09-16,60,0.7833333333333333
h050,38,3.789473684210526,2026-09-16,40,0.95
h001,63,3.7777777777777777,2026-09-17,70,0.9
h002,26,3.6923076923076925,2026-09-17,30,0.8666666666666667
h003,36,3.6944444444444446,2026-09-17,40,0.9
h004,32,4.125,2026-09-17,40,0.8
h005,36,3.8333333333333335,2026-09-17,40,0.9
h006,56,3.6964285714285716,2026-09-17,70,0.8
h007,38,3.8421052631578947,2026-09-17,40,0.95
h008,40,4.075,2026-09-17,40,1.0
h009,38,3.8684210526315788,2026-09-17,50,0.76
h010,40,4.025,2026-09-17,40,1.0
h011,52,4.25,2026-09-17,60,0.8666666666666667
h012,39,4.0256410256410255,2026-09-17,50,0.78
h013,44,3.909090909090909,2026-09-17,50,0.88
h014,49,3.693877551020408,2026-09-17,60,0.8166666666666667
h015,58,3.7586206896551726,2026-09-17,60,0.9666666666666667
h016,73,3.7945205479452055,2026-09-17,80,0.9125
h017,47,4.0,2026-09-17,50,0.94
h018,58,3.7586206896551726,2026-09-17,60,0.9666666666666667
h019,43,3.697674418604651,2026-09-17,50,0.86
h020,50,3.8,2026-09-17,60,0.8333333333333334
h021,48,3.9166666666666665,2026-09-17,50,0.96
h022,26,3.5,2026-09-17,30,0.8666666666666667
h023,26,4.115384615384615,2026-09-17,30,0.8666666666666667
h024,52,3.576923076923077,2026-09-17,60,0.8666666666666667
h025,40,3.7,2026-09-17,40,1.0
h026,45,4.022222222222222,2026-09-17,50,0.9
h027,57,3.912280701754386,2026-09-17,60,0.95
h028,38,3.736842105263158,2026-09-17,40,0.95
h029,24,3.5,2026-09-17,30,0.8
h030,54,3.7037037037037037,2026-09-17,60,0.9
h031,58,4.068965517241379,2026-09-17,60,0.9666666666666667
h032,40,3.85,2026-09-17,40,1.0
h033,28,4.0,2026-09-17,40,0.7
h034,54,3.8703703703703702,2026-09-17,60,0.9
h035,61,3.8360655737704916,2026-09-17,70,0.8714285714285714
h036,31,3.5483870967741935,2026-09-17,40,0.775
h037,28,4.178571428571429,2026-09-17,40,0.7
h038,27,3.6296296296296298,2026-09-17,30,0.9
h039,70,3.7857142857142856,2026-09-17,70,1.0
h040,43,3.604651162790698,2026-09-17,50,0.86
h041,32,3.90625,2026-09-17,40,0.8
h042,51,3.7450980392156863,2026-09-17,50,1.0
h043,52,3.826923076923077,2026-09-17,60,0.8666666666666667
h044,47,3.8297872340425534,2026-09-17,50,0.94
h045,50,4.02,2026-09-17,50,1.0
h046,43,4.209302325581396,2026-09-17,50,0.86
h047,30,3.6666666666666665,2026-09-17,40,0.75
h048,34,4.0588235294117645,2026-09-17,40,0.85
h049,47,4.085106382978723,2026-09-17,60,0.7833333333333333
h050,38,3.789473684210526,2026-09-17,40,0.95
h001,63,3.7777777777777777,2026-09-18,70,0.9
h002,26,3.6923076923076925,2026-09-18,30,0.8666666666666667
h003,36,3.6944444444444446,2026-09-18,40,0.9
h004,32,4.125,2026-09-18,40,0.8
h005,36,3.8333333333333335,2026-09-18,40,0.9
h006,55,3.6545454545454548,2026-09-18,70,0.7857142857142857
h007,38,3.8421052631578947,2026-09-18,40,0.95
h008,40,4.075,2026-09-18,40,1.0
h009,38,3.8684210526315788,2026-09-18,50,0.76
h010,40,4.025,2026-09-18,40,1.0
h011,52,4.25,2026-09-18,60,0.8666666666666667
h012,39,4.0256410256410255,2026-09-18,50,0.78
h013,43,3.9069767441860463,2026-09-18,50,0.86
h014,49,3.693877551020408,2026-09-18,60,0.8166666666666667
h015,58,3.7586206896551726,2026-09-18,60,0.9666666666666667
h016,73,3.7945205479452055,2026-09-18,80,0.9125
h017,46,3.9782608695652173,2026-09-18,50,0.92
h018,58,3.7586206896551726,2026-09-18,60,0.9666666666666667
h019,43,3.697674418604651,2026-09-18,50,0.86
h020,50,3.8,2026-09-18,60,0.8333333333333334
h021,47,3.9361702127659575,2026-09-18,50,0.94
h022,26,3.5,2026-09-18,30,0.8666666666666667
h023,26,4.115384615384615,2026-09-18,30,0.8666666666666667
h024,51,3.5686274509803924,2026-09-18,60,0.85
h025,40,3.7,2026-09-18,40,1.0
h026,45,4.022222222222222,2026-09-18,50,0.9
h027,57,3.912280701754386,2026-09-18,60,0.95
h028,38,3.736842105263158,2026-09-18,40,0.95
h029,24,3.5,2026-09-18,30,0.8
h030,54,3.7037037037037037,2026-09-18,60,0.9
h031,58,4.068965517241379,2026-09-18,60,0.9666666666666667
h032,39,3.8461538461538463,2026-09-18,40,0.975
h033,28,4.0,2026-09-18,40,0.7
h034,54,3.8703703703703702,2026-09-18,60,0.9
h035,61,3.8360655737704916,2026-09-18,70,0.8714285714285714
h036,31,3.5483870967741935,2026-09-18,40,0.775
h037,28,4.178571428571429,2026-09-18,40,0.7
h038,27,3.6296296296296298,2026-09-18,30,0.9
h039,69,3.8260869565217392,2026-09-18,70,0.9857142857142858
h040,43,3.604651162790698,2026-09-18,50,0.86
h041,33,3.8484848484848486,2026-09-18,40,0.825
h042,51,3.7450980392156863,2026-09-18,50,1.0
h043,52,3.826923076923077,2026-09-18,60,0.8666666666666667
h044,47,3.8297872340425534,2026-09-18,50,0.94
h045,50,4.02,2026-09-18,50,1.0
h046,43,4.209302325581396,2026-09-18,50,0.86
h047,30,3.6666666666666665,2026-09-18,40,0.75
h048,34,4.0588235294117645,2026-09-18,40,0.85
h049,47,4.085106382978723,2026-09-18,60,0.7833333333333333
h050,38,3.789473684210526,2026-09-18,40,0.95
h001,62,3.7903225806451615,2026-09-19,70,0.8857142857142857
h002,26,3.6923076923076925,2026-09-19,30,0.8666666666666667
h003,36,3.6944444444444446,2026-09-19,40,0.9
h004,32,4.125,2026-09-19,40,0.8
h005,36,3.8333333333333335,2026-09-19,40,0.9
h006,55,3.6545454545454548,2026-09-19,70,0.7857142857142857
h007,38,3.8421052631578947,2026-09-19,40,0.95
h008,40,4.075,2026-09-19,40,1.0
h009,39,3.923076923076923,2026-09-19,50,0.78
h010,40,4.025,2026-09-19,40,1.0
h011,52,4.25,2026-09-19,60,0.8666666666666667
h012,39,4.0256410256410255,2026-09-19,50,0.78
h013,43,3.9069767441860463,2026-09-19,50,0.86
h014,49,3.693877551020408,2026-09-19,60,0.8166666666666667
h015,58,3.7586206896551726,2026-09-19,60,0.9666666666666667
h016,73,3.7945205479452055,2026-09-19,80,0.9125
h017,46,3.9782608695652173,2026-09-19,50,0.92
h018,59,3.7796610169491527,2026-09-19,60,0.9833333333333333
h019,43,3.697674418604651,2026-09-19,50,0.86
h020,50,3.8,2026-09-19,60,0.8333333333333334
h021,47,3.9361702127659575,2026-09-19,50,0.94
h022,26,3.5,2026-09-19,30,0.8666666666666667
h023,26,4.115384615384615,2026-09-19,30,0.8666666666666667
h024,51,3.5686274509803924,2026-09-19,60,0.85
h025,40,3.7,2026-09-19,40,1.0
h026,45,4.022222222222222,2026-09-19,50,0.9
h027,57,3.912280701754386,2026-09-19,60,0.95
h028,38,3.736842105263158,2026-09-19,40,0.95
h029,24,3.5,2026-09-19,30,0.8
h030,54,3.7037037037037037,2026-09-19,60,0.9
h031,58,4.068965517241379,2026-09-19,60,0.9666666666666667
h032,39,3.8461538461538463,2026-09-19,40,0.975
h033,28,4.0,2026-09-19,40,0.7
h034,54,3.8703703703703702,2026-09-19,60,0.9
h035,61,3.8360655737704916,2026-09-19,70,0.8714285714285714
h036,31,3.5483870967741935,2026-09-19,40,0.775
h037,28,4.178571428571429,2026-09-19,40,0.7
h038,27,3.6296296296296298,2026-09-19,30,0.9
h039,69,3.8260869565217392,2026-09-19,70,0.9857142857142858
h040,43,3.604651162790698,2026-09-19,50,0.86
h041,33,3.8484848484848486,2026-09-19,40,0.825
h042,51,3.7450980392156863,2026-09-19,50,1.0
h043,52,3.826923076923077,2026-09-19,60,0.8666666666666667
h044,47,3.8297872340425534,2026-09-19,50,0.94
h045,50,4.02,2026-09-19,50,1.0
h046,43,4.209302325581396,2026-09-19,50,0.86
h047,30,3.6666666666666665,2026-09-19,40,0.75
h048,34,4.0588235294117645,2026-09-19,40,0.85
h049,47,4.085106382978723,2026-09-19,60,0.7833333333333333
h050,38,3.789473684210526,2026-09-19,40,0.95
h001,62,3.7903225806451615,2026-09-20,70,0.8857142857142857
h002,26,3.6923076923076925,2026-09-20,30,0.8666666666666667
h003,36,3.6944444444444446,2026-09-20,40,0.9
h004,32,4.125,2026-09-20,40,0.8
h005,36,3.8333333333333335,2026-09-20,40,0.9
h006,55,3.6545454545454548,2026-09-20,70,0.7857142857142857
h007,38,3.8421052631578947,2026-09-20,40,0.95
h008,40,4.075,2026-09-20,40,1.0
h009,39,3.923076923076923,2026-09-20,50,0.78
h010,40,4.025,2026-09-20,40,1.0
h011,52,4.25,2026-09-20,60,0.8666666666666667
h012,39,4.0256410256410255,2026-09-20,50,0.78
h013,43,3.9069767441860463,2026-09-20,50,0.86
h014,49,3.693877551020408,2026-09-20,60,0.8166666666666667
h015,59,3.76271186440678,2026-09-20,60,0.9833333333333333
h016,73,3.7945205479452055,2026-09-20,80,0.9125
h017,46,3.9782608695652173,2026-09-20,50,0.92
h018,59,3.7796610169491527,2026-09-20,60,0.9833333333333333
h019,43,3.697674418604651,2026-09-20,50,0.86
h020,50,3.8,2026-09-20,60,0.8333333333333334
h021,46,3.9130434782608696,2026-09-20,50,0.92
h022,26,3.5,2026-09-20,30,0.8666666666666667
h023,26,4.115384615384615,2026-09-20,30,0.8666666666666667
h024,51,3.5686274509803924,2026-09-20,60,0.85
h025,40,3.7,2026-09-20,40,1.0
h026,44,4.0227272727272725,2026-09-20,50,0.88
h027,57,3.912280701754386,2026-09-20,60,0.95
h028,38,3.736842105263158,2026-09-20,40,0.95
h029,24,3.5,2026-09-20,30,0.8
h030,54,3.7037037037037037,2026-09-20,60,0.9
h031,58,4.068965517241379,2026-09-20,60,0.9666666666666667
h032,39,3.8461538461538463,2026-09-20,40,0.975
h033,28,4.0,2026-09-20,40,0.7
h034,54,3.8703703703703702,2026-09-20,60,0.9
h035,61,3.8360655737704916,2026-09-20,70,0.8714285714285714
h036,32,3.5,2026-09-20,40,0.8
h037,28,4.178571428571429,2026-09-20,40,0.7
h038,27,3.6296296296296298,2026-09-20,30,0.9
h039,69,3.8260869565217392,2026-09-20,70,0.9857142857142858
h040,43,3.604651162790698,2026-09-20,50,0.86
h041,33,3.8484848484848486,2026-09-20,40,0.825
h042,51,3.7450980392156863,2026-09-20,50,1.0
h043,52,3.826923076923077,2026-09-20,60,0.8666666666666667
h044,47,3.8297872340425534,2026-09-20,50,0.94
h045,50,4.02,2026-09-20,50,1.0
h046,43,4.209302325581396,2026-09-20,50,0.86
h047,30,3.6666666666666665,2026-09-20,40,0.75
h048,34,4.0588235294117645,2026-09-20,40,0.85
h049,48,4.0625,2026-09-20,60,0.8
h050,38,3.789473684210526,2026-09-20,40,0.95
h001,62,3.7903225806451615,2026-09-21,70,0.8857142857142857
h002,26,3.6923076923076925,2026-09-21,30,0.8666666666666667
h003,36,3.6944444444444446,2026-09-21,40,0.9
h004,33,4.151515151515151,2026-09-21,40,0.825
h005,36,3.8333333333333335,2026-09-21,40,0.9
h006,55,3.6545454545454548,2026-09-21,70,0.7857142857142857
h007,38,3.8421052631578947,2026-09-21,40,0.95
h008,39,4.051282051282051,2026-09-21,40,0.975
h009,39,3.923076923076923,2026-09-21,50,0.78
h010,40,4.025,2026-09-21,40,1.0
h011,52,4.25,2026-09-21,60,0.8666666666666667
h012,39,4.0256410256410255,2026-09-21,50,0.78
h013,43,3.9069767441860463,2026-09-21,50,0.86
h014,49,3.693877551020408,2026-09-21,60,0.8166666666666667
h015,59,3.76271186440678,2026-09-21,60,0.9833333333333333
h016,73,3.7945205479452055,2026-09-21,80,0.9125
h017,46,3.9782608695652173,2026-09-21,50,0.92
h018,59,3.7796610169491527,2026-09-21,60,0.9833333333333333
h019,42,3.6666666666666665,2026-09-21,50,0.84
h020,50,3.8,2026-09-21,60,0.8333333333333334
h021,46,3.9130434782608696,2026-09-21,50,0.92
h022,26,3.5,2026-09-21,30,0.8666666666666667
h023,26,4.115384615384615,2026-09-21,30,0.8666666666666667
h024,51,3.5686274509803924,2026-09-21,60,0.85
h025,40,3.7,2026-09-21,40,1.0
h026,44,4.0227272727272725,2026-09-21,50,0.88
h027,57,3.912280701754386,2026-09-21,60,0.95
h028,38,3.736842105263158,2026-09-21,40,0.95
h029,24,3.5,2026-09-21,30,0.8
h030,54,3.7037037037037037,2026-09-21,60,0.9
h031,58,4.068965517241379,2026-09-21,60,0.9666666666666667
h032,39,3.8461538461538463,2026-09-21,40,0.975
h033,28,4.0,2026-09-21,40,0.7
h034,55,3.8545454545454545,2026-09-21,60,0.9166666666666666
h035,61,3.8360655737704916,2026-09-21,70,0.8714285714285714
h036,32,3.5,2026-09-21,40,0.8
h037,28,4.178571428571429,2026-09-21,40,0.7
h038,27,3.6296296296296298,2026-09-21,30,0.9
h039,69,3.8260869565217392,2026-09-21,70,0.9857142857142858
h040,43,3.604651162790698,2026-09-21,50,0.86
h041,34,3.823529411764706,2026-09-21,40,0.85
h042,51,3.7450980392156863,2026-09-21,50,1.0
h043,51,3.8823529411764706,2026-09-21,60,0.85
h044,47,3.8297872340425534,2026-09-21,50,0.94
h045,49,3.979591836734694,2026-09-21,50,0.98
h046,43,4.209302325581396,2026-09-21,50,0.86
h047,30,3.6666666666666665,2026-09-21,40,0.75
h048,35,4.057142857142857,2026-09-21,40,0.875
h049,49,4.081632653061225,2026-09-21,60,0.8166666666666667
h050,39,3.7948717948717947,2026-09-21,40,0.975
h001,62,3.7903225806451615,2026-09-22,70,0.8857142857142857
h002,26,3.6923076923076925,2026-09-22,30,0.8666666666666667
h003,36,3.6944444444444446,2026-09-22,40,0.9
h004,33,4.151515151515151,2026-09-22,40,0.825
h005,36,3.8333333333333335,2026-09-22,40,0.9
h006,55,3.6545454545454548,2026-09-22,70,0.7857142857142857
h007,38,3.8421052631578947,2026-09-22,40,0.95
h008,39,4.051282051282051,2026-09-22,40,0.975
h009,39,3.923076923076923,2026-09-22,50,0.78
h010,40,4.025,2026-09-22,40,1.0
h011,52,4.25,2026-09-22,60,0.8666666666666667
h012,39,4.0256410256410255,2026-09-22,50,0.78
h013,43,3.9069767441860463,2026-09-22,50,0.86
h014,50,3.7,2026-09-22,60,0.8333333333333334
h015,59,3.76271186440678,2026-09-22,60,0.9833333333333333
h016,73,3.7945205479452055,2026-09-22,80,0.9125
h017,46,3.9782608695652173,2026-09-22,50,0.92
h018,59,3.7796610169491527,2026-09-22,60,0.9833333333333333
h019,42,3.6666666666666665,2026-09-22,50,0.84
h020,50,3.8,2026-09-22,60,0.8333333333333334
h021,46,3.9130434782608696,2026-09-22,50,0.92
h022,26,3.5,2026-09-22,30,0.8666666666666667
h023,26,4.115384615384615,2026-09-22,30,0.8666666666666667
h024,51,3.5686274509803924,2026-09-22,60,0.85
h025,40,3.7,2026-09-22,40,1.0
h026,44,4.0227272727272725,2026-09-22,50,0.88
h027,57,3.912280701754386,2026-09-22,60,0.95
h028,37,3.72972972972973,2026-09-22,40,0.925
h029,24,3.5,2026-09-22,30,0.8
h030,54,3.7037037037037037,2026-09-22,60,0.9
h031,57,4.035087719298246,2026-09-22,60,0.95
h032,39,3.8461538461538463,2026-09-22,40,0.975
h033,28,4.0,2026-09-22,40,0.7
h034,55,3.8545454545454545,2026-09-22,60,0.9166666666666666
h035,61,3.8360655737704916,2026-09-22,70,0.8714285714285714
h036,32,3.5,2026-09-22,40,0.8
h037,28,4.178571428571429,2026-09-22,40,0.7
h038,27,3.6296296296296298,2026-09-22,30,0.9
h039,69,3.8260869565217392,2026-09-22,70,0.9857142857142858
h040,43,3.604651162790698,2026-09-22,50,0.86
h041,34,3.823529411764706,2026-09-22,40,0.85
h042,50,3.74,2026-09-22,50,1.0
h043,51,3.8823529411764706,2026-09-22,60,0.85
h044,47,3.8297872340425534,2026-09-22,50,0.94
h045,50,3.98,2026-09-22,50,1.0
h046,43,4.209302325581396,2026-09-22,50,0.86
h047,30,3.6666666666666665,2026-09-22,40,0.75
h048,35,4.057142857142857,2026-09-22,40,0.875
h049,49,4.081632653061225,2026-09-22,60,0.8166666666666667
h050,39,3.7948717948717947,2026-09-22,40,0.975
h001,63,3.8095238095238093,2026-09-23,70,0.9
h002,26,3.6923076923076925,2026-09-23,30,0.8666666666666667
h003,37,3.72972972972973,2026-09-23,40,0.925
h004,33,4.151515151515151,2026-09-23,40,0.825
h005,36,3.8333333333333335,2026-09-23,40,0.9
h006,55,3.6545454545454548,2026-09-23,70,0.7857142857142857
h007,38,3.8421052631578947,2026-09-23,40,0.95
h008,39,4.051282051282051,2026-09-23,40,0.975
h009,39,3.923076923076923,2026-09-23,50,0.78
h010,40,4.025,2026-09-23,40,1.0
h011,51,4.235294117647059,2026-09-23,60,0.85
h012,39,4.0256410256410255,2026-09-23,50,0.78
h013,43,3.9069767441860463,2026-09-23,50,0.86
h014,50,3.7,2026-09-23,60,0.8333333333333334
h015,59,3.76271186440678,2026-09-23,60,0.9833333333333333
h016,73,3.7945205479452055,2026-09-23,80,0.9125
h017,46,3.9782608695652173,2026-09-23,50,0.92
h018,58,3.793103448275862,2026-09-23,60,0.9666666666666667
h019,42,3.6666666666666665,2026-09-23,50,0.84
h020,50,3.8,2026-09-23,60,0.8333333333333334
h021,46,3.9130434782608696,2026-09-23,50,0.92
h022,26,3.5,2026-09-23,30,0.8666666666666667
h023,26,4.115384615384615,2026-09-23,30,0.8666666666666667
h024,51,3.5686274509803924,2026-09-23,60,0.85
h025,41,3.707317073170732,2026-09-23,40,1.0
h026,44,4.0227272727272725,2026-09-23,50,0.88
h027,57,3.912280701754386,2026-09-23,60,0.95
h028,37,3.72972972972973,2026-09-23,40,0.925
h029,24,3.5,2026-09-23,30,0.8
h030,55,3.709090909090909,2026-09-23,60,0.9166666666666666
h031,57,4.035087719298246,2026-09-23,60,0.95
h032,40,3.775,2026-09-23,40,1.0
h033,28,4.0,2026-09-23,40,0.7
h034,55,3.8545454545454545,2026-09-23,60,0.9166666666666666
h035,61,3.8360655737704916,2026-09-23,70,0.8714285714285714
h036,32,3.5,2026-09-23,40,0.8
h037,28,4.178571428571429,2026-09-23,40,0.7
h038,27,3.6296296296296298,2026-09-23,30,0.9
h039,69,3.8260869565217392,2026-09-23,70,0.9857142857142858
h040,43,3.604651162790698,2026-09-23,50,0.86
h041,34,3.823529411764706,2026-09-23,40,0.85
h042,50,3.74,2026-09-23,50,1.0
h043,51,3.8823529411764706,2026-09-23,60,0.85
h044,47,3.8297872340425534,2026-09-23,50,0.94
h045,50,3.98,2026-09-23,50,1.0
h046,42,4.166666666666667,2026-09-23,50,0.84
h047,30,3.6666666666666665,2026-09-23,40,0.75
h048,35,4.057142857142857,2026-09-23,40,0.875
h049,49,4.081632653061225,2026-09-23,60,0.8166666666666667
h050,39,3.7948717948717947,2026-09-23,40,0.975
h001,63,3.8095238095238093,2026-09-24,70,0.9
h002,26,3.6923076923076925,2026-09-24,30,0.8666666666666667
h003,37,3.72972972972973,2026-09-24,40,0.925
h004,33,4.151515151515151,2026-09-24,40,0.825
h005,36,3.8333333333333335,2026-09-24,40,0.9
h006,55,3.6545454545454548,2026-09-24,70,0.7857142857142857
h007,38,3.8421052631578947,2026-09-24,40,0.95
h008,39,4.051282051282051,2026-09-24,40,0.975
h009,40,3.95,2026-09-24,50,0.8
h010,40,4.025,2026-09-24,40,1.0
h011,51,4.235294117647059,2026-09-24,60,0.85
h012,39,4.0256410256410255,2026-09-24,50,0.78
h013,43,3.9069767441860463,2026-09-24,50,0.86
h014,49,3.7142857142857144,2026-09-24,60,0.8166666666666667
h015,59,3.76271186440678,2026-09-24,60,0.9833333333333333
h016,73,3.7945205479452055,2026-09-24,80,0.9125
h017,46,3.9782608695652173,2026-09-24,50,0.92
h018,58,3.793103448275862,2026-09-24,60,0.9666666666666667
h019,42,3.6666666666666665,2026-09-24,50,0.84
h020,50,3.8,2026-09-24,60,0.8333333333333334
h021,46,3.9130434782608696,2026-09-24,50,0.92
h022,26,3.5,2026-09-24,30,0.8666666666666667
h023,26,4.115384615384615,2026-09-24,30,0.8666666666666667
h024,51,3.5686274509803924,2026-09-24,60,0.85
h025,41,3.707317073170732,2026-09-24,40,1.0
h026,44,4.0227272727272725,2026-09-24,50,0.88
h027,57,3.912280701754386,2026-09-24,60,0.95
h028,37,3.72972972972973,2026-09-24,40,0.925
h029,24,3.5,2026-09-24,30,0.8
h030,55,3.709090909090909,2026-09-24,60,0.9166666666666666
h031,56,4.035714285714286,2026-09-24,60,0.9333333333333333
h032,40,3.775,2026-09-24,40,1.0
h033,28,4.0,2026-09-24,40,0.7
h034,54,3.8703703703703702,2026-09-24,60,0.9
h035,60,3.85,2026-09-24,70,0.8571428571428571
h036,32,3.5,2026-09-24,40,0.8
h037,28,4.178571428571429,2026-09-24,40,0.7
h038,27,3.6296296296296298,2026-09-24,30,0.9
h039,69,3.8260869565217392,2026-09-24,70,0.9857142857142858
h040,43,3.604651162790698,2026-09-24,50,0.86
h041,34,3.823529411764706,2026-09-24,40,0.85
h042,50,3.74,2026-09-24,50,1.0
h043,51,3.8823529411764706,2026-09-24,60,0.85
h044,47,3.8297872340425534,2026-09-24,50,0.94
h045,50,3.98,2026-09-24,50,1.0
h046,42,4.166666666666667,2026-09-24,50,0.84
h047,30,3.6666666666666665,2026-09-24,40,0.75
h048,35,4.057142857142857,2026-09-24,40,0.875
h049,49,4.081632653061225,2026-09-24,60,0.8166666666666667
h050,39,3.7948717948717947,2026-09-24,40,0.975
h001,63,3.8095238095238093,2026-09-25,70,0.9
h002,26,3.6923076923076925,2026-09-25,30,0.8666666666666667
h003,37,3.72972972972973,2026-09-25,40,0.925
h004,33,4.151515151515151,2026-09-25,40,0.825
h005,36,3.8333333333333335,2026-09-25,40,0.9
h006,55,3.6545454545454548,2026-09-25,70,0.7857142857142857
h007,38,3.8421052631578947,2026-09-25,40,0.95
h008,39,4.051282051282051,2026-09-25,40,0.975
h009,40,3.95,2026-09-25,50,0.8
h010,41,4.024390243902439,2026-09-25,40,1.0
h011,51,4.235294117647059,2026-09-25,60,0.85
h012,40,4.025,2026-09-25,50,0.8
h013,43,3.9069767441860463,2026-09-25,50,0.86
h014,49,3.7142857142857144,2026-09-25,60,0.8166666666666667
h015,59,3.76271186440678,2026-09-25,60,0.9833333333333333
h016,73,3.7945205479452055,2026-09-25,80,0.9125
h017,46,3.9782608695652173,2026-09-25,50,0.92
h018,58,3.793103448275862,2026-09-25,60,0.9666666666666667
h019,42,3.6666666666666665,2026-09-25,50,0.84
h020,50,3.8,2026-09-25,60,0.8333333333333334
h021,46,3.9130434782608696,2026-09-25,50,0.92
h022,26,3.5,2026-09-25,30,0.8666666666666667
h023,26,4.115384615384615,2026-09-25,30,0.8666666666666667
h024,52,3.5576923076923075,2026-09-25,60,0.8666666666666667
h025,41,3.707317073170732,2026-09-25,40,1.0
h026,44,4.0227272727272725,2026-09-25,50,0.88
h027,57,3.912280701754386,2026-09-25,60,0.95
h028,37,3.72972972972973,2026-09-25,40,0.925
h029,24,3.5,2026-09-25,30,0.8
h030,55,3.709090909090909,2026-09-25,60,0.9166666666666666
h031,56,4.035714285714286,2026-09-25,60,0.9333333333333333
h032,40,3.775,2026-09-25,40,1.0
h033,28,4.0,2026-09-25,40,0.7
h034,54,3.8703703703703702,2026-09-25,60,0.9
h035,59,3.830508474576271,2026-09-25,70,0.8428571428571429
h036,32,3.5,2026-09-25,40,0.8
h037,28,4.178571428571429,2026-09-25,40,0.7
h038,27,3.6296296296296298,2026-09-25,30,0.9
h039,69,3.8260869565217392,2026-09-25,70,0.9857142857142858
h040,43,3.604651162790698,2026-09-25,50,0.86
h041,35,3.8857142857142857,2026-09-25,40,0.875
h042,50,3.74,2026-09-25,50,1.0
h043,51,3.8823529411764706,2026-09-25,60,0.85
h044,47,3.8297872340425534,2026-09-25,50,0.94
h045,50,3.98,2026-09-25,50,1.0
h046,42,4.166666666666667,2026-09-25,50,0.84
h047,30,3.6666666666666665,2026-09-25,40,0.75
h048,35,4.057142857142857,2026-09-25,40,0.875
h049,49,4.081632653061225,2026-09-25,60,0.8166666666666667
h050,39,3.7948717948717947,2026-09-25,40,0.975
h001,63,3.8095238095238093,2026-09-26,70,0.9
h002,26,3.6923076923076925,2026-09-26,30,0.8666666666666667
h003,37,3.72972972972973,2026-09-26,40,0.925
h004,33,4.151515151515151,2026-09-26,40,0.825
h005,36,3.8333333333333335,2026-09-26,40,0.9
h006,55,3.6545454545454548,2026-09-26,70,0.7857142857142857
h007,38,3.8421052631578947,2026-09-26,40,0.95
h008,39,4.051282051282051,2026-09-26,40,0.975
h009,39,3.8974358974358974,2026-09-26,50,0.78
h010,41,4.024390243902439,2026-09-26,40,1.0
h011,51,4.235294117647059,2026-09-26,60,0.85
h012,40,4.025,2026-09-26,50,0.8
h013,43,3.9069767441860463,2026-09-26,50,0.86
h014,49,3.7142857142857144,2026-09-26,60,0.8166666666666667
h015,59,3.76271186440678,2026-09-26,60,0.9833333333333333
h016,73,3.7945205479452055,2026-09-26,80,0.9125
h017,46,3.9782608695652173,2026-09-26,50,0.92
h018,58,3.793103448275862,2026-09-26,60,0.9666666666666667
h019,42,3.6666666666666665,2026-09-26,50,0.84
h020,50,3.8,2026-09-26,60,0.8333333333333334
h021,46,3.9130434782608696,2026-09-26,50,0.92
h022,26,3.5,2026-09-26,30,0.8666666666666667
h023,26,4.115384615384615,2026-09-26,30,0.8666666666666667
h024,52,3.5576923076923075,2026-09-26,60,0.8666666666666667
h025,41,3.707317073170732,2026-09-26,40,1.0
h026,44,4.0227272727272725,2026-09-26,50,0.88
h027,57,3.912280701754386,2026-09-26,60,0.95
h028,37,3.72972972972973,2026-09-26,40,0.925
h029,24,3.5,2026-09-26,30,0.8
h030,55,3.709090909090909,2026-09-26,60,0.9166666666666666
h031,56,4.035714285714286,2026-09-26,60,0.9333333333333333
h032,40,3.775,2026-09-26,40,1.0
h033,28,4.0,2026-09-26,40,0.7
h034,54,3.8703703703703702,2026-09-26,60,0.9
h035,59,3.830508474576271,2026-09-26,70,0.8428571428571429
h036,32,3.5,2026-09-26,40,0.8
h037,28,4.178571428571429,2026-09-26,40,0.7
h038,27,3.6296296296296298,2026-09-26,30,0.9
h039,69,3.8260869565217392,2026-09-26,70,0.9857142857142858
h040,43,3.604651162790698,2026-09-26,50,0.86
h041,35,3.8857142857142857,2026-09-26,40,0.875
h042,50,3.74,2026-09-26,50,1.0
h043,51,3.8823529411764706,2026-09-26,60,0.85
h044,47,3.8297872340425534,2026-09-26,50,0.94
h045,50,3.98,2026-09-26,50,1.0
h046,42,4.166666666666667,2026-09-26,50,0.84
h047,30,3.6666666666666665,2026-09-26,40,0.75
h048,35,4.057142857142857,2026-09-26,40,0.875
h049,49,4.081632653061225,2026-09-26,60,0.8166666666666667
h050,39,3.7948717948717947,2026-09-26,40,0.975
h001,63,3.8095238095238093,2026-09-27,70,0.9
h002,26,3.6923076923076925,2026-09-27,30,0.8666666666666667
h003,37,3.72972972972973,2026-09-27,40,0.925
h004,33,4.151515151515151,2026-09-27,40,0.825
h005,36,3.8333333333333335,2026-09-27,40,0.9
h006,55,3.6545454545454548,2026-09-27,70,0.7857142857142857
h007,38,3.8421052631578947,2026-09-27,40,0.95
h008,39,4.051282051282051,2026-09-27,40,0.975
h009,39,3.8974358974358974,2026-09-27,50,0.78
h010,41,4.024390243902439,2026-09-27,40,1.0
h011,51,4.235294117647059,2026-09-27,60,0.85
h012,40,4.025,2026-09-27,50,0.8
h013,43,3.9069767441860463,2026-09-27,50,0.86
h014,49,3.7142857142857144,2026-09-27,60,0.8166666666666667
h015,59,3.76271186440678,2026-09-27,60,0.9833333333333333
h016,73,3.7945205479452055,2026-09-27,80,0.9125
h017,46,3.9782608695652173,2026-09-27,50,0.92
h018,58,3.793103448275862,2026-09-27,60,0.9666666666666667
h019,42,3.6666666666666665,2026-09-27,50,0.84
h020,50,3.8,2026-09-27,60,0.8333333333333334
h021,46,3.9130434782608696,2026-09-27,50,0.92
h022,26,3.5,2026-09-27,30,0.8666666666666667
h023,26,4.115384615384615,2026-09-27,30,0.8666666666666667
h024,53,3.5660377358490565,2026-09-27,60,0.8833333333333333
h025,41,3.707317073170732,2026-09-27,40,1.0
h026,44,4.0227272727272725,2026-09-27,50,0.88
h027,57,3.912280701754386,2026-09-27,60,0.95
h028,37,3.72972972972973,2026-09-27,40,0.925
h029,24,3.5,2026-09-27,30,0.8
h030,55,3.709090909090909,2026-09-27,60,0.9166666666666666
h031,56,4.035714285714286,2026-09-27,60,0.9333333333333333
h032,40,3.775,2026-09-27,40,1.0
h033,28,4.0,2026-09-27,40,0.7
h034,54,3.8703703703703702,2026-09-27,60,0.9
h035,59,3.830508474576271,2026-09-27,70,0.8428571428571429
h036,31,3.4516129032258065,2026-09-27,40,0.775
h037,28,4.178571428571429,2026-09-27,40,0.7
h038,27,3.6296296296296298,2026-09-27,30,0.9
h039,69,3.8260869565217392,2026-09-27,70,0.9857142857142858
h040,43,3.604651162790698,2026-09-27,50,0.86
h041,35,3.8857142857142857,2026-09-27,40,0.875
h042,50,3.74,2026-09-27,50,1.0
h043,51,3.8823529411764706,2026-09-27,60,0.85
h044,47,3.8297872340425534,2026-09-27,50,0.94
h045,50,3.98,2026-09-27,50,1.0
h046,42,4.166666666666667,2026-09-27,50,0.84
h047,30,3.6666666666666665,2026-09-27,40,0.75
h048,35,4.057142857142857,2026-09-27,40,0.875
h049,49,4.081632653061225,2026-09-27,60,0.8166666666666667
h050,39,3.7948717948717947,2026-09-27,40,0.975
h001,63,3.8095238095238093,2026-09-28,70,0.9
h002,26,3.6923076923076925,2026-09-28,30,0.8666666666666667
h003,37,3.72972972972973,2026-09-28,40,0.925
h004,33,4.151515151515151,2026-09-28,40,0.825
h005,36,3.8333333333333335,2026-09-28,40,0.9
h006,55,3.6545454545454548,2026-09-28,70,0.7857142857142857
h007,38,3.8421052631578947,2026-09-28,40,0.95
h008,39,4.051282051282051,2026-09-28,40,0.975
h009,39,3.8974358974358974,2026-09-28,50,0.78
h010,41,4.024390243902439,2026-09-28,40,1.0
h011,51,4.235294117647059,2026-09-28,60,0.85
h012,40,4.025,2026-09-28,50,0.8
h013,43,3.9069767441860463,2026-09-28,50,0.86
h014,49,3.7142857142857144,2026-09-28,60,0.8166666666666667
h015,59,3.76271186440678,2026-09-28,60,0.9833333333333333
h016,72,3.8333333333333335,2026-09-28,80,0.9
h017,46,3.9782608695652173,2026-09-28,50,0.92
h018,58,3.793103448275862,2026-09-28,60,0.9666666666666667
h019,42,3.6666666666666665,2026-09-28,50,0.84
h020,51,3.823529411764706,2026-09-28,60,0.85
h021,46,3.9130434782608696,2026-09-28,50,0.92
h022,26,3.5,2026-09-28,30,0.8666666666666667
h023,26,4.115384615384615,2026-09-28,30,0.8666666666666667
h024,53,3.5660377358490565,2026-09-28,60,0.8833333333333333
h025,41,3.707317073170732,2026-09-28,40,1.0
h026,44,4.0227272727272725,2026-09-28,50,0.88
h027,57,3.912280701754386,2026-09-28,60,0.95
h028,37,3.72972972972973,2026-09-28,40,0.925
h029,24,3.5,2026-09-28,30,0.8
h030,55,3.709090909090909,2026-09-28,60,0.9166666666666666
h031,56,4.035714285714286,2026-09-28,60,0.9333333333333333
h032,40,3.775,2026-09-28,40,1.0
h033,28,4.0,2026-09-28,40,0.7
h034,55,3.8727272727272726,2026-09-28,60,0.9166666666666666
h035,59,3.830508474576271,2026-09-28,70,0.8428571428571429
h036,31,3.4516129032258065,2026-09-28,40,0.775
h037,28,4.178571428571429,2026-09-28,40,0.7
h038,27,3.6296296296296298,2026-09-28,30,0.9
h039,69,3.8260869565217392,2026-09-28,70,0.9857142857142858
h040,43,3.604651162790698,2026-09-28,50,0.86
h041,35,3.8857142857142857,2026-09-28,40,0.875
h042,50,3.74,2026-09-28,50,1.0
h043,52,3.8846153846153846,2026-09-28,60,0.8666666666666667
h044,47,3.8297872340425534,2026-09-28,50,0.94
h045,50,3.98,2026-09-28,50,1.0
h046,42,4.166666666666667,2026-09-28,50,0.84
h047,30,3.6666666666666665,2026-09-28,40,0.75
h048,35,4.057142857142857,2026-09-28,40,0.875
h049,49,4.081632653061225,2026-09-28,60,0.8166666666666667
h050,39,3.7948717948717947,2026-09-28,40,0.975
h001,63,3.8095238095238093,2026-09-29,70,0.9
h002,26,3.6923076923076925,2026-09-29,30,0.8666666666666667
h003,37,3.72972972972973,2026-09-29,40,0.925
h004,33,4.151515151515151,2026-09-29,40,0.825
h005,36,3.8333333333333335,2026-09-29,40,0.9
h006,55,3.6545454545454548,2026-09-29,70,0.7857142857142857
h007,38,3.8421052631578947,2026-09-29,40,0.95
h008,39,4.051282051282051,2026-09-29,40,0.975
h009,39,3.8974358974358974,2026-09-29,50,0.78
h010,41,4.024390243902439,2026-09-29,40,1.0
h011,51,4.235294117647059,2026-09-29,60,0.85
h012,40,4.025,2026-09-29,50,0.8
h013,43,3.9069767441860463,2026-09-29,50,0.86
h014,49,3.7142857142857144,2026-09-29,60,0.8166666666666667
h015,59,3.76271186440678,2026-09-29,60,0.9833333333333333
h016,72,3.8333333333333335,2026-09-29,80,0.9
h017,46,3.9782608695652173,2026-09-29,50,0.92
h018,58,3.793103448275862,2026-09-29,60,0.9666666666666667
h019,42,3.6666666666666665,2026-09-29,50,0.84
h020,51,3.823529411764706,2026-09-29,60,0.85
h021,46,3.9130434782608696,2026-09-29,50,0.92
h022,26,3.5,2026-09-29,30,0.8666666666666667
h023,26,4.115384615384615,2026-09-29,30,0.8666666666666667
h024,53,3.5660377358490565,2026-09-29,60,0.8833333333333333
h025,41,3.707317073170732,2026-09-29,40,1.0
h026,44,4.0227272727272725,2026-09-29,50,0.88
h027,57,3.912280701754386,2026-09-29,60,0.95
h028,37,3.72972972972973,2026-09-29,40,0.925
h029,24,3.5,2026-09-29,30,0.8
h030,55,3.709090909090909,2026-09-29,60,0.9166666666666666
h031,56,4.035714285714286,2026-09-29,60,0.9333333333333333
h032,40,3.775,2026-09-29,40,1.0
h033,28,4.0,2026-09-29,40,0.7
h034,55,3.8727272727272726,2026-09-29,60,0.9166666666666666
h035,59,3.830508474576271,2026-09-29,70,0.8428571428571429
h036,31,3.4516129032258065,2026-09-29,40,0.775
h037,28,4.178571428571429,2026-09-29,40,0.7
h038,27,3.6296296296296298,2026-09-29,30,0.9
h039,69,3.8260869565217392,2026-09-29,70,0.9857142857142858
h040,43,3.604651162790698,2026-09-29,50,0.86
h041,35,3.8857142857142857,2026-09-29,40,0.875
h042,50,3.74,2026-09-29,50,1.0
h043,52,3.8846153846153846,2026-09-29,60,0.8666666666666667
h044,47,3.8297872340425534,2026-09-29,50,0.94
h045,50,3.98,2026-09-29,50,1.0
h046,42,4.166666666666667,2026-09-29,50,0.84
h047,30,3.6666666666666665,2026-09-29,40,0.75
h048,35,4.057142857142857,2026-09-29,40,0.875
h049,49,4.081632653061225,2026-09-29,60,0.8166666666666667
h050,39,3.7948717948717947,2026-09-29,40,0.975
h001,63,3.8095238095238093,2026-09-30,70,0.9
h002,26,3.6923076923076925,2026-09-30,30,0.8666666666666667
h003,37,3.72972972972973,2026-09-30,40,0.925
h004,33,4.151515151515151,2026-09-30,40,0.825
h005,36,3.8333333333333335,2026-09-30,40,0.9
h006,55,3.6545454545454548,2026-09-30,70,0.7857142857142857
h007,38,3.8421052631578947,2026-09-30,40,0.95
h008,39,4.051282051282051,2026-09-30,40,0.975
h009,39,3.8974358974358974,2026-09-30,50,0.78
h010,41,4.024390243902439,2026-09-30,40,1.0
h011,51,4.235294117647059,2026-09-30,60,0.85
h012,40,4.025,2026-09-30,50,0.8
h013,43,3.9069767441860463,2026-09-30,50,0.86
h014,49,3.7142857142857144,2026-09-30,60,0.8166666666666667
h015,59,3.76271186440678,2026-09-30,60,0.9833333333333333
h016,73,3.8493150684931505,2026-09-30,80,0.9125
h017,46,3.9782608695652173,2026-09-30,50,0.92
h018,58,3.793103448275862,2026-09-30,60,0.9666666666666667
h019,42,3.6666666666666665,2026-09-30,50,0.84
h020,51,3.823529411764706,2026-09-30,60,0.85
h021,46,3.9130434782608696,2026-09-30,50,0.92
h022,26,3.5,2026-09-30,30,0.8666666666666667
h023,26,4.115384615384615,2026-09-30,30,0.8666666666666667
h024,53,3.5660377358490565,2026-09-30,60,0.8833333333333333
h025,41,3.707317073170732,2026-09-30,40,1.0
h026,43,4.023255813953488,2026-09-30,50,0.86
h027,58,3.9310344827586206,2026-09-30,60,0.9666666666666667
h028,37,3.72972972972973,2026-09-30,40,0.925
h029,24,3.5,2026-09-30,30,0.8
h030,55,3.709090909090909,2026-09-30,60,0.9166666666666666
h031,56,4.035714285714286,2026-09-30,60,0.9333333333333333
h032,40,3.775,2026-09-30,40,1.0
h033,27,4.0,2026-09-30,40,0.675
h034,55,3.8727272727272726,2026-09-30,60,0.9166666666666666
h035,59,3.830508474576271,2026-09-30,70,0.8428571428571429
h036,31,3.4516129032258065,2026-09-30,40,0.775
h037,28,4.178571428571429,2026-09-30,40,0.7
h038,27,3.6296296296296298,2026-09-30,30,0.9
h039,69,3.8260869565217392,2026-09-30,70,0.9857142857142858
h040,43,3.604651162790698,2026-09-30,50,0.86
h041,36,3.888888888888889,2026-09-30,40,0.9
h042,50,3.74,2026-09-30,50,1.0
h043,52,3.8846153846153846,2026-09-30,60,0.8666666666666667
h044,47,3.8297872340425534,2026-09-30,50,0.94
h045,50,3.98,2026-09-30,50,1.0
h046,42,4.166666666666667,2026-09-30,50,0.84
h047,30,3.6666666666666665,2026-09-30,40,0.75
h048,35,4.057142857142857,2026-09-30,40,0.875
h049,49,4.081632653061225,2026-09-30,60,0.8166666666666667
h050,39,3.7948717948717947,2026-09-30,40,0.975
h001,64,3.828125,2026-10-01,70,0.9142857142857143
h002,26,3.6923076923076925,2026-10-01,30,0.8666666666666667
h003,37,3.72972972972973,2026-10-01,40,0.925
h004,32,4.125,2026-10-01,40,0.8
h005,36,3.8333333333333335,2026-10-01,40,0.9
h006,55,3.6545454545454548,2026-10-01,70,0.7857142857142857
h007,38,3.8421052631578947,2026-10-01,40,0.95
h008,38,4.052631578947368,2026-10-01,40,0.95
h009,39,3.8974358974358974,2026-10-01,50,0.78
h010,41,4.024390243902439,2026-10-01,40,1.0
h011,51,4.235294117647059,2026-10-01,60,0.85
h012,40,4.025,2026-10-01,50,0.8
h013,43,3.9069767441860463,2026-10-01,50,0.86
h014,49,3.7142857142857144,2026-10-01,60,0.8166666666666667
h015,59,3.76271186440678,2026-10-01,60,0.9833333333333333
h016,73,3.8493150684931505,2026-10-01,80,0.9125
h017,46,3.9782608695652173,2026-10-01,50,0.92
h018,58,3.793103448275862,2026-10-01,60,0.9666666666666667
h019,42,3.6666666666666665,2026-10-01,50,0.84
h020,52,3.8076923076923075,2026-10-01,60,0.8666666666666667
h021,47,3.893617021276596,2026-10-01,50,0.94
h022,26,3.5,2026-10-01,30,0.8666666666666667
h023,26,4.115384615384615,2026-10-01,30,0.8666666666666667
h024,53,3.5660377358490565,2026-10-01,60,0.8833333333333333
h025,41,3.707317073170732,2026-10-01,40,1.0
h026,43,4.023255813953488,2026-10-01,50,0.86
h027,58,3.9310344827586206,2026-10-01,60,0.9666666666666667
h028,37,3.72972972972973,2026-10-01,40,0.925
h029,24,3.5,2026-10-01,30,0.8
h030,55,3.709090909090909,2026-10-01,60,0.9166666666666666
h031,56,4.035714285714286,2026-10-01,60,0.9333333333333333
h032,40,3.775,2026-10-01,40,1.0
h033,27,4.0,2026-10-01,40,0.675
h034,55,3.8727272727272726,2026-10-01,60,0.9166666666666666
h035,58,3.8448275862068964,2026-10-01,70,0.8285714285714286
h036,31,3.4516129032258065,2026-10-01,40,0.775
h037,28,4.178571428571429,2026-10-01,40,0.7
h038,28,3.607142857142857,2026-10-01,30,0.9333333333333333
h039,69,3.8260869565217392,2026-10-01,70,0.9857142857142858
h040,43,3.604651162790698,2026-10-01,50,0.86
h041,36,3.888888888888889,2026-10-01,40,0.9
h042,50,3.74,2026-10-01,50,1.0
h043,52,3.8846153846153846,2026-10-01,60,0.8666666666666667
h044,47,3.8297872340425534,2026-10-01,50,0.94
h045,50,3.98,2026-10-01,50,1.0
h046,42,4.166666666666667,2026-10-01,50,0.84
h047,30,3.6666666666666665,2026-10-01,40,0.75
h048,35,4.057142857142857,2026-10-01,40,0.875
h049,49,4.081632653061225,2026-10-01,60,0.8166666666666667
h050,39,3.7948717948717947,2026-10-01,40,0.975
h001,65,3.8615384615384616,2026-10-02,70,0.9285714285714286
h002,26,3.6923076923076925,2026-10-02,30,0.8666666666666667
h003,37,3.72972972972973,2026-10-02,40,0.925
h004,32,4.125,2026-10-02,40,0.8
h005,36,3.8333333333333335,2026-10-02,40,0.9
h006,55,3.6545454545454548,2026-10-02,70,0.7857142857142857
h007,38,3.8421052631578947,2026-10-02,40,0.95
h008,38,4.052631578947368,2026-10-02,40,0.95
h009,39,3.8974358974358974,2026-10-02,50,0.78
h010,41,4.024390243902439,2026-10-02,40,1.0
h011,51,4.235294117647059,2026-10-02,60,0.85
h012,40,4.025,2026-10-02,50,0.8
h013,43,3.9069767441860463,2026-10-02,50,0.86
h014,48,3.7083333333333335,2026-10-02,60,0.8
h015,59,3.76271186440678,2026-10-02,60,0.9833333333333333
h016,73,3.8493150684931505,2026-10-02,80,0.9125
h017,46,3.9782608695652173,2026-10-02,50,0.92
h018,58,3.793103448275862,2026-10-02,60,0.9666666666666667
h019,42,3.6666666666666665,2026-10-02,50,0.84
h020,52,3.8076923076923075,2026-10-02,60,0.8666666666666667
h021,47,3.893617021276596,2026-10-02,50,0.94
h022,26,3.5,2026-10-02,30,0.8666666666666667
h023,26,4.115384615384615,2026-10-02,30,0.8666666666666667
h024,53,3.5660377358490565,2026-10-02,60,0.8833333333333333
h025,41,3.707317073170732,2026-10-02,40,1.0
h026,43,4.023255813953488,2026-10-02,50,0.86
h027,58,3.9310344827586206,2026-10-02,60,0.9666666666666667
h028,37,3.72972972972973,2026-10-02,40,0.925
h029,24,3.5,2026-10-02,30,0.8
h030,55,3.709090909090909,2026-10-02,60,0.9166666666666666
h031,56,4.035714285714286,2026-10-02,60,0.9333333333333333
h032,39,3.717948717948718,2026-10-02,40,0.975
h033,27,4.0,2026-10-02,40,0.675
h034,55,3.8727272727272726,2026-10-02,60,0.9166666666666666
h035,58,3.8448275862068964,2026-10-02,70,0.8285714285714286
h036,31,3.4516129032258065,2026-10-02,40,0.775
h037,28,4.178571428571429,2026-10-02,40,0.7
h038,28,3.607142857142857,2026-10-02,30,0.9333333333333333
h039,70,3.8285714285714287,2026-10-02,70,1.0
h040,43,3.604651162790698,2026-10-02,50,0.86
h041,36,3.888888888888889,2026-10-02,40,0.9
h042,50,3.74,2026-10-02,50,1.0
h043,51,3.8627450980392157,2026-10-02,60,0.85
h044,47,3.8297872340425534,2026-10-02,50,0.94
h045,50,3.98,2026-10-02,50,1.0
h046,42,4.166666666666667,2026-10-02,50,0.84
h047,30,3.6666666666666665,2026-10-02,40,0.75
h048,35,4.057142857142857,2026-10-02,40,0.875
h049,49,4.081632653061225,2026-10-02,60,0.8166666666666667
h050,39,3.7948717948717947,2026-10-02,40,0.975
h001,65,3.8615384615384616,2026-10-03,70,0.9285714285714286
h002,26,3.6923076923076925,2026-10-03,30,0.8666666666666667
h003,37,3.72972972972973,2026-10-03,40,0.925
h004,32,4.125,2026-10-03,40,0.8
h005,35,3.857142857142857,2026-10-03,40,0.875
h006,55,3.6545454545454548,2026-10-03,70,0.7857142857142857
h007,38,3.8421052631578947,2026-10-03,40,0.95
h008,38,4.052631578947368,2026-10-03,40,0.95
h009,39,3.8974358974358974,2026-10-03,50,0.78
h010,41,4.024390243902439,2026-10-03,40,1.0
h011,51,4.235294117647059,2026-10-03,60,0.85
h012,40,4.025,2026-10-03,50,0.8
h013,43,3.9069767441860463,2026-10-03,50,0.86
h014,48,3.7083333333333335,2026-10-03,60,0.8
h015,59,3.76271186440678,2026-10-03,60,0.9833333333333333
h016,73,3.8493150684931505,2026-10-03,80,0.9125
h017,46,3.9782608695652173,2026-10-03,50,0.92
h018,59,3.8135593220338984,2026-10-03,60,0.9833333333333333
h019,42,3.6666666666666665,2026-10-03,50,0.84
h020,52,3.8076923076923075,2026-10-03,60,0.8666666666666667
h021,47,3.893617021276596,2026-10-03,50,0.94
h022,26,3.5,2026-10-03,30,0.8666666666666667
h023,26,4.115384615384615,2026-10-03,30,0.8666666666666667
h024,53,3.5660377358490565,2026-10-03,60,0.8833333333333333
h025,41,3.707317073170732,2026-10-03,40,1.0
h026,43,4.023255813953488,2026-10-03,50,0.86
h027,58,3.9310344827586206,2026-10-03,60,0.9666666666666667
h028,37,3.72972972972973,2026-10-03,40,0.925
h029,24,3.5,2026-10-03,30,0.8
h030,55,3.709090909090909,2026-10-03,60,0.9166666666666666
h031,56,4.035714285714286,2026-10-03,60,0.9333333333333333
h032,39,3.717948717948718,2026-10-03,40,0.975
h033,27,4.0,2026-10-03,40,0.675
h034,55,3.8727272727272726,2026-10-03,60,0.9166666666666666
h035,58,3.8448275862068964,2026-10-03,70,0.8285714285714286
h036,31,3.4516129032258065,2026-10-03,40,0.775
h037,28,4.178571428571429,2026-10-03,40,0.7
h038,28,3.607142857142857,2026-10-03,30,0.9333333333333333
h039,70,3.8285714285714287,2026-10-03,70,1.0
h040,43,3.604651162790698,2026-10-03,50,0.86
h041,36,3.888888888888889,2026-10-03,40,0.9
h042,50,3.74,2026-10-03,50,1.0
h043,51,3.8627450980392157,2026-10-03,60,0.85
h044,47,3.8297872340425534,2026-10-03,50,0.94
h045,50,3.98,2026-10-03,50,1.0
h046,42,4.166666666666667,2026-10-03,50,0.84
h047,30,3.6666666666666665,2026-10-03,40,0.75
h048,35,4.057142857142857,2026-10-03,40,0.875
h049,49,4.081632653061225,2026-10-03,60,0.8166666666666667
h050,39,3.7948717948717947,2026-10-03,40,0.975
h001,65,3.8615384615384616,2026-10-04,70,0.9285714285714286
h002,26,3.6923076923076925,2026-10-04,30,0.8666666666666667
h003,37,3.72972972972973,2026-10-04,40,0.925
h004,32,4.125,2026-10-04,40,0.8
h005,35,3.857142857142857,2026-10-04,40,0.875
h006,55,3.6545454545454548,2026-10-04,70,0.7857142857142857
h007,38,3.8421052631578947,2026-10-04,40,0.95
h008,38,4.052631578947368,2026-10-04,40,0.95
h009,39,3.8974358974358974,2026-10-04,50,0.78
h010,41,4.024390243902439,2026-10-04,40,1.0
h011,51,4.235294117647059,2026-10-04,60,0.85
h012,40,4.025,2026-10-04,50,0.8
h013,44,3.909090909090909,2026-10-04,50,0.88
h014,48,3.7083333333333335,2026-10-04,60,0.8
h015,59,3.76271186440678,2026-10-04,60,0.9833333333333333
h016,73,3.8493150684931505,2026-10-04,80,0.9125
h017,46,3.9782608695652173,2026-10-04,50,0.92
h018,59,3.8135593220338984,2026-10-04,60,0.9833333333333333
h019,42,3.6666666666666665,2026-10-04,50,0.84
h020,52,3.8076923076923075,2026-10-04,60,0.8666666666666667
h021,47,3.893617021276596,2026-10-04,50,0.94
h022,26,3.5,2026-10-04,30,0.8666666666666667
h023,26,4.115384615384615,2026-10-04,30,0.8666666666666667
h024,53,3.5660377358490565,2026-10-04,60,0.8833333333333333
h025,40,3.7,2026-10-04,40,1.0
h026,43,4.023255813953488,2026-10-04,50,0.86
h027,58,3.9310344827586206,2026-10-04,60,0.9666666666666667
h028,37,3.72972972972973,2026-10-04,40,0.925
h029,23,3.5217391304347827,2026-10-04,30,0.7666666666666667
h030,55,3.709090909090909,2026-10-04,60,0.9166666666666666
h031,56,4.035714285714286,2026-10-04,60,0.9333333333333333
h032,39,3.717948717948718,2026-10-04,40,0.975
h033,27,4.0,2026-10-04,40,0.675
h034,55,3.8727272727272726,2026-10-04,60,0.9166666666666666
h035,58,3.8448275862068964,2026-10-04,70,0.8285714285714286
h036,31,3.4516129032258065,2026-10-04,40,0.775
h037,28,4.178571428571429,2026-10-04,40,0.7
h038,28,3.607142857142857,2026-10-04,30,0.9333333333333333
h039,70,3.8285714285714287,2026-10-04,70,1.0
h040,43,3.604651162790698,2026-10-04,50,0.86
h041,36,3.888888888888889,2026-10-04,40,0.9
h042,50,3.74,2026-10-04,50,1.0
h043,51,3.8627450980392157,2026-10-04,60,0.85
h044,47,3.8297872340425534,2026-10-04,50,0.94
h045,50,3.98,2026-10-04,50,1.0
h046,42,4.166666666666667,2026-10-04,50,0.84
h047,30,3.6666666666666665,2026-10-04,40,0.75
h048,35,4.057142857142857,2026-10-04,40,0.875
h049,49,4.081632653061225,2026-10-04,60,0.8166666666666667
h050,39,3.7948717948717947,2026-10-04,40,0.975
h001,65,3.8615384615384616,2026-10-05,70,0.9285714285714286
h002,26,3.6923076923076925,2026-10-05,30,0.8666666666666667
h003,37,3.72972972972973,2026-10-05,40,0.925
h004,31,4.225806451612903,2026-10-05,40,0.775
h005,35,3.857142857142857,2026-10-05,40,0.875
h006,55,3.6545454545454548,2026-10-05,70,0.7857142857142857
h007,38,3.8421052631578947,2026-10-05,40,0.95
h008,38,4.052631578947368,2026-10-05,40,0.95
h009,39,3.8974358974358974,2026-10-05,50,0.78
h010,41,4.024390243902439,2026-10-05,40,1.0
h011,51,4.235294117647059,2026-10-05,60,0.85
h012,41,4.048780487804878,2026-10-05,50,0.82
h013,45,3.933333333333333,2026-10-05,50,0.9
h014,48,3.7083333333333335,2026-10-05,60,0.8
h015,59,3.76271186440678,2026-10-05,60,0.9833333333333333
h016,73,3.8493150684931505,2026-10-05,80,0.9125
h017,46,3.9782608695652173,2026-10-05,50,0.92
h018,59,3.8135593220338984,2026-10-05,60,0.9833333333333333
h019,42,3.6666666666666665,2026-10-05,50,0.84
h020,52,3.8076923076923075,2026-10-05,60,0.8666666666666667
h021,47,3.893617021276596,2026-10-05,50,0.94
h022,26,3.5,2026-10-05,30,0.8666666666666667
h023,26,4.115384615384615,2026-10-05,30,0.8666666666666667
h024,54,3.611111111111111,2026-10-05,60,0.9
h025,40,3.7,2026-10-05,40,1.0
h026,43,4.023255813953488,2026-10-05,50,0.86
h027,58,3.9310344827586206,2026-10-05,60,0.9666666666666667
h028,37,3.72972972972973,2026-10-05,40,0.925
h029,23,3.5217391304347827,2026-10-05,30,0.7666666666666667
h030,55,3.709090909090909,2026-10-05,60,0.9166666666666666
h031,57,4.017543859649122,2026-10-05,60,0.95
h032,39,3.717948717948718,2026-10-05,40,0.975
h033,27,4.0,2026-10-05,40,0.675
h034,55,3.8727272727272726,2026-10-05,60,0.9166666666666666
h035,59,3.8813559322033897,2026-10-05,70,0.8428571428571429
h036,31,3.4516129032258065,2026-10-05,40,0.775
h037,28,4.178571428571429,2026-10-05,40,0.7
h038,28,3.607142857142857,2026-10-05,30,0.9333333333333333
h039,70,3.8285714285714287,2026-10-05,70,1.0
h040,43,3.604651162790698,2026-10-05,50,0.86
h041,36,3.888888888888889,2026-10-05,40,0.9
h042,50,3.74,2026-10-05,50,1.0
h043,50,3.88,2026-10-05,60,0.8333333333333334
h044,47,3.8297872340425534,2026-10-05,50,0.94
h045,50,3.98,2026-10-05,50,1.0
h046,42,4.166666666666667,2026-10-05,50,0.84
h047,30,3.6666666666666665,2026-10-05,40,0.75
h048,35,4.057142857142857,2026-10-05,40,0.875
h049,48,4.125,2026-10-05,60,0.8
h050,39,3.7948717948717947,2026-10-05,40,0.975
h001,64,3.875,2026-10-06,70,0.9142857142857143
h002,26,3.6923076923076925,2026-10-06,30,0.8666666666666667
h003,37,3.72972972972973,2026-10-06,40,0.925
h004,31,4.225806451612903,2026-10-06,40,0.775
h005,35,3.857142857142857,2026-10-06,40,0.875
h006,55,3.6545454545454548,2026-10-06,70,0.7857142857142857
h007,38,3.8421052631578947,2026-10-06,40,0.95
h008,38,4.052631578947368,2026-10-06,40,0.95
h009,39,3.8974358974358974,2026-10-06,50,0.78
h010,41,4.024390243902439,2026-10-06,40,1.0
h011,52,4.230769230769231,2026-10-06,60,0.8666666666666667
h012,41,4.048780487804878,2026-10-06,50,0.82
h013,45,3.933333333333333,2026-10-06,50,0.9
h014,49,3.673469387755102,2026-10-06,60,0.8166666666666667
h015,59,3.76271186440678,2026-10-06,60,0.9833333333333333
h016,73,3.8493150684931505,2026-10-06,80,0.9125
h017,46,3.9782608695652173,2026-10-06,50,0.92
h018,59,3.8135593220338984,2026-10-06,60,0.9833333333333333
h019,42,3.6666666666666665,2026-10-06,50,0.84
h020,52,3.8076923076923075,2026-10-06,60,0.8666666666666667
h021,47,3.893617021276596,2026-10-06,50,0.94
h022,26,3.5,2026-10-06,30,0.8666666666666667
h023,26,4.115384615384615,2026-10-06,30,0.8666666666666667
h024,54,3.611111111111111,2026-10-06,60,0.9
h025,40,3.7,2026-10-06,40,1.0
h026,43,4.023255813953488,2026-10-06,50,0.86
h027,58,3.9310344827586206,2026-10-06,60,0.9666666666666667
h028,37,3.72972972972973,2026-10-06,40,0.925
h029,23,3.5217391304347827,2026-10-06,30,0.7666666666666667
h030,55,3.709090909090909,2026-10-06,60,0.9166666666666666
h031,57,4.017543859649122,2026-10-06,60,0.95
h032,39,3.717948717948718,2026-10-06,40,0.975
h033,27,4.0,2026-10-06,40,0.675
h034,55,3.8727272727272726,2026-10-06,60,0.9166666666666666
h035,59,3.8813559322033897,2026-10-06,70,0.8428571428571429
h036,31,3.4516129032258065,2026-10-06,40,0.775
h037,28,4.178571428571429,2026-10-06,40,0.7
h038,28,3.607142857142857,2026-10-06,30,0.9333333333333333
h039,70,3.8285714285714287,2026-10-06,70,1.0
h040,43,3.604651162790698,2026-10-06,50,0.86
h041,36,3.888888888888889,2026-10-06,40,0.9
h042,49,3.693877551020408,2026-10-06,50,0.98
h043,50,3.88,2026-10-06,60,0.8333333333333334
h044,47,3.8297872340425534,2026-10-06,50,0.94
h045,50,3.98,2026-10-06,50,1.0
h046,42,4.166666666666667,2026-10-06,50,0.84
h047,30,3.6666666666666665,2026-10-06,40,0.75
h048,35,4.057142857142857,2026-10-06,40,0.875
h049,48,4.125,2026-10-06,60,0.8
h050,39,3.7948717948717947,2026-10-06,40,0.975
h001,64,3.875,2026-10-07,70,0.9142857142857143
h002,26,3.6923076923076925,2026-10-07,30,0.8666666666666667
h003,37,3.72972972972973,2026-10-07,40,0.925
h004,31,4.225806451612903,2026-10-07,40,0.775
h005,35,3.857142857142857,2026-10-07,40,0.875
h006,55,3.6545454545454548,2026-10-07,70,0.7857142857142857
h007,38,3.8421052631578947,2026-10-07,40,0.95
h008,38,4.052631578947368,2026-10-07,40,0.95
h009,39,3.8974358974358974,2026-10-07,50,0.78
h010,41,4.024390243902439,2026-10-07,40,1.0
h011,52,4.230769230769231,2026-10-07,60,0.8666666666666667
h012,41,4.048780487804878,2026-10-07,50,0.82
h013,44,3.909090909090909,2026-10-07,50,0.88
h014,49,3.673469387755102,2026-10-07,60,0.8166666666666667
h015,59,3.76271186440678,2026-10-07,60,0.9833333333333333
h016,73,3.8493150684931505,2026-10-07,80,0.9125
h017,46,3.9782608695652173,2026-10-07,50,0.92
h018,59,3.8135593220338984,2026-10-07,60,0.9833333333333333
h019,42,3.6666666666666665,2026-10-07,50,0.84
h020,52,3.8076923076923075,2026-10-07,60,0.8666666666666667
h021,47,3.893617021276596,2026-10-07,50,0.94
h022,26,3.5,2026-10-07,30,0.8666666666666667
h023,26,4.115384615384615,2026-10-07,30,0.8666666666666667
h024,54,3.611111111111111,2026-10-07,60,0.9
h025,40,3.7,2026-10-07,40,1.0
h026,43,4.023255813953488,2026-10-07,50,0.86
h027,58,3.9310344827586206,2026-10-07,60,0.9666666666666667
h028,37,3.72972972972973,2026-10-07,40,0.925
h029,23,3.5217391304347827,2026-10-07,30,0.7666666666666667
h030,55,3.709090909090909,2026-10-07,60,0.9166666666666666
h031,57,4.017543859649122,2026-10-07,60,0.95
h032,39,3.717948717948718,2026-10-07,40,0.975
h033,27,4.0,2026-10-07,40,0.675
h034,55,3.8727272727272726,2026-10-07,60,0.9166666666666666
h035,59,3.8813559322033897,2026-10-07,70,0.8428571428571429
h036,31,3.4516129032258065,2026-10-07,40,0.775
h037,28,4.178571428571429,2026-10-07,40,0.7
h038,28,3.607142857142857,2026-10-07,30,0.9333333333333333
h039,69,3.8405797101449277,2026-10-07,70,0.9857142857142858
h040,41,3.6341463414634148,2026-10-07,50,0.82
h041,36,3.888888888888889,2026-10-07,40,0.9
h042,49,3.693877551020408,2026-10-07,50,0.98
h043,50,3.88,2026-10-07,60,0.8333333333333334
h044,47,3.8297872340425534,2026-10-07,50,0.94
h045,50,3.98,2026-10-07,50,1.0
h046,42,4.166666666666667,2026-10-07,50,0.84
h047,30,3.6666666666666665,2026-10-07,40,0.75
h048,35,4.057142857142857,2026-10-07,40,0.875
h049,48,4.125,2026-10-07,60,0.8
h050,39,3.7948717948717947,2026-10-07,40,0.975
h001,64,3.875,2026-10-08,70,0.9142857142857143
h002,26,3.6923076923076925,2026-10-08,30,0.8666666666666667
h003,37,3.72972972972973,2026-10-08,40,0.925
h004,31,4.225806451612903,2026-10-08,40,0.775
h005,35,3.857142857142857,2026-10-08,40,0.875
h006,55,3.6545454545454548,2026-10-08,70,0.7857142857142857
h007,38,3.8421052631578947,2026-10-08,40,0.95
h008,38,4.052631578947368,2026-10-08,40,0.95
h009,39,3.8974358974358974,2026-10-08,50,0.78
h010,41,4.024390243902439,2026-10-08,40,1.0
h011,52,4.230769230769231,2026-10-08,60,0.8666666666666667
h012,41,4.048780487804878,2026-10-08,50,0.82
h013,44,3.909090909090909,2026-10-08,50,0.88
h014,49,3.673469387755102,2026-10-08,60,0.8166666666666667
h015,59,3.76271186440678,2026-10-08,60,0.9833333333333333
h016,73,3.8493150684931505,2026-10-08,80,0.9125
h017,45,4.0,2026-10-08,50,0.9
h018,59,3.8135593220338984,2026-10-08,60,0.9833333333333333
h019,42,3.6666666666666665,2026-10-08,50,0.84
h020,52,3.8076923076923075,2026-10-08,60,0.8666666666666667
h021,47,3.893617021276596,2026-10-08,50,0.94
h022,26,3.5,2026-10-08,30,0.8666666666666667
h023,26,4.115384615384615,2026-10-08,30,0.8666666666666667
h024,54,3.611111111111111,2026-10-08,60,0.9
h025,40,3.7,2026-10-08,40,1.0
h026,43,4.023255813953488,2026-10-08,50,0.86
h027,58,3.9310344827586206,2026-10-08,60,0.9666666666666667
h028,37,3.72972972972973,2026-10-08,40,0.925
h029,23,3.5217391304347827,2026-10-08,30,0.7666666666666667
h030,55,3.709090909090909,2026-10-08,60,0.9166666666666666
h031,56,4.0,2026-10-08,60,0.9333333333333333
h032,39,3.717948717948718,2026-10-08,40,0.975
h033,27,4.0,2026-10-08,40,0.675
h034,55,3.8727272727272726,2026-10-08,60,0.9166666666666666
h035,59,3.8813559322033897,2026-10-08,70,0.8428571428571429
h036,31,3.4516129032258065,2026-10-08,40,0.775
h037,28,4.178571428571429,2026-10-08,40,0.7
h038,28,3.607142857142857,2026-10-08,30,0.9333333333333333
h039,69,3.8405797101449277,2026-10-08,70,0.9857142857142858
h040,41,3.6341463414634148,2026-10-08,50,0.82
h041,36,3.888888888888889,2026-10-08,40,0.9
h042,49,3.693877551020408,2026-10-08,50,0.98
h043,50,3.88,2026-10-08,60,0.8333333333333334
h044,47,3.8297872340425534,2026-10-08,50,0.94
h045,50,3.98,2026-10-08,50,1.0
h046,42,4.166666666666667,2026-10-08,50,0.84
h047,30,3.6666666666666665,2026-10-08,40,0.75
h048,35,4.057142857142857,2026-10-08,40,0.875
h049,48,4.125,2026-10-08,60,0.8
h050,40,3.8,2026-10-08,40,1.0
h001,64,3.875,2026-10-09,70,0.9142857142857143
h002,26,3.6923076923076925,2026-10-09,30,0.8666666666666667
h003,37,3.72972972972973,2026-10-09,40,0.925
h004,31,4.225806451612903,2026-10-09,40,0.775
h005,35,3.857142857142857,2026-10-09,40,0.875
h006,55,3.6545454545454548,2026-10-09,70,0.7857142857142857
h007,39,3.8974358974358974,2026-10-09,40,0.975
h008,38,4.052631578947368,2026-10-09,40,0.95
h009,39,3.8974358974358974,2026-10-09,50,0.78
h010,41,4.024390243902439,2026-10-09,40,1.0
h011,52,4.230769230769231,2026-10-09,60,0.8666666666666667
h012,41,4.048780487804878,2026-10-09,50,0.82
h013,44,3.909090909090909,2026-10-09,50,0.88
h014,49,3.673469387755102,2026-10-09,60,0.8166666666666667
h015,59,3.76271186440678,2026-10-09,60,0.9833333333333333
h016,73,3.8493150684931505,2026-10-09,80,0.9125
h017,45,4.0,2026-10-09,50,0.9
h018,59,3.8135593220338984,2026-10-09,60,0.9833333333333333
h019,42,3.6666666666666665,2026-10-09,50,0.84
h020,52,3.8076923076923075,2026-10-09,60,0.8666666666666667
h021,47,3.893617021276596,2026-10-09,50,0.94
h022,26,3.5,2026-10-09,30,0.8666666666666667
h023,26,4.115384615384615,2026-10-09,30,0.8666666666666667
h024,54,3.611111111111111,2026-10-09,60,0.9
h025,39,3.6923076923076925,2026-10-09,40,0.975
h026,43,4.023255813953488,2026-10-09,50,0.86
h027,58,3.9310344827586206,2026-10-09,60,0.9666666666666667
h028,37,3.72972972972973,2026-10-09,40,0.925
h029,23,3.5217391304347827,2026-10-09,30,0.7666666666666667
h030,55,3.709090909090909,2026-10-09,60,0.9166666666666666
h031,56,4.0,2026-10-09,60,0.9333333333333333
h032,39,3.717948717948718,2026-10-09,40,0.975
h033,27,4.0,2026-10-09,40,0.675
h034,55,3.8727272727272726,2026-10-09,60,0.9166666666666666
h035,59,3.8813559322033897,2026-10-09,70,0.8428571428571429
h036,31,3.4516129032258065,2026-10-09,40,0.775
h037,28,4.178571428571429,2026-10-09,40,0.7
h038,28,3.607142857142857,2026-10-09,30,0.9333333333333333
h039,69,3.8405797101449277,2026-10-09,70,0.9857142857142858
h040,41,3.6341463414634148,2026-10-09,50,0.82
h041,36,3.888888888888889,2026-10-09,40,0.9
h042,49,3.693877551020408,2026-10-09,50,0.98
h043,51,3.9215686274509802,2026-10-09,60,0.85
h044,47,3.8297872340425534,2026-10-09,50,0.94
h045,51,4.019607843137255,2026-10-09,50,1.0
h046,42,4.166666666666667,2026-10-09,50,0.84
h047,30,3.6666666666666665,2026-10-09,40,0.75
h048,35,4.057142857142857,2026-10-09,40,0.875
h049,48,4.125,2026-10-09,60,0.8
h050,40,3.8,2026-10-09,40,1.0
h001,64,3.875,2026-10-10,70,0.9142857142857143
h002,26,3.6923076923076925,2026-10-10,30,0.8666666666666667
h003,37,3.72972972972973,2026-10-10,40,0.925
h004,30,4.3,2026-10-10,40,0.75
h005,35,3.857142857142857,2026-10-10,40,0.875
h006,55,3.6545454545454548,2026-10-10,70,0.7857142857142857
h007,39,3.8974358974358974,2026-10-10,40,0.975
h008,38,4.052631578947368,2026-10-10,40,0.95
h009,39,3.8974358974358974,2026-10-10,50,0.78
h010,41,4.024390243902439,2026-10-10,40,1.0
h011,52,4.230769230769231,2026-10-10,60,0.8666666666666667
h012,41,4.048780487804878,2026-10-10,50,0.82
h013,44,3.909090909090909,2026-10-10,50,0.88
h014,49,3.673469387755102,2026-10-10,60,0.8166666666666667
h015,59,3.76271186440678,2026-10-10,60,0.9833333333333333
h016,73,3.8493150684931505,2026-10-10,80,0.9125
h017,45,4.0,2026-10-10,50,0.9
h018,59,3.8135593220338984,2026-10-10,60,0.9833333333333333
h019,42,3.6666666666666665,2026-10-10,50,0.84
h020,52,3.8076923076923075,2026-10-10,60,0.8666666666666667
h021,47,3.893617021276596,2026-10-10,50,0.94
h022,26,3.5,2026-10-10,30,0.8666666666666667
h023,26,4.115384615384615,2026-10-10,30,0.8666666666666667
h024,54,3.611111111111111,2026-10-10,60,0.9
h025,39,3.6923076923076925,2026-10-10,40,0.975
h026,43,4.023255813953488,2026-10-10,50,0.86
h027,58,3.9310344827586206,2026-10-10,60,0.9666666666666667
h028,37,3.72972972972973,2026-10-10,40,0.925
h029,23,3.5217391304347827,2026-10-10,30,0.7666666666666667
h030,55,3.709090909090909,2026-10-10,60,0.9166666666666666
h031,56,4.0,2026-10-10,60,0.9333333333333333
h032,39,3.717948717948718,2026-10-10,40,0.975
h033,27,4.0,2026-10-10,40,0.675
h034,55,3.8727272727272726,2026-10-10,60,0.9166666666666666
h035,59,3.8813559322033897,2026-10-10,70,0.8428571428571429
h036,31,3.4516129032258065,2026-10-10,40,0.775
h037,28,4.178571428571429,2026-10-10,40,0.7
h038,28,3.607142857142857,2026-10-10,30,0.9333333333333333
h039,69,3.8405797101449277,2026-10-10,70,0.9857142857142858
h040,41,3.6341463414634148,2026-10-10,50,0.82
h041,36,3.888888888888889,2026-10-10,40,0.9
h042,49,3.693877551020408,2026-10-10,50,0.98
h043,51,3.9215686274509802,2026-10-10,60,0.85
h044,47,3.8297872340425534,2026-10-10,50,0.94
h045,51,4.019607843137255,2026-10-10,50,1.0
h046,42,4.166666666666667,2026-10-10,50,0.84
h047,30,3.6666666666666665,2026-10-10,40,0.75
h048,35,4.057142857142857,2026-10-10,40,0.875
h049,49,4.061224489795919,2026-10-10,60,0.8166666666666667
h050,40,3.8,2026-10-10,40,1.0
h001,63,3.888888888888889,2026-10-11,70,0.9
h002,26,3.6923076923076925,2026-10-11,30,0.8666666666666667
h003,37,3.72972972972973,2026-10-11,40,0.925
h004,30,4.3,2026-10-11,40,0.75
h005,35,3.857142857142857,2026-10-11,40,0.875
h006,55,3.6545454545454548,2026-10-11,70,0.7857142857142857
h007,39,3.8974358974358974,2026-10-11,40,0.975
h008,38,4.052631578947368,2026-10-11,40,0.95
h009,39,3.8974358974358974,2026-10-11,50,0.78
h010,41,4.024390243902439,2026-10-11,40,1.0
h011,51,4.215686274509804,2026-10-11,60,0.85
h012,41,4.048780487804878,2026-10-11,50,0.82
h013,44,3.909090909090909,2026-10-11,50,0.88
h014,49,3.673469387755102,2026-10-11,60,0.8166666666666667
h015,59,3.76271186440678,2026-10-11,60,0.9833333333333333
h016,73,3.8493150684931505,2026-10-11,80,0.9125
h017,45,4.0,2026-10-11,50,0.9
h018,59,3.8135593220338984,2026-10-11,60,0.9833333333333333
h019,43,3.6744186046511627,2026-10-11,50,0.86
h020,52,3.8076923076923075,2026-10-11,60,0.8666666666666667
h021,47,3.893617021276596,2026-10-11,50,0.94
h022,26,3.5,2026-10-11,30,0.8666666666666667
h023,26,4.115384615384615,2026-10-11,30,0.8666666666666667
h024,54,3.611111111111111,2026-10-11,60,0.9
h025,39,3.6923076923076925,2026-10-11,40,0.975
h026,43,4.023255813953488,2026-10-11,50,0.86
h027,58,3.9310344827586206,2026-10-11,60,0.9666666666666667
h028,37,3.72972972972973,2026-10-11,40,0.925
h029,23,3.5217391304347827,2026-10-11,30,0.7666666666666667
h030,55,3.709090909090909,2026-10-11,60,0.9166666666666666
h031,56,4.0,2026-10-11,60,0.9333333333333333
h032,39,3.717948717948718,2026-10-11,40,0.975
h033,27,4.0,2026-10-11,40,0.675
h034,55,3.8727272727272726,2026-10-11,60,0.9166666666666666
h035,59,3.8813559322033897,2026-10-11,70,0.8428571428571429
h036,31,3.4516129032258065,2026-10-11,40,0.775
h037,28,4.178571428571429,2026-10-11,40,0.7
h038,28,3.607142857142857,2026-10-11,30,0.9333333333333333
h039,69,3.8405797101449277,2026-10-11,70,0.9857142857142858
h040,41,3.6341463414634148,2026-10-11,50,0.82
h041,36,3.888888888888889,2026-10-11,40,0.9
h042,49,3.693877551020408,2026-10-11,50,0.98
h043,51,3.9215686274509802,2026-10-11,60,0.85
h044,47,3.8297872340425534,2026-10-11,50,0.94
h045,51,4.019607843137255,2026-10-11,50,1.0
h046,42,4.166666666666667,2026-10-11,50,0.84
h047,30,3.6666666666666665,2026-10-11,40,0.75
h048,35,4.057142857142857,2026-10-11,40,0.875
h049,50,4.04,2026-10-11,60,0.8333333333333334
h050,40,3.8,2026-10-11,40,1.0
h001,63,3.888888888888889,2026-10-12,70,0.9
h002,26,3.6923076923076925,2026-10-12,30,0.8666666666666667
h003,37,3.72972972972973,2026-10-12,40,0.925
h004,30,4.3,2026-10-12,40,0.75
h005,35,3.857142857142857,2026-10-12,40,0.875
h006,55,3.6545454545454548,2026-10-12,70,0.7857142857142857
h007,39,3.8974358974358974,2026-10-12,40,0.975
h008,38,4.052631578947368,2026-10-12,40,0.95
h009,39,3.8974358974358974,2026-10-12,50,0.78
h010,41,4.024390243902439,2026-10-12,40,1.0
h011,51,4.215686274509804,2026-10-12,60,0.85
h012,42,4.0476190476190474,2026-10-12,50,0.84
h013,44,3.909090909090909,2026-10-12,50,0.88
h014,49,3.673469387755102,2026-10-12,60,0.8166666666666667
h015,59,3.76271186440678,2026-10-12,60,0.9833333333333333
h016,73,3.8493150684931505,2026-10-12,80,0.9125
h017,45,4.0,2026-10-12,50,0.9
h018,59,3.8135593220338984,2026-10-12,60,0.9833333333333333
h019,43,3.6744186046511627,2026-10-12,50,0.86
h020,52,3.8076923076923075,2026-10-12,60,0.8666666666666667
h021,47,3.893617021276596,2026-10-12,50,0.94
h022,26,3.5,2026-10-12,30,0.8666666666666667
h023,26,4.115384615384615,2026-10-12,30,0.8666666666666667
h024,54,3.611111111111111,2026-10-12,60,0.9
h025,38,3.6578947368421053,2026-10-12,40,0.95
h026,43,4.023255813953488,2026-10-12,50,0.86
h027,58,3.9310344827586206,2026-10-12,60,0.9666666666666667
h028,37,3.72972972972973,2026-10-12,40,0.925
h029,23,3.5217391304347827,2026-10-12,30,0.7666666666666667
h030,55,3.709090909090909,2026-10-12,60,0.9166666666666666
h031,56,4.0,2026-10-12,60,0.9333333333333333
h032,39,3.717948717948718,2026-10-12,40,0.975
h033,27,4.0,2026-10-12,40,0.675
h034,55,3.8727272727272726,2026-10-12,60,0.9166666666666666
h035,59,3.8813559322033897,2026-10-12,70,0.8428571428571429
h036,32,3.4375,2026-10-12,40,0.8
h037,28,4.178571428571429,2026-10-12,40,0.7
h038,28,3.607142857142857,2026-10-12,30,0.9333333333333333
h039,68,3.8529411764705883,2026-10-12,70,0.9714285714285714
h040,41,3.6341463414634148,2026-10-12,50,0.82
h041,36,3.888888888888889,2026-10-12,40,0.9
h042,49,3.693877551020408,2026-10-12,50,0.98
h043,52,3.8846153846153846,2026-10-12,60,0.8666666666666667
h044,47,3.8297872340425534,2026-10-12,50,0.94
h045,50,4.04,2026-10-12,50,1.0
h046,42,4.166666666666667,2026-10-12,50,0.84
h047,29,3.7586206896551726,2026-10-12,40,0.725
h048,35,4.057142857142857,2026-10-12,40,0.875
h049,50,4.04,2026-10-12,60,0.8333333333333334
h050,40,3.8,2026-10-12,40,1.0
h001,63,3.888888888888889,2026-10-13,70,0.9
h002,26,3.6923076923076925,2026-10-13,30,0.8666666666666667
h003,37,3.72972972972973,2026-10-13,40,0.925
h004,30,4.3,2026-10-13,40,0.75
h005,35,3.857142857142857,2026-10-13,40,0.875
h006,55,3.6545454545454548,2026-10-13,70,0.7857142857142857
h007,39,3.8974358974358974,2026-10-13,40,0.975
h008,38,4.052631578947368,2026-10-13,40,0.95
h009,38,3.8421052631578947,2026-10-13,50,0.76
h010,41,4.024390243902439,2026-10-13,40,1.0
h011,51,4.215686274509804,2026-10-13,60,0.85
h012,42,4.0476190476190474,2026-10-13,50,0.84
h013,44,3.909090909090909,2026-10-13,50,0.88
h014,49,3.673469387755102,2026-10-13,60,0.8166666666666667
h015,59,3.76271186440678,2026-10-13,60,0.9833333333333333
h016,73,3.8493150684931505,2026-10-13,80,0.9125
h017,45,4.0,2026-10-13,50,0.9
h018,59,3.8135593220338984,2026-10-13,60,0.9833333333333333
h019,43,3.6744186046511627,2026-10-13,50,0.86
h020,52,3.8076923076923075,2026-10-13,60,0.8666666666666667
h021,47,3.893617021276596,2026-10-13,50,0.94
h022,26,3.5,2026-10-13,30,0.8666666666666667
h023,26,4.115384615384615,2026-10-13,30,0.8666666666666667
h024,54,3.611111111111111,2026-10-13,60,0.9
h025,38,3.6578947368421053,2026-10-13,40,0.95
h026,43,4.023255813953488,2026-10-13,50,0.86
h027,58,3.9310344827586206,2026-10-13,60,0.9666666666666667
h028,37,3.72972972972973,2026-10-13,40,0.925
h029,23,3.5217391304347827,2026-10-13,30,0.7666666666666667
h030,55,3.709090909090909,2026-10-13,60,0.9166666666666666
h031,56,4.0,2026-10-13,60,0.9333333333333333
h032,39,3.717948717948718,2026-10-13,40,0.975
h033,27,4.0,2026-10-13,40,0.675
h034,55,3.8727272727272726,2026-10-13,60,0.9166666666666666
h035,59,3.8813559322033897,2026-10-13,70,0.8428571428571429
h036,32,3.4375,2026-10-13,40,0.8
h037,28,4.178571428571429,2026-10-13,40,0.7
h038,28,3.607142857142857,2026-10-13,30,0.9333333333333333
h039,68,3.8529411764705883,2026-10-13,70,0.9714285714285714
h040,41,3.6341463414634148,2026-10-13,50,0.82
h041,36,3.888888888888889,2026-10-13,40,0.9
h042,49,3.693877551020408,2026-10-13,50,0.98
h043,52,3.8846153846153846,2026-10-13,60,0.8666666666666667
h044,47,3.8297872340425534,2026-10-13,50,0.94
h045,49,4.040816326530612,2026-10-13,50,0.98
h046,42,4.166666666666667,2026-10-13,50,0.84
h047,29,3.7586206896551726,2026-10-13,40,0.725
h048,35,4.057142857142857,2026-10-13,40,0.875
h049,50,4.04,2026-10-13,60,0.8333333333333334
h050,40,3.8,2026-10-13,40,1.0
h001,63,3.888888888888889,2026-10-14,70,0.9
h002,26,3.6923076923076925,2026-10-14,30,0.8666666666666667
h003,37,3.72972972972973,2026-10-14,40,0.925
h004,30,4.3,2026-10-14,40,0.75
h005,35,3.857142857142857,2026-10-14,40,0.875
h006,55,3.6545454545454548,2026-10-14,70,0.7857142857142857
h007,39,3.8974358974358974,2026-10-14,40,0.975
h008,38,4.052631578947368,2026-10-14,40,0.95
h009,38,3.8421052631578947,2026-10-14,50,0.76
h010,41,4.024390243902439,2026-10-14,40,1.0
h011,51,4.215686274509804,2026-10-14,60,0.85
h012,42,4.0476190476190474,2026-10-14,50,0.84
h013,44,3.909090909090909,2026-10-14,50,0.88
h014,49,3.673469387755102,2026-10-14,60,0.8166666666666667
h015,58,3.7241379310344827,2026-10-14,60,0.9666666666666667
h016,73,3.8493150684931505,2026-10-14,80,0.9125
h017,45,4.0,2026-10-14,50,0.9
h018,59,3.8135593220338984,2026-10-14,60,0.9833333333333333
h019,43,3.6744186046511627,2026-10-14,50,0.86
h020,52,3.8461538461538463,2026-10-14,60,0.8666666666666667
h021,47,3.893617021276596,2026-10-14,50,0.94
h022,26,3.5,2026-10-14,30,0.8666666666666667
h023,26,4.115384615384615,2026-10-14,30,0.8666666666666667
h024,54,3.611111111111111,2026-10-14,60,0.9
h025,38,3.6578947368421053,2026-10-14,40,0.95
h026,43,4.023255813953488,2026-10-14,50,0.86
h027,58,3.9310344827586206,2026-10-14,60,0.9666666666666667
h028,37,3.72972972972973,2026-10-14,40,0.925
h029,23,3.5217391304347827,2026-10-14,30,0.7666666666666667
h030,55,3.709090909090909,2026-10-14,60,0.9166666666666666
h031,56,4.0,2026-10-14,60,0.9333333333333333
h032,39,3.717948717948718,2026-10-14,40,0.975
h033,27,4.0,2026-10-14,40,0.675
h034,55,3.8727272727272726,2026-10-14,60,0.9166666666666666
h035,59,3.8813559322033897,2026-10-14,70,0.8428571428571429
h036,32,3.4375,2026-10-14,40,0.8
h037,28,4.178571428571429,2026-10-14,40,0.7
h038,28,3.607142857142857,2026-10-14,30,0.9333333333333333
h039,68,3.8529411764705883,2026-10-14,70,0.9714285714285714
h040,41,3.6341463414634148,2026-10-14,50,0.82
h041,36,3.888888888888889,2026-10-14,40,0.9
h042,49,3.693877551020408,2026-10-14,50,0.98
h043,52,3.8846153846153846,2026-10-14,60,0.8666666666666667
h044,47,3.8297872340425534,2026-10-14,50,0.94
h045,49,4.040816326530612,2026-10-14,50,0.98
h046,42,4.166666666666667,2026-10-14,50,0.84
h047,29,3.7586206896551726,2026-10-14,40,0.725
h048,35,4.057142857142857,2026-10-14,40,0.875
h049,50,4.04,2026-10-14,60,0.8333333333333334
h050,40,3.8,2026-10-14,40,1.0
h001,63,3.888888888888889,2026-10-15,70,0.9
h002,26,3.6923076923076925,2026-10-15,30,0.8666666666666667
h003,37,3.72972972972973,2026-10-15,40,0.925
h004,30,4.3,2026-10-15,40,0.75
h005,35,3.857142857142857,2026-10-15,40,0.875
h006,56,3.6607142857142856,2026-10-15,70,0.8
h007,39,3.8974358974358974,2026-10-15,40,0.975
h008,38,4.052631578947368,2026-10-15,40,0.95
h009,38,3.8421052631578947,2026-10-15,50,0.76
h010,41,4.024390243902439,2026-10-15,40,1.0
h011,51,4.215686274509804,2026-10-15,60,0.85
h012,42,4.0476190476190474,2026-10-15,50,0.84
h013,44,3.909090909090909,2026-10-15,50,0.88
h014,49,3.673469387755102,2026-10-15,60,0.8166666666666667
h015,58,3.7241379310344827,2026-10-15,60,0.9666666666666667
h016,73,3.8493150684931505,2026-10-15,80,0.9125
h017,45,4.0,2026-10-15,50,0.9
h018,59,3.8135593220338984,2026-10-15,60,0.9833333333333333
h019,43,3.6744186046511627,2026-10-15,50,0.86
h020,52,3.8461538461538463,2026-10-15,60,0.8666666666666667
h021,47,3.893617021276596,2026-10-15,50,0.94
h022,26,3.5,2026-10-15,30,0.8666666666666667
h023,26,4.115384615384615,2026-10-15,30,0.8666666666666667
h024,54,3.611111111111111,2026-10-15,60,0.9
h025,38,3.6578947368421053,2026-10-15,40,0.95
h026,43,4.023255813953488,2026-10-15,50,0.86
h027,58,3.9310344827586206,2026-10-15,60,0.9666666666666667
h028,37,3.72972972972973,2026-10-15,40,0.925
h029,23,3.5217391304347827,2026-10-15,30,0.7666666666666667
h030,55,3.709090909090909,2026-10-15,60,0.9166666666666666
h031,56,4.0,2026-10-15,60,0.9333333333333333
h032,39,3.717948717948718,2026-10-15,40,0.975
h033,27,4.0,2026-10-15,40,0.675
h034,55,3.8727272727272726,2026-10-15,60,0.9166666666666666
h035,59,3.8813559322033897,2026-10-15,70,0.8428571428571429
h036,32,3.4375,2026-10-15,40,0.8
h037,27,4.222222222222222,2026-10-15,40,0.675
h038,28,3.607142857142857,2026-10-15,30,0.9333333333333333
h039,68,3.8529411764705883,2026-10-15,70,0.9714285714285714
h040,41,3.6341463414634148,2026-10-15,50,0.82
h041,36,3.888888888888889,2026-10-15,40,0.9
h042,49,3.693877551020408,2026-10-15,50,0.98
h043,52,3.8846153846153846,2026-10-15,60,0.8666666666666667
h044,47,3.8297872340425534,2026-10-15,50,0.94
h045,48,4.0,2026-10-15,50,0.96
h046,42,4.166666666666667,2026-10-15,50,0.84
h047,29,3.7586206896551726,2026-10-15,40,0.725
h048,35,4.057142857142857,2026-10-15,40,0.875
h049,49,4.040816326530612,2026-10-15,60,0.8166666666666667
h050,40,3.8,2026-10-15,40,1.0
h001,63,3.888888888888889,2026-10-16,70,0.9
h002,26,3.6923076923076925,2026-10-16,30,0.8666666666666667
h003,37,3.72972972972973,2026-10-16,40,0.925
h004,30,4.3,2026-10-16,40,0.75
h005,35,3.857142857142857,2026-10-16,40,0.875
h006,56,3.6607142857142856,2026-10-16,70,0.8
h007,39,3.8974358974358974,2026-10-16,40,0.975
h008,38,4.052631578947368,2026-10-16,40,0.95
h009,38,3.8421052631578947,2026-10-16,50,0.76
h010,41,4.024390243902439,2026-10-16,40,1.0
h011,51,4.215686274509804,2026-10-16,60,0.85
h012,42,4.0476190476190474,2026-10-16,50,0.84
h013,44,3.909090909090909,2026-10-16,50,0.88
h014,50,3.64,2026-10-16,60,0.8333333333333334
h015,58,3.7241379310344827,2026-10-16,60,0.9666666666666667
h016,73,3.8493150684931505,2026-10-16,80,0.9125
h017,45,4.0,2026-10-16,50,0.9
h018,59,3.8135593220338984,2026-10-16,60,0.9833333333333333
h019,43,3.6744186046511627,2026-10-16,50,0.86
h020,52,3.8461538461538463,2026-10-16,60,0.8666666666666667
h021,46,3.9565217391304346,2026-10-16,50,0.92
h022,26,3.5,2026-10-16,30,0.8666666666666667
h023,26,4.115384615384615,2026-10-16,30,0.8666666666666667
h024,54,3.611111111111111,2026-10-16,60,0.9
h025,38,3.6578947368421053,2026-10-16,40,0.95
h026,43,4.023255813953488,2026-10-16,50,0.86
h027,58,3.9310344827586206,2026-10-16,60,0.9666666666666667
h028,37,3.72972972972973,2026-10-16,40,0.925
h029,23,3.5217391304347827,2026-10-16,30,0.7666666666666667
h030,55,3.709090909090909,2026-10-16,60,0.9166666666666666
h031,56,4.0,2026-10-16,60,0.9333333333333333
h032,39,3.717948717948718,2026-10-16,40,0.975
h033,27,4.0,2026-10-16,40,0.675
h034,54,3.8703703703703702,2026-10-16,60,0.9
h035,59,3.8813559322033897,2026-10-16,70,0.8428571428571429
h036,32,3.4375,2026-10-16,40,0.8
h037,27,4.222222222222222,2026-10-16,40,0.675
h038,27,3.6296296296296298,2026-10-16,30,0.9
h039,68,3.8529411764705883,2026-10-16,70,0.9714285714285714
h040,41,3.6341463414634148,2026-10-16,50,0.82
h041,36,3.888888888888889,2026-10-16,40,0.9
h042,49,3.693877551020408,2026-10-16,50,0.98
h043,52,3.8846153846153846,2026-10-16,60,0.8666666666666667
h044,47,3.8297872340425534,2026-10-16,50,0.94
h045,48,4.0,2026-10-16,50,0.96
h046,42,4.166666666666667,2026-10-16,50,0.84
h047,29,3.7586206896551726,2026-10-16,40,0.725
h048,35,4.057142857142857,2026-10-16,40,0.875
h049,49,4.040816326530612,2026-10-16,60,0.8166666666666667
h050,40,3.8,2026-10-16,40,1.0
h001,63,3.888888888888889,2026-10-17,70,0.9
h002,26,3.6923076923076925,2026-10-17,30,0.8666666666666667
h003,37,3.72972972972973,2026-10-17,40,0.925
h004,30,4.3,2026-10-17,40,0.75
h005,35,3.857142857142857,2026-10-17,40,0.875
h006,56,3.6607142857142856,2026-10-17,70,0.8
h007,39,3.8974358974358974,2026-10-17,40,0.975
h008,38,4.052631578947368,2026-10-17,40,0.95
h009,38,3.8421052631578947,2026-10-17,50,0.76
h010,41,4.024390243902439,2026-10-17,40,1.0
h011,51,4.215686274509804,2026-10-17,60,0.85
h012,42,4.0476190476190474,2026-10-17,50,0.84
h013,44,3.909090909090909,2026-10-17,50,0.88
h014,50,3.64,2026-10-17,60,0.8333333333333334
h015,58,3.7241379310344827,2026-10-17,60,0.9666666666666667
h016,73,3.8493150684931505,2026-10-17,80,0.9125
h017,45,4.0,2026-10-17,50,0.9
h018,59,3.8135593220338984,2026-10-17,60,0.9833333333333333
h019,43,3.6744186046511627,2026-10-17,50,0.86
h020,52,3.8461538461538463,2026-10-17,60,0.8666666666666667
h021,46,3.9565217391304346,2026-10-17,50,0.92
h022,26,3.5,2026-10-17,30,0.8666666666666667
h023,26,4.115384615384615,2026-10-17,30,0.8666666666666667
h024,54,3.611111111111111,2026-10-17,60,0.9
h025,38,3.6578947368421053,2026-10-17,40,0.95
h026,43,4.023255813953488,2026-10-17,50,0.86
h027,58,3.9310344827586206,2026-10-17,60,0.9666666666666667
h028,37,3.72972972972973,2026-10-17,40,0.925
h029,23,3.5217391304347827,2026-10-17,30,0.7666666666666667
h030,55,3.709090909090909,2026-10-17,60,0.9166666666666666
h031,55,3.981818181818182,2026-10-17,60,0.9166666666666666
h032,39,3.717948717948718,2026-10-17,40,0.975
h033,27,4.0,2026-10-17,40,0.675
h034,54,3.8703703703703702,2026-10-17,60,0.9
h035,59,3.8813559322033897,2026-10-17,70,0.8428571428571429
h036,32,3.4375,2026-10-17,40,0.8
h037,27,4.222222222222222,2026-10-17,40,0.675
h038,27,3.6296296296296298,2026-10-17,30,0.9
h039,68,3.8529411764705883,2026-10-17,70,0.9714285714285714
h040,41,3.6341463414634148,2026-10-17,50,0.82
h041,36,3.888888888888889,2026-10-17,40,0.9
h042,49,3.693877551020408,2026-10-17,50,0.98
h043,53,3.9245283018867925,2026-10-17,60,0.8833333333333333
h044,47,3.8297872340425534,2026-10-17,50,0.94
h045,48,4.0,2026-10-17,50,0.96
h046,42,4.166666666666667,2026-10-17,50,0.84
h047,29,3.7586206896551726,2026-10-17,40,0.725
h048,35,4.057142857142857,2026-10-17,40,0.875
h049,49,4.040816326530612,2026-10-17,60,0.8166666666666667
h050,39,3.7948717948717947,2026-10-17,40,0.975
h001,63,3.888888888888889,2026-10-18,70,0.9
h002,26,3.6923076923076925,2026-10-18,30,0.8666666666666667
h003,37,3.72972972972973,2026-10-18,40,0.925
h004,30,4.3,2026-10-18,40,0.75
h005,35,3.857142857142857,2026-10-18,40,0.875
h006,55,3.6545454545454548,2026-10-18,70,0.7857142857142857
h007,39,3.8974358974358974,2026-10-18,40,0.975
h008,38,4.052631578947368,2026-10-18,40,0.95
h009,38,3.8421052631578947,2026-10-18,50,0.76
h010,41,4.024390243902439,2026-10-18,40,1.0
h011,51,4.215686274509804,2026-10-18,60,0.85
h012,42,4.0476190476190474,2026-10-18,50,0.84
h013,44,3.909090909090909,2026-10-18,50,0.88
h014,50,3.64,2026-10-18,60,0.8333333333333334
h015,58,3.7241379310344827,2026-10-18,60,0.9666666666666667
h016,73,3.8493150684931505,2026-10-18,80,0.9125
h017,45,4.0,2026-10-18,50,0.9
h018,59,3.8135593220338984,2026-10-18,60,0.9833333333333333
h019,43,3.6744186046511627,2026-10-18,50,0.86
h020,52,3.8461538461538463,2026-10-18,60,0.8666666666666667
h021,46,3.9565217391304346,2026-10-18,50,0.92
h022,26,3.5,2026-10-18,30,0.8666666666666667
h023,26,4.115384615384615,2026-10-18,30,0.8666666666666667
h024,54,3.611111111111111,2026-10-18,60,0.9
h025,38,3.6578947368421053,2026-10-18,40,0.95
h026,43,4.023255813953488,2026-10-18,50,0.86
h027,58,3.9310344827586206,2026-10-18,60,0.9666666666666667
h028,37,3.72972972972973,2026-10-18,40,0.925
h029,23,3.5217391304347827,2026-10-18,30,0.7666666666666667
h030,55,3.709090909090909,2026-10-18,60,0.9166666666666666
h031,55,3.981818181818182,2026-10-18,60,0.9166666666666666
h032,39,3.717948717948718,2026-10-18,40,0.975
h033,27,4.0,2026-10-18,40,0.675
h034,54,3.8703703703703702,2026-10-18,60,0.9
h035,59,3.8813559322033897,2026-10-18,70,0.8428571428571429
h036,32,3.4375,2026-10-18,40,0.8
h037,27,4.222222222222222,2026-10-18,40,0.675
h038,27,3.6296296296296298,2026-10-18,30,0.9
h039,68,3.8529411764705883,2026-10-18,70,0.9714285714285714
h040,41,3.6341463414634148,2026-10-18,50,0.82
h041,36,3.888888888888889,2026-10-18,40,0.9
h042,49,3.693877551020408,2026-10-18,50,0.98
h043,53,3.9245283018867925,2026-10-18,60,0.8833333333333333
h044,47,3.8297872340425534,2026-10-18,50,0.94
h045,48,4.0,2026-10-18,50,0.96
h046,42,4.166666666666667,2026-10-18,50,0.84
h047,29,3.7586206896551726,2026-10-18,40,0.725
h048,35,4.057142857142857,2026-10-18,40,0.875
h049,49,4.040816326530612,2026-10-18,60,0.8166666666666667
h050,39,3.7948717948717947,2026-10-18,40,0.975
h001,63,3.888888888888889,2026-10-19,70,0.9
h002,26,3.6923076923076925,2026-10-19,30,0.8666666666666667
h003,37,3.72972972972973,2026-10-19,40,0.925
h004,30,4.3,2026-10-19,40,0.75
h005,35,3.857142857142857,2026-10-19,40,0.875
h006,55,3.6545454545454548,2026-10-19,70,0.7857142857142857
h007,39,3.8974358974358974,2026-10-19,40,0.975
h008,38,4.052631578947368,2026-10-19,40,0.95
h009,38,3.8421052631578947,2026-10-19,50,0.76
h010,41,4.024390243902439,2026-10-19,40,1.0
h011,50,4.24,2026-10-19,60,0.8333333333333334
h012,42,4.0476190476190474,2026-10-19,50,0.84
h013,44,3.909090909090909,2026-10-19,50,0.88
h014,50,3.64,2026-10-19,60,0.8333333333333334
h015,58,3.7241379310344827,2026-10-19,60,0.9666666666666667
h016,73,3.8493150684931505,2026-10-19,80,0.9125
h017,45,4.0,2026-10-19,50,0.9
h018,59,3.8135593220338984,2026-10-19,60,0.9833333333333333
h019,43,3.6744186046511627,2026-10-19,50,0.86
h020,52,3.8461538461538463,2026-10-19,60,0.8666666666666667
h021,46,3.9565217391304346,2026-10-19,50,0.92
h022,26,3.5,2026-10-19,30,0.8666666666666667
h023,26,4.115384615384615,2026-10-19,30,0.8666666666666667
h024,54,3.611111111111111,2026-10-19,60,0.9
h025,37,3.7027027027027026,2026-10-19,40,0.925
h026,43,4.023255813953488,2026-10-19,50,0.86
h027,58,3.9310344827586206,2026-10-19,60,0.9666666666666667
h028,37,3.72972972972973,2026-10-19,40,0.925
h029,23,3.5217391304347827,2026-10-19,30,0.7666666666666667
h030,55,3.709090909090909,2026-10-19,60,0.9166666666666666
h031,55,3.981818181818182,2026-10-19,60,0.9166666666666666
h032,39,3.717948717948718,2026-10-19,40,0.975
h033,27,4.0,2026-10-19,40,0.675
h034,54,3.8703703703703702,2026-10-19,60,0.9
h035,60,3.85,2026-10-19,70,0.8571428571428571
h036,32,3.4375,2026-10-19,40,0.8
h037,27,4.222222222222222,2026-10-19,40,0.675
h038,27,3.6296296296296298,2026-10-19,30,0.9
h039,68,3.8529411764705883,2026-10-19,70,0.9714285714285714
h040,41,3.6341463414634148,2026-10-19,50,0.82
h041,36,3.888888888888889,2026-10-19,40,0.9
h042,49,3.693877551020408,2026-10-19,50,0.98
h043,53,3.9245283018867925,2026-10-19,60,0.8833333333333333
h044,47,3.8297872340425534,2026-10-19,50,0.94
h045,48,4.0,2026-10-19,50,0.96
h046,42,4.166666666666667,2026-10-19,50,0.84
h047,29,3.7586206896551726,2026-10-19,40,0.725
h048,35,4.057142857142857,2026-10-19,40,0.875
h049,49,4.040816326530612,2026-10-19,60,0.8166666666666667
h050,38,3.789473684210526,2026-10-19,40,0.95
h001,63,3.888888888888889,2026-10-20,70,0.9
h002,26,3.6923076923076925,2026-10-20,30,0.8666666666666667
h003,37,3.72972972972973,2026-10-20,40,0.925
h004,30,4.3,2026-10-20,40,0.75
h005,35,3.857142857142857,2026-10-20,40,0.875
h006,56,3.642857142857143,2026-10-20,70,0.8
h007,39,3.8974358974358974,2026-10-20,40,0.975
h008,38,4.052631578947368,2026-10-20,40,0.95
h009,38,3.8421052631578947,2026-10-20,50,0.76
h010,41,4.024390243902439,2026-10-20,40,1.0
h011,50,4.24,2026-10-20,60,0.8333333333333334
h012,42,4.0476190476190474,2026-10-20,50,0.84
h013,44,3.909090909090909,2026-10-20,50,0.88
h014,50,3.64,2026-10-20,60,0.8333333333333334
h015,58,3.7241379310344827,2026-10-20,60,0.9666666666666667
h016,73,3.8493150684931505,2026-10-20,80,0.9125
h017,45,4.0,2026-10-20,50,0.9
h018,59,3.8135593220338984,2026-10-20,60,0.9833333333333333
h019,43,3.6744186046511627,2026-10-20,50,0.86
h020,51,3.8627450980392157,2026-10-20,60,0.85
h021,46,3.9565217391304346,2026-10-20,50,0.92
h022,26,3.5,2026-10-20,30,0.8666666666666667
h023,26,4.115384615384615,2026-10-20,30,0.8666666666666667
h024,54,3.611111111111111,2026-10-20,60,0.9
h025,37,3.7027027027027026,2026-10-20,40,0.925
h026,43,4.023255813953488,2026-10-20,50,0.86
h027,58,3.9310344827586206,2026-10-20,60,0.9666666666666667
h028,37,3.72972972972973,2026-10-20,40,0.925
h029,23,3.5217391304347827,2026-10-20,30,0.7666666666666667
h030,55,3.709090909090909,2026-10-20,60,0.9166666666666666
h031,55,3.981818181818182,2026-10-20,60,0.9166666666666666
h032,39,3.717948717948718,2026-10-20,40,0.975
h033,27,4.0,2026-10-20,40,0.675
h034,54,3.8703703703703702,2026-10-20,60,0.9
h035,60,3.85,2026-10-20,70,0.8571428571428571
h036,32,3.4375,2026-10-20,40,0.8
h037,27,4.222222222222222,2026-10-20,40,0.675
h038,27,3.6296296296296298,2026-10-20,30,0.9
h039,69,3.8550724637681157,2026-10-20,70,0.9857142857142858
h040,41,3.6341463414634148,2026-10-20,50,0.82
h041,36,3.888888888888889,2026-10-20,40,0.9
h042,50,3.7,2026-10-20,50,1.0
h043,53,3.9245283018867925,2026-10-20,60,0.8833333333333333
h044,47,3.8297872340425534,2026-10-20,50,0.94
h045,48,4.0,2026-10-20,50,0.96
h046,42,4.166666666666667,2026-10-20,50,0.84
h047,29,3.7586206896551726,2026-10-20,40,0.725
h048,35,4.057142857142857,2026-10-20,40,0.875
h049,49,4.040816326530612,2026-10-20,60,0.8166666666666667
h050,38,3.789473684210526,2026-10-20,40,0.95
h001,63,3.888888888888889,2026-10-21,70,0.9
h002,26,3.6923076923076925,2026-10-21,30,0.8666666666666667
h003,37,3.72972972972973,2026-10-21,40,0.925
h004,30,4.3,2026-10-21,40,0.75
h005,35,3.857142857142857,2026-10-21,40,0.875
h006,56,3.642857142857143,2026-10-21,70,0.8
h007,39,3.8974358974358974,2026-10-21,40,0.975
h008,38,4.052631578947368,2026-10-21,40,0.95
h009,38,3.8421052631578947,2026-10-21,50,0.76
h010,41,4.024390243902439,2026-10-21,40,1.0
h011,50,4.24,2026-10-21,60,0.8333333333333334
h012,42,4.0476190476190474,2026-10-21,50,0.84
h013,44,3.909090909090909,2026-10-21,50,0.88
h014,50,3.64,2026-10-21,60,0.8333333333333334
h015,58,3.7241379310344827,2026-10-21,60,0.9666666666666667
h016,72,3.8472222222222223,2026-10-21,80,0.9
h017,45,4.0,2026-10-21,50,0.9
h018,59,3.8135593220338984,2026-10-21,60,0.9833333333333333
h019,43,3.6744186046511627,2026-10-21,50,0.86
h020,51,3.8627450980392157,2026-10-21,60,0.85
h021,46,3.9565217391304346,2026-10-21,50,0.92
h022,26,3.5,2026-10-21,30,0.8666666666666667
h023,26,4.115384615384615,2026-10-21,30,0.8666666666666667
h024,54,3.611111111111111,2026-10-21,60,0.9
h025,37,3.7027027027027026,2026-10-21,40,0.925
h026,43,4.023255813953488,2026-10-21,50,0.86
h027,58,3.9310344827586206,2026-10-21,60,0.9666666666666667
h028,37,3.72972972972973,2026-10-21,40,0.925
h029,23,3.5217391304347827,2026-10-21,30,0.7666666666666667
h030,55,3.709090909090909,2026-10-21,60,0.9166666666666666
h031,55,3.981818181818182,2026-10-21,60,0.9166666666666666
h032,39,3.717948717948718,2026-10-21,40,0.975
h033,27,4.0,2026-10-21,40,0.675
h034,54,3.8703703703703702,2026-10-21,60,0.9
h035,60,3.85,2026-10-21,70,0.8571428571428571
h036,32,3.4375,2026-10-21,40,0.8
h037,27,4.222222222222222,2026-10-21,40,0.675
h038,27,3.6296296296296298,2026-10-21,30,0.9
h039,69,3.8550724637681157,2026-10-21,70,0.9857142857142858
h040,41,3.6341463414634148,2026-10-21,50,0.82
h041,36,3.888888888888889,2026-10-21,40,0.9
h042,50,3.7,2026-10-21,50,1.0
h043,53,3.9245283018867925,2026-10-21,60,0.8833333333333333
h044,47,3.8297872340425534,2026-10-21,50,0.94
h045,48,4.0,2026-10-21,50,0.96
h046,43,4.209302325581396,2026-10-21,50,0.86
h047,29,3.7586206896551726,2026-10-21,40,0.725
h048,35,4.057142857142857,2026-10-21,40,0.875
h049,49,4.040816326530612,2026-10-21,60,0.8166666666666667
h050,38,3.789473684210526,2026-10-21,40,0.95
h001,63,3.888888888888889,2026-10-22,70,0.9
h002,26,3.6923076923076925,2026-10-22,30,0.8666666666666667
h003,37,3.72972972972973,2026-10-22,40,0.925
h004,30,4.3,2026-10-22,40,0.75
h005,35,3.857142857142857,2026-10-22,40,0.875
h006,56,3.642857142857143,2026-10-22,70,0.8
h007,39,3.8974358974358974,2026-10-22,40,0.975
h008,38,4.052631578947368,2026-10-22,40,0.95
h009,38,3.8421052631578947,2026-10-22,50,0.76
h010,41,4.024390243902439,2026-10-22,40,1.0
h011,50,4.24,2026-10-22,60,0.8333333333333334
h012,42,4.0476190476190474,2026-10-22,50,0.84
h013,44,3.909090909090909,2026-10-22,50,0.88
h014,50,3.64,2026-10-22,60,0.8333333333333334
h015,58,3.7241379310344827,2026-10-22,60,0.9666666666666667
h016,72,3.8472222222222223,2026-10-22,80,0.9
h017,45,4.0,2026-10-22,50,0.9
h018,59,3.8135593220338984,2026-10-22,60,0.9833333333333333
h019,43,3.6744186046511627,2026-10-22,50,0.86
h020,51,3.8627450980392157,2026-10-22,60,0.85
h021,46,3.9565217391304346,2026-10-22,50,0.92
h022,26,3.5,2026-10-22,30,0.8666666666666667
h023,26,4.115384615384615,2026-10-22,30,0.8666666666666667
h024,55,3.581818181818182,2026-10-22,60,0.9166666666666666
h025,37,3.7027027027027026,2026-10-22,40,0.925
h026,43,4.023255813953488,2026-10-22,50,0.86
h027,58,3.9310344827586206,2026-10-22,60,0.9666666666666667
h028,37,3.72972972972973,2026-10-22,40,0.925
h029,23,3.5217391304347827,2026-10-22,30,0.7666666666666667
h030,56,3.7142857142857144,2026-10-22,60,0.9333333333333333
h031,55,3.981818181818182,2026-10-22,60,0.9166666666666666
h032,39,3.717948717948718,2026-10-22,40,0.975
h033,27,4.0,2026-10-22,40,0.675
h034,52,3.826923076923077,2026-10-22,60,0.8666666666666667
h035,60,3.85,2026-10-22,70,0.8571428571428571
h036,32,3.4375,2026-10-22,40,0.8
h037,27,4.222222222222222,2026-10-22,40,0.675
h038,27,3.6296296296296298,2026-10-22,30,0.9
h039,69,3.8550724637681157,2026-10-22,70,0.9857142857142858
h040,41,3.6341463414634148,2026-10-22,50,0.82
h041,36,3.888888888888889,2026-10-22,40,0.9
h042,50,3.7,2026-10-22,50,1.0
h043,53,3.9245283018867925,2026-10-22,60,0.8833333333333333
h044,48,3.8541666666666665,2026-10-22,50,0.96
h045,48,4.0,2026-10-22,50,0.96
h046,42,4.214285714285714,2026-10-22,50,0.84
h047,29,3.7586206896551726,2026-10-22,40,0.725
h048,35,4.057142857142857,2026-10-22,40,0.875
h049,49,4.040816326530612,2026-10-22,60,0.8166666666666667
h050,37,3.7567567567567566,2026-10-22,40,0.925
h001,63,3.888888888888889,2026-10-23,70,0.9
h002,26,3.6923076923076925,2026-10-23,30,0.8666666666666667
h003,37,3.72972972972973,2026-10-23,40,0.925
h004,31,4.193548387096774,2026-10-23,40,0.775
h005,35,3.857142857142857,2026-10-23,40,0.875
h006,56,3.642857142857143,2026-10-23,70,0.8
h007,39,3.8974358974358974,2026-10-23,40,0.975
h008,38,4.052631578947368,2026-10-23,40,0.95
h009,38,3.8421052631578947,2026-10-23,50,0.76
h010,41,4.024390243902439,2026-10-23,40,1.0
h011,50,4.24,2026-10-23,60,0.8333333333333334
h012,42,4.0476190476190474,2026-10-23,50,0.84
h013,43,3.86046511627907,2026-10-23,50,0.86
h014,50,3.64,2026-10-23,60,0.8333333333333334
h015,58,3.7241379310344827,2026-10-23,60,0.9666666666666667
h016,72,3.8472222222222223,2026-10-23,80,0.9
h017,46,4.0,2026-10-23,50,0.92
h018,59,3.8135593220338984,2026-10-23,60,0.9833333333333333
h019,43,3.6744186046511627,2026-10-23,50,0.86
h020,51,3.8627450980392157,2026-10-23,60,0.85
h021,46,3.9565217391304346,2026-10-23,50,0.92
h022,26,3.5,2026-10-23,30,0.8666666666666667
h023,26,4.115384615384615,2026-10-23,30,0.8666666666666667
h024,55,3.581818181818182,2026-10-23,60,0.9166666666666666
h025,37,3.7027027027027026,2026-10-23,40,0.925
h026,43,4.023255813953488,2026-10-23,50,0.86
h027,58,3.9310344827586206,2026-10-23,60,0.9666666666666667
h028,37,3.72972972972973,2026-10-23,40,0.925
h029,23,3.5217391304347827,2026-10-23,30,0.7666666666666667
h030,56,3.7142857142857144,2026-10-23,60,0.9333333333333333
h031,55,3.981818181818182,2026-10-23,60,0.9166666666666666
h032,39,3.717948717948718,2026-10-23,40,0.975
h033,28,4.071428571428571,2026-10-23,40,0.7
h034,52,3.826923076923077,2026-10-23,60,0.8666666666666667
h035,60,3.85,2026-10-23,70,0.8571428571428571
h036,32,3.4375,2026-10-23,40,0.8
h037,27,4.222222222222222,2026-10-23,40,0.675
h038,27,3.6296296296296298,2026-10-23,30,0.9
h039,68,3.8529411764705883,2026-10-23,70,0.9714285714285714
h040,41,3.6341463414634148,2026-10-23,50,0.82
h041,36,3.888888888888889,2026-10-23,40,0.9
h042,50,3.7,2026-10-23,50,1.0
h043,53,3.9245283018867925,2026-10-23,60,0.8833333333333333
h044,48,3.8541666666666665,2026-10-23,50,0.96
h045,48,4.0,2026-10-23,50,0.96
h046,42,4.214285714285714,2026-10-23,50,0.84
h047,29,3.7586206896551726,2026-10-23,40,0.725
h048,35,4.057142857142857,2026-10-23,40,0.875
h049,49,4.040816326530612,2026-10-23,60,0.8166666666666667
h050,36,3.7777777777777777,2026-10-23,40,0.9
h001,63,3.888888888888889,2026-10-24,70,0.9
h002,26,3.6923076923076925,2026-10-24,30,0.8666666666666667
h003,37,3.72972972972973,2026-10-24,40,0.925
h004,31,4.193548387096774,2026-10-24,40,0.775
h005,35,3.857142857142857,2026-10-24,40,0.875
h006,57,3.6491228070175437,2026-10-24,70,0.8142857142857143
h007,39,3.8974358974358974,2026-10-24,40,0.975
h008,38,4.052631578947368,2026-10-24,40,0.95
h009,38,3.8421052631578947,2026-10-24,50,0.76
h010,41,4.024390243902439,2026-10-24,40,1.0
h011,50,4.24,2026-10-24,60,0.8333333333333334
h012,42,4.0476190476190474,2026-10-24,50,0.84
h013,43,3.86046511627907,2026-10-24,50,0.86
h014,50,3.64,2026-10-24,60,0.8333333333333334
h015,58,3.7241379310344827,2026-10-24,60,0.9666666666666667
h016,72,3.8472222222222223,2026-10-24,80,0.9
h017,46,4.0,2026-10-24,50,0.92
h018,59,3.8135593220338984,2026-10-24,60,0.9833333333333333
h019,43,3.6744186046511627,2026-10-24,50,0.86
h020,51,3.8627450980392157,2026-10-24,60,0.85
h021,45,3.9555555555555557,2026-10-24,50,0.9
h022,26,3.5,2026-10-24,30,0.8666666666666667
h023,26,4.115384615384615,2026-10-24,30,0.8666666666666667
h024,55,3.581818181818182,2026-10-24,60,0.9166666666666666
h025,37,3.7027027027027026,2026-10-24,40,0.925
h026,43,4.023255813953488,2026-10-24,50,0.86
h027,59,3.9322033898305087,2026-10-24,60,0.9833333333333333
h028,37,3.72972972972973,2026-10-24,40,0.925
h029,23,3.5217391304347827,2026-10-24,30,0.7666666666666667
h030,56,3.7142857142857144,2026-10-24,60,0.9333333333333333
h031,55,3.981818181818182,2026-10-24,60,0.9166666666666666
h032,39,3.717948717948718,2026-10-24,40,0.975
h033,28,4.071428571428571,2026-10-24,40,0.7
h034,52,3.826923076923077,2026-10-24,60,0.8666666666666667
h035,60,3.85,2026-10-24,70,0.8571428571428571
h036,32,3.4375,2026-10-24,40,0.8
h037,27,4.222222222222222,2026-10-24,40,0.675
h038,27,3.6296296296296298,2026-10-24,30,0.9
h039,67,3.8358208955223883,2026-10-24,70,0.9571428571428572
h040,41,3.6341463414634148,2026-10-24,50,0.82
h041,36,3.888888888888889,2026-10-24,40,0.9
h042,50,3.7,2026-10-24,50,1.0
h043,53,3.9245283018867925,2026-10-24,60,0.8833333333333333
h044,48,3.8541666666666665,2026-10-24,50,0.96
h045,48,4.0,2026-10-24,50,0.96
h046,42,4.214285714285714,2026-10-24,50,0.84
h047,29,3.7586206896551726,2026-10-24,40,0.725
h048,35,4.057142857142857,2026-10-24,40,0.875
h049,49,4.040816326530612,2026-10-24,60,0.8166666666666667
h050,36,3.7777777777777777,2026-10-24,40,0.9
h001,63,3.888888888888889,2026-10-25,70,0.9
h002,26,3.6923076923076925,2026-10-25,30,0.8666666666666667
h003,37,3.72972972972973,2026-10-25,40,0.925
h004,31,4.193548387096774,2026-10-25,40,0.775
h005,35,3.857142857142857,2026-10-25,40,0.875
h006,57,3.6491228070175437,2026-10-25,70,0.8142857142857143
h007,39,3.8974358974358974,2026-10-25,40,0.975
h008,38,4.052631578947368,2026-10-25,40,0.95
h009,38,3.8421052631578947,2026-10-25,50,0.76
h010,41,4.024390243902439,2026-10-25,40,1.0
h011,50,4.24,2026-10-25,60,0.8333333333333334
h012,42,4.0476190476190474,2026-10-25,50,0.84
h013,43,3.86046511627907,2026-10-25,50,0.86
h014,51,3.627450980392157,2026-10-25,60,0.85
h015,58,3.7241379310344827,2026-10-25,60,0.9666666666666667
h016,72,3.8472222222222223,2026-10-25,80,0.9
h017,46,4.0,2026-10-25,50,0.92
h018,59,3.8135593220338984,2026-10-25,60,0.9833333333333333
h019,43,3.6744186046511627,2026-10-25,50,0.86
h020,51,3.8627450980392157,2026-10-25,60,0.85
h021,45,3.9555555555555557,2026-10-25,50,0.9
h022,26,3.5,2026-10-25,30,0.8666666666666667
h023,26,4.115384615384615,2026-10-25,30,0.8666666666666667
h024,55,3.581818181818182,2026-10-25,60,0.9166666666666666
h025,37,3.7027027027027026,2026-10-25,40,0.925
h026,43,4.023255813953488,2026-10-25,50,0.86
h027,59,3.9322033898305087,2026-10-25,60,0.9833333333333333
h028,37,3.72972972972973,2026-10-25,40,0.925
h029,23,3.5217391304347827,2026-10-25,30,0.7666666666666667
h030,56,3.7142857142857144,2026-10-25,60,0.9333333333333333
h031,55,3.981818181818182,2026-10-25,60,0.9166666666666666
h032,40,3.7,2026-10-25,40,1.0
h033,28,4.071428571428571,2026-10-25,40,0.7
h034,52,3.826923076923077,2026-10-25,60,0.8666666666666667
h035,60,3.85,2026-10-25,70,0.8571428571428571
h036,33,3.3636363636363638,2026-10-25,40,0.825
h037,27,4.222222222222222,2026-10-25,40,0.675
h038,27,3.6296296296296298,2026-10-25,30,0.9
h039,67,3.8358208955223883,2026-10-25,70,0.9571428571428572
h040,41,3.6341463414634148,2026-10-25,50,0.82
h041,35,3.8857142857142857,2026-10-25,40,0.875
h042,50,3.7,2026-10-25,50,1.0
h043,53,3.9245283018867925,2026-10-25,60,0.8833333333333333
h044,48,3.8541666666666665,2026-10-25,50,0.96
h045,48,4.0,2026-10-25,50,0.96
h046,42,4.214285714285714,2026-10-25,50,0.84
h047,29,3.7586206896551726,2026-10-25,40,0.725
h048,35,4.057142857142857,2026-10-25,40,0.875
h049,49,4.040816326530612,2026-10-25,60,0.8166666666666667
h050,36,3.7777777777777777,2026-10-25,40,0.9
h001,63,3.888888888888889,2026-10-26,70,0.9
h002,26,3.6923076923076925,2026-10-26,30,0.8666666666666667
h003,38,3.789473684210526,2026-10-26,40,0.95
h004,31,4.193548387096774,2026-10-26,40,0.775
h005,35,3.857142857142857,2026-10-26,40,0.875
h006,57,3.6491228070175437,2026-10-26,70,0.8142857142857143
h007,39,3.8974358974358974,2026-10-26,40,0.975
h008,38,4.052631578947368,2026-10-26,40,0.95
h009,37,3.8378378378378377,2026-10-26,50,0.74
h010,41,4.024390243902439,2026-10-26,40,1.0
h011,50,4.24,2026-10-26,60,0.8333333333333334
h012,42,4.0476190476190474,2026-10-26,50,0.84
h013,43,3.86046511627907,2026-10-26,50,0.86
h014,52,3.6538461538461537,2026-10-26,60,0.8666666666666667
h015,58,3.7241379310344827,2026-10-26,60,0.9666666666666667
h016,72,3.8472222222222223,2026-10-26,80,0.9
h017,46,4.0,2026-10-26,50,0.92
h018,59,3.8135593220338984,2026-10-26,60,0.9833333333333333
h019,43,3.6744186046511627,2026-10-26,50,0.86
h020,51,3.8627450980392157,2026-10-26,60,0.85
h021,45,3.9555555555555557,2026-10-26,50,0.9
h022,27,3.5185185185185186,2026-10-26,30,0.9
h023,26,4.115384615384615,2026-10-26,30,0.8666666666666667
h024,55,3.581818181818182,2026-10-26,60,0.9166666666666666
h025,37,3.7027027027027026,2026-10-26,40,0.925
h026,43,4.023255813953488,2026-10-26,50,0.86
h027,58,3.9310344827586206,2026-10-26,60,0.9666666666666667
h028,37,3.72972972972973,2026-10-26,40,0.925
h029,23,3.5217391304347827,2026-10-26,30,0.7666666666666667
h030,56,3.7142857142857144,2026-10-26,60,0.9333333333333333
h031,55,3.981818181818182,2026-10-26,60,0.9166666666666666
h032,40,3.7,2026-10-26,40,1.0
h033,28,4.071428571428571,2026-10-26,40,0.7
h034,52,3.826923076923077,2026-10-26,60,0.8666666666666667
h035,61,3.8688524590163933,2026-10-26,70,0.8714285714285714
h036,33,3.3636363636363638,2026-10-26,40,0.825
h037,27,4.222222222222222,2026-10-26,40,0.675
h038,27,3.6296296296296298,2026-10-26,30,0.9
h039,67,3.8358208955223883,2026-10-26,70,0.9571428571428572
h040,41,3.6341463414634148,2026-10-26,50,0.82
h041,35,3.8857142857142857,2026-10-26,40,0.875
h042,50,3.7,2026-10-26,50,1.0
h043,53,3.9245283018867925,2026-10-26,60,0.8833333333333333
h044,48,3.8541666666666665,2026-10-26,50,0.96
h045,48,4.0,2026-10-26,50,0.96
h046,42,4.214285714285714,2026-10-26,50,0.84
h047,29,3.7586206896551726,2026-10-26,40,0.725
h048,35,4.057142857142857,2026-10-26,40,0.875
h049,49,4.040816326530612,2026-10-26,60,0.8166666666666667
h050,36,3.7777777777777777,2026-10-26,40,0.9
h001,63,3.888888888888889,2026-10-27,70,0.9
h002,26,3.6923076923076925,2026-10-27,30,0.8666666666666667
h003,38,3.789473684210526,2026-10-27,40,0.95
h004,31,4.193548387096774,2026-10-27,40,0.775
h005,35,3.857142857142857,2026-10-27,40,0.875
h006,57,3.6491228070175437,2026-10-27,70,0.8142857142857143
h007,39,3.8974358974358974,2026-10-27,40,0.975
h008,37,4.027027027027027,2026-10-27,40,0.925
h009,37,3.8378378378378377,2026-10-27,50,0.74
h010,41,4.024390243902439,2026-10-27,40,1.0
h011,50,4.24,2026-10-27,60,0.8333333333333334
h012,42,4.0476190476190474,2026-10-27,50,0.84
h013,43,3.86046511627907,2026-10-27,50,0.86
h014,52,3.6538461538461537,2026-10-27,60,0.8666666666666667
h015,56,3.75,2026-10-27,60,0.9333333333333333
h016,72,3.8472222222222223,2026-10-27,80,0.9
h017,46,4.0,2026-10-27,50,0.92
h018,59,3.8135593220338984,2026-10-27,60,0.9833333333333333
h019,43,3.6744186046511627,2026-10-27,50,0.86
h020,51,3.8627450980392157,2026-10-27,60,0.85
h021,46,3.9782608695652173,2026-10-27,50,0.92
h022,27,3.5185185185185186,2026-10-27,30,0.9
h023,26,4.115384615384615,2026-10-27,30,0.8666666666666667
h024,55,3.581818181818182,2026-10-27,60,0.9166666666666666
h025,37,3.7027027027027026,2026-10-27,40,0.925
h026,43,4.023255813953488,2026-10-27,50,0.86
h027,58,3.9310344827586206,2026-10-27,60,0.9666666666666667
h028,37,3.72972972972973,2026-10-27,40,0.925
h029,23,3.5217391304347827,2026-10-27,30,0.7666666666666667
h030,56,3.7142857142857144,2026-10-27,60,0.9333333333333333
h031,55,3.981818181818182,2026-10-27,60,0.9166666666666666
h032,40,3.7,2026-10-27,40,1.0
h033,28,4.071428571428571,2026-10-27,40,0.7
h034,52,3.826923076923077,2026-10-27,60,0.8666666666666667
h035,61,3.8688524590163933,2026-10-27,70,0.8714285714285714
h036,33,3.3636363636363638,2026-10-27,40,0.825
h037,27,4.222222222222222,2026-10-27,40,0.675
h038,27,3.6296296296296298,2026-10-27,30,0.9
h039,66,3.8333333333333335,2026-10-27,70,0.9428571428571428
h040,41,3.6341463414634148,2026-10-27,50,0.82
h041,35,3.8857142857142857,2026-10-27,40,0.875
h042,50,3.7,2026-10-27,50,1.0
h043,53,3.9245283018867925,2026-10-27,60,0.8833333333333333
h044,48,3.8541666666666665,2026-10-27,50,0.96
h045,48,4.0,2026-10-27,50,0.96
h046,43,4.209302325581396,2026-10-27,50,0.86
h047,29,3.7586206896551726,2026-10-27,40,0.725
h048,35,4.057142857142857,2026-10-27,40,0.875
h049,49,4.040816326530612,2026-10-27,60,0.8166666666666667
h050,36,3.7777777777777777,2026-10-27,40,0.9
h001,63,3.888888888888889,2026-10-28,70,0.9
h002,26,3.6923076923076925,2026-10-28,30,0.8666666666666667
h003,38,3.789473684210526,2026-10-28,40,0.95
h004,31,4.193548387096774,2026-10-28,40,0.775
h005,35,3.857142857142857,2026-10-28,40,0.875
h006,57,3.6491228070175437,2026-10-28,70,0.8142857142857143
h007,39,3.8974358974358974,2026-10-28,40,0.975
h008,37,4.027027027027027,2026-10-28,40,0.925
h009,37,3.8378378378378377,2026-10-28,50,0.74
h010,41,4.024390243902439,2026-10-28,40,1.0
h011,50,4.24,2026-10-28,60,0.8333333333333334
h012,42,4.0476190476190474,2026-10-28,50,0.84
h013,42,3.8333333333333335,2026-10-28,50,0.84
h014,52,3.6538461538461537,2026-10-28,60,0.8666666666666667
h015,56,3.75,2026-10-28,60,0.9333333333333333
h016,72,3.8472222222222223,2026-10-28,80,0.9
h017,46,4.0,2026-10-28,50,0.92
h018,59,3.8135593220338984,2026-10-28,60,0.9833333333333333
h019,43,3.6744186046511627,2026-10-28,50,0.86
h020,51,3.8627450980392157,2026-10-28,60,0.85
h021,46,3.9782608695652173,2026-10-28,50,0.92
h022,26,3.5,2026-10-28,30,0.8666666666666667
h023,26,4.115384615384615,2026-10-28,30,0.8666666666666667
h024,55,3.581818181818182,2026-10-28,60,0.9166666666666666
h025,37,3.7027027027027026,2026-10-28,40,0.925
h026,43,4.023255813953488,2026-10-28,50,0.86
h027,58,3.9310344827586206,2026-10-28,60,0.9666666666666667
h028,37,3.72972972972973,2026-10-28,40,0.925
h029,23,3.5217391304347827,2026-10-28,30,0.7666666666666667
h030,56,3.7142857142857144,2026-10-28,60,0.9333333333333333
h031,55,3.981818181818182,2026-10-28,60,0.9166666666666666
h032,40,3.7,2026-10-28,40,1.0
h033,28,4.071428571428571,2026-10-28,40,0.7
h034,52,3.826923076923077,2026-10-28,60,0.8666666666666667
h035,61,3.8688524590163933,2026-10-28,70,0.8714285714285714
h036,33,3.3636363636363638,2026-10-28,40,0.825
h037,27,4.222222222222222,2026-10-28,40,0.675
h038,27,3.6296296296296298,2026-10-28,30,0.9
h039,66,3.8333333333333335,2026-10-28,70,0.9428571428571428
h040,41,3.6341463414634148,2026-10-28,50,0.82
h041,35,3.8857142857142857,2026-10-28,40,0.875
h042,50,3.7,2026-10-28,50,1.0
h043,53,3.9245283018867925,2026-10-28,60,0.8833333333333333
h044,48,3.8541666666666665,2026-10-28,50,0.96
h045,48,4.0,2026-10-28,50,0.96
h046,43,4.209302325581396,2026-10-28,50,0.86
h047,29,3.7586206896551726,2026-10-28,40,0.725
h048,35,4.057142857142857,2026-10-28,40,0.875
h049,48,4.020833333333333,2026-10-28,60,0.8
h050,36,3.7777777777777777,2026-10-28,40,0.9
h001,63,3.888888888888889,2026-10-29,70,0.9
h002,26,3.6923076923076925,2026-10-29,30,0.8666666666666667
h003,38,3.789473684210526,2026-10-29,40,0.95
h004,31,4.193548387096774,2026-10-29,40,0.775
h005,36,3.861111111111111,2026-10-29,40,0.9
h006,57,3.6491228070175437,2026-10-29,70,0.8142857142857143
h007,39,3.8974358974358974,2026-10-29,40,0.975
h008,37,4.027027027027027,2026-10-29,40,0.925
h009,38,3.8157894736842106,2026-10-29,50,0.76
h010,41,4.024390243902439,2026-10-29,40,1.0
h011,50,4.24,2026-10-29,60,0.8333333333333334
h012,42,4.0476190476190474,2026-10-29,50,0.84
h013,42,3.8333333333333335,2026-10-29,50,0.84
h014,52,3.6538461538461537,2026-10-29,60,0.8666666666666667
h015,56,3.75,2026-10-29,60,0.9333333333333333
h016,72,3.8472222222222223,2026-10-29,80,0.9
h017,46,4.0,2026-10-29,50,0.92
h018,59,3.8135593220338984,2026-10-29,60,0.9833333333333333
h019,43,3.6744186046511627,2026-10-29,50,0.86
h020,51,3.8627450980392157,2026-10-29,60,0.85
h021,46,3.9782608695652173,2026-10-29,50,0.92
h022,26,3.5,2026-10-29,30,0.8666666666666667
h023,26,4.115384615384615,2026-10-29,30,0.8666666666666667
h024,55,3.581818181818182,2026-10-29,60,0.9166666666666666
h025,37,3.7027027027027026,2026-10-29,40,0.925
h026,43,4.023255813953488,2026-10-29,50,0.86
h027,58,3.9310344827586206,2026-10-29,60,0.9666666666666667
h028,37,3.72972972972973,2026-10-29,40,0.925
h029,23,3.5217391304347827,2026-10-29,30,0.7666666666666667
h030,56,3.7142857142857144,2026-10-29,60,0.9333333333333333
h031,55,3.981818181818182,2026-10-29,60,0.9166666666666666
h032,40,3.7,2026-10-29,40,1.0
h033,28,4.071428571428571,2026-10-29,40,0.7
h034,52,3.826923076923077,2026-10-29,60,0.8666666666666667
h035,61,3.8688524590163933,2026-10-29,70,0.8714285714285714
h036,33,3.3636363636363638,2026-10-29,40,0.825
h037,27,4.222222222222222,2026-10-29,40,0.675
h038,27,3.6296296296296298,2026-10-29,30,0.9
h039,66,3.8333333333333335,2026-10-29,70,0.9428571428571428
h040,41,3.6341463414634148,2026-10-29,50,0.82
h041,35,3.8857142857142857,2026-10-29,40,0.875
h042,50,3.7,2026-10-29,50,1.0
h043,53,3.9245283018867925,2026-10-29,60,0.8833333333333333
h044,48,3.8541666666666665,2026-10-29,50,0.96
h045,48,4.0,2026-10-29,50,0.96
h046,43,4.209302325581396,2026-10-29,50,0.86
h047,29,3.7586206896551726,2026-10-29,40,0.725
h048,35,4.057142857142857,2026-10-29,40,0.875
h049,48,4.020833333333333,2026-10-29,60,0.8
h050,36,3.7777777777777777,2026-10-29,40,0.9
h001,63,3.888888888888889,2026-10-30,70,0.9
h002,26,3.6923076923076925,2026-10-30,30,0.8666666666666667
h003,38,3.789473684210526,2026-10-30,40,0.95
h004,31,4.193548387096774,2026-10-30,40,0.775
h005,36,3.861111111111111,2026-10-30,40,0.9
h006,56,3.6607142857142856,2026-10-30,70,0.8
h007,39,3.8974358974358974,2026-10-30,40,0.975
h008,37,4.027027027027027,2026-10-30,40,0.925
h009,38,3.8157894736842106,2026-10-30,50,0.76
h010,41,4.024390243902439,2026-10-30,40,1.0
h011,50,4.24,2026-10-30,60,0.8333333333333334
h012,42,4.0476190476190474,2026-10-30,50,0.84
h013,42,3.8333333333333335,2026-10-30,50,0.84
h014,52,3.6538461538461537,2026-10-30,60,0.8666666666666667
h015,56,3.75,2026-10-30,60,0.9333333333333333
h016,72,3.8472222222222223,2026-10-30,80,0.9
h017,47,3.978723404255319,2026-10-30,50,0.94
h018,59,3.8135593220338984,2026-10-30,60,0.9833333333333333
h019,43,3.6744186046511627,2026-10-30,50,0.86
h020,51,3.8627450980392157,2026-10-30,60,0.85
h021,46,3.9782608695652173,2026-10-30,50,0.92
h022,26,3.5,2026-10-30,30,0.8666666666666667
h023,26,4.115384615384615,2026-10-30,30,0.8666666666666667
h024,55,3.581818181818182,2026-10-30,60,0.9166666666666666
h025,37,3.7027027027027026,2026-10-30,40,0.925
h026,43,4.023255813953488,2026-10-30,50,0.86
h027,58,3.9310344827586206,2026-10-30,60,0.9666666666666667
h028,37,3.72972972972973,2026-10-30,40,0.925
h029,23,3.5217391304347827,2026-10-30,30,0.7666666666666667
h030,56,3.7142857142857144,2026-10-30,60,0.9333333333333333
h031,55,3.981818181818182,2026-10-30,60,0.9166666666666666
h032,40,3.7,2026-10-30,40,1.0
h033,28,4.071428571428571,2026-10-30,40,0.7
h034,52,3.826923076923077,2026-10-30,60,0.8666666666666667
h035,61,3.8688524590163933,2026-10-30,70,0.8714285714285714
h036,33,3.3636363636363638,2026-10-30,40,0.825
h037,27,4.222222222222222,2026-10-30,40,0.675
h038,27,3.6296296296296298,2026-10-30,30,0.9
h039,66,3.8333333333333335,2026-10-30,70,0.9428571428571428
h040,41,3.6341463414634148,2026-10-30,50,0.82
h041,35,3.8857142857142857,2026-10-30,40,0.875
h042,50,3.7,2026-10-30,50,1.0
h043,53,3.9245283018867925,2026-10-30,60,0.8833333333333333
h044,48,3.8541666666666665,2026-10-30,50,0.96
h045,48,4.0,2026-10-30,50,0.96
h046,43,4.209302325581396,2026-10-30,50,0.86
h047,29,3.7586206896551726,2026-10-30,40,0.725
h048,35,4.057142857142857,2026-10-30,40,0.875
h049,48,4.020833333333333,2026-10-30,60,0.8
h050,36,3.7777777777777777,2026-10-30,40,0.9
h001,63,3.888888888888889,2026-10-31,70,0.9
h002,26,3.6923076923076925,2026-10-31,30,0.8666666666666667
h003,38,3.789473684210526,2026-10-31,40,0.95
h004,31,4.193548387096774,2026-10-31,40,0.775
h005,37,3.891891891891892,2026-10-31,40,0.925
h006,56,3.6607142857142856,2026-10-31,70,0.8
h007,39,3.8974358974358974,2026-10-31,40,0.975
h008,37,4.027027027027027,2026-10-31,40,0.925
h009,38,3.8157894736842106,2026-10-31,50,0.76
h010,40,4.0,2026-10-31,40,1.0
h011,50,4.24,2026-10-31,60,0.8333333333333334
h012,42,4.0476190476190474,2026-10-31,50,0.84
h013,42,3.8333333333333335,2026-10-31,50,0.84
h014,52,3.6538461538461537,2026-10-31,60,0.8666666666666667
h015,56,3.75,2026-10-31,60,0.9333333333333333
h016,72,3.8472222222222223,2026-10-31,80,0.9
h017,47,3.978723404255319,2026-10-31,50,0.94
h018,59,3.8135593220338984,2026-10-31,60,0.9833333333333333
h019,43,3.6744186046511627,2026-10-31,50,0.86
h020,51,3.8627450980392157,2026-10-31,60,0.85
h021,46,3.9782608695652173,2026-10-31,50,0.92
h022,26,3.5,2026-10-31,30,0.8666666666666667
h023,26,4.115384615384615,2026-10-31,30,0.8666666666666667
h024,55,3.581818181818182,2026-10-31,60,0.9166666666666666
h025,37,3.7027027027027026,2026-10-31,40,0.925
h026,43,4.023255813953488,2026-10-31,50,0.86
h027,58,3.9310344827586206,2026-10-31,60,0.9666666666666667
h028,37,3.72972972972973,2026-10-31,40,0.925
h029,23,3.5217391304347827,2026-10-31,30,0.7666666666666667
h030,56,3.7142857142857144,2026-10-31,60,0.9333333333333333
h031,55,3.981818181818182,2026-10-31,60,0.9166666666666666
h032,40,3.7,2026-10-31,40,1.0
h033,28,4.071428571428571,2026-10-31,40,0.7
h034,52,3.826923076923077,2026-10-31,60,0.8666666666666667
h035,61,3.8688524590163933,2026-10-31,70,0.8714285714285714
h036,33,3.3636363636363638,2026-10-31,40,0.825
h037,27,4.222222222222222,2026-10-31,40,0.675
h038,27,3.6296296296296298,2026-10-31,30,0.9
h039,66,3.8333333333333335,2026-10-31,70,0.9428571428571428
h040,41,3.6341463414634148,2026-10-31,50,0.82
h041,35,3.8857142857142857,2026-10-31,40,0.875
h042,50,3.7,2026-10-31,50,1.0
h043,53,3.9245283018867925,2026-10-31,60,0.8833333333333333
h044,48,3.8541666666666665,2026-10-31,50,0.96
h045,48,4.0,2026-10-31,50,0.96
h046,43,4.209302325581396,2026-10-31,50,0.86
h047,29,3.7586206896551726,2026-10-31,40,0.725
h048,35,4.057142857142857,2026-10-31,40,0.875
h049,49,4.020408163265306,2026-10-31,60,0.8166666666666667
h050,36,3.7777777777777777,2026-10-31,40,0.9
h001,63,3.888888888888889,2026-11-01,70,0.9
h002,26,3.6923076923076925,2026-11-01,30,0.8666666666666667
h003,38,3.789473684210526,2026-11-01,40,0.95
h004,31,4.193548387096774,2026-11-01,40,0.775
h005,37,3.891891891891892,2026-11-01,40,0.925
h006,56,3.6607142857142856,2026-11-01,70,0.8
h007,39,3.8974358974358974,2026-11-01,40,0.975
h008,37,4.027027027027027,2026-11-01,40,0.925
h009,38,3.8157894736842106,2026-11-01,50,0.76
h010,40,4.0,2026-11-01,40,1.0
h011,49,4.244897959183674,2026-11-01,60,0.8166666666666667
h012,42,4.0476190476190474,2026-11-01,50,0.84
h013,42,3.8333333333333335,2026-11-01,50,0.84
h014,52,3.6538461538461537,2026-11-01,60,0.8666666666666667
h015,56,3.75,2026-11-01,60,0.9333333333333333
h016,72,3.8472222222222223,2026-11-01,80,0.9
h017,47,3.978723404255319,2026-11-01,50,0.94
h018,60,3.8333333333333335,2026-11-01,60,1.0
h019,43,3.6744186046511627,2026-11-01,50,0.86
h020,51,3.8627450980392157,2026-11-01,60,0.85
h021,46,3.9782608695652173,2026-11-01,50,0.92
h022,26,3.5,2026-11-01,30,0.8666666666666667
h023,26,4.115384615384615,2026-11-01,30,0.8666666666666667
h024,55,3.581818181818182,2026-11-01,60,0.9166666666666666
h025,37,3.7027027027027026,2026-11-01,40,0.925
h026,43,4.023255813953488,2026-11-01,50,0.86
h027,58,3.9310344827586206,2026-11-01,60,0.9666666666666667
h028,37,3.72972972972973,2026-11-01,40,0.925
h029,23,3.5217391304347827,2026-11-01,30,0.7666666666666667
h030,56,3.7142857142857144,2026-11-01,60,0.9333333333333333
h031,55,3.981818181818182,2026-11-01,60,0.9166666666666666
h032,40,3.7,2026-11-01,40,1.0
h033,28,4.071428571428571,2026-11-01,40,0.7
h034,51,3.803921568627451,2026-11-01,60,0.85
h035,61,3.8688524590163933,2026-11-01,70,0.8714285714285714
h036,33,3.3636363636363638,2026-11-01,40,0.825
h037,27,4.222222222222222,2026-11-01,40,0.675
h038,27,3.6296296296296298,2026-11-01,30,0.9
h039,66,3.8333333333333335,2026-11-01,70,0.9428571428571428
h040,41,3.6341463414634148,2026-11-01,50,0.82
h041,36,3.888888888888889,2026-11-01,40,0.9
h042,50,3.7,2026-11-01,50,1.0
h043,53,3.9245283018867925,2026-11-01,60,0.8833333333333333
h044,48,3.8541666666666665,2026-11-01,50,0.96
h045,48,4.0,2026-11-01,50,0.96
h046,43,4.209302325581396,2026-11-01,50,0.86
h047,29,3.7586206896551726,2026-11-01,40,0.725
h048,35,4.057142857142857,2026-11-01,40,0.875
h049,49,4.020408163265306,2026-11-01,60,0.8166666666666667
h050,36,3.7777777777777777,2026-11-01,40,0.9
h001,63,3.888888888888889,2026-11-02,70,0.9
h002,25,3.68,2026-11-02,30,0.8333333333333334
h003,37,3.8378378378378377,2026-11-02,40,0.925
h004,31,4.193548387096774,2026-11-02,40,0.775
h005,37,3.891891891891892,2026-11-02,40,0.925
h006,56,3.6607142857142856,2026-11-02,70,0.8
h007,39,3.8974358974358974,2026-11-02,40,0.975
h008,37,4.027027027027027,2026-11-02,40,0.925
h009,38,3.8157894736842106,2026-11-02,50,0.76
h010,40,4.0,2026-11-02,40,1.0
h011,49,4.244897959183674,2026-11-02,60,0.8166666666666667
h012,42,4.0476190476190474,2026-11-02,50,0.84
h013,41,3.8292682926829267,2026-11-02,50,0.82
h014,52,3.6538461538461537,2026-11-02,60,0.8666666666666667
h015,56,3.75,2026-11-02,60,0.9333333333333333
h016,72,3.8472222222222223,2026-11-02,80,0.9
h017,47,3.978723404255319,2026-11-02,50,0.94
h018,59,3.864406779661017,2026-11-02,60,0.9833333333333333
h019,43,3.6744186046511627,2026-11-02,50,0.86
h020,51,3.8627450980392157,2026-11-02,60,0.85
h021,46,3.9782608695652173,2026-11-02,50,0.92
h022,26,3.5,2026-11-02,30,0.8666666666666667
h023,26,4.115384615384615,2026-11-02,30,0.8666666666666667
h024,55,3.581818181818182,2026-11-02,60,0.9166666666666666
h025,37,3.7027027027027026,2026-11-02,40,0.925
h026,43,4.023255813953488,2026-11-02,50,0.86
h027,58,3.9310344827586206,2026-11-02,60,0.9666666666666667
h028,37,3.72972972972973,2026-11-02,40,0.925
h029,23,3.5217391304347827,2026-11-02,30,0.7666666666666667
h030,55,3.709090909090909,2026-11-02,60,0.9166666666666666
h031,55,3.981818181818182,2026-11-02,60,0.9166666666666666
h032,40,3.7,2026-11-02,40,1.0
h033,28,4.071428571428571,2026-11-02,40,0.7
h034,51,3.803921568627451,2026-11-02,60,0.85
h035,61,3.8688524590163933,2026-11-02,70,0.8714285714285714
h036,33,3.3636363636363638,2026-11-02,40,0.825
h037,27,4.222222222222222,2026-11-02,40,0.675
h038,27,3.6296296296296298,2026-11-02,30,0.9
h039,67,3.791044776119403,2026-11-02,70,0.9571428571428572
h040,42,3.6666666666666665,2026-11-02,50,0.84
h041,36,3.888888888888889,2026-11-02,40,0.9
h042,50,3.7,2026-11-02,50,1.0
h043,53,3.9245283018867925,2026-11-02,60,0.8833333333333333
h044,48,3.8541666666666665,2026-11-02,50,0.96
h045,48,4.0,2026-11-02,50,0.96
h046,43,4.209302325581396,2026-11-02,50,0.86
h047,29,3.7586206896551726,2026-11-02,40,0.725
h048,35,4.057142857142857,2026-11-02,40,0.875
h049,48,4.0,2026-11-02,60,0.8
h050,36,3.7777777777777777,2026-11-02,40,0.9
h001,63,3.888888888888889,2026-11-03,70,0.9
h002,25,3.68,2026-11-03,30,0.8333333333333334
h003,37,3.8378378378378377,2026-11-03,40,0.925
h004,32,4.1875,2026-11-03,40,0.8
h005,37,3.891891891891892,2026-11-03,40,0.925
h006,56,3.6607142857142856,2026-11-03,70,0.8
h007,39,3.8974358974358974,2026-11-03,40,0.975
h008,37,4.027027027027027,2026-11-03,40,0.925
h009,38,3.8157894736842106,2026-11-03,50,0.76
h010,40,4.0,2026-11-03,40,1.0
h011,49,4.244897959183674,2026-11-03,60,0.8166666666666667
h012,42,4.0476190476190474,2026-11-03,50,0.84
h013,41,3.8292682926829267,2026-11-03,50,0.82
h014,52,3.6538461538461537,2026-11-03,60,0.8666666666666667
h015,56,3.75,2026-11-03,60,0.9333333333333333
h016,72,3.8472222222222223,2026-11-03,80,0.9
h017,47,3.978723404255319,2026-11-03,50,0.94
h018,59,3.864406779661017,2026-11-03,60,0.9833333333333333
h019,43,3.6744186046511627,2026-11-03,50,0.86
h020,51,3.8627450980392157,2026-11-03,60,0.85
h021,46,3.9782608695652173,2026-11-03,50,0.92
h022,26,3.5,2026-11-03,30,0.8666666666666667
h023,26,4.115384615384615,2026-11-03,30,0.8666666666666667
h024,55,3.581818181818182,2026-11-03,60,0.9166666666666666
h025,37,3.7027027027027026,2026-11-03,40,0.925
h026,45,4.0,2026-11-03,50,0.9
h027,58,3.9310344827586206,2026-11-03,60,0.9666666666666667
h028,37,3.72972972972973,2026-11-03,40,0.925
h029,23,3.5217391304347827,2026-11-03,30,0.7666666666666667
h030,55,3.709090909090909,2026-11-03,60,0.9166666666666666
h031,55,3.981818181818182,2026-11-03,60,0.9166666666666666
h032,40,3.7,2026-11-03,40,1.0
h033,29,4.103448275862069,2026-11-03,40,0.725
h034,51,3.803921568627451,2026-11-03,60,0.85
h035,61,3.8688524590163933,2026-11-03,70,0.8714285714285714
h036,33,3.3636363636363638,2026-11-03,40,0.825
h037,27,4.222222222222222,2026-11-03,40,0.675
h038,27,3.6296296296296298,2026-11-03,30,0.9
h039,67,3.791044776119403,2026-11-03,70,0.9571428571428572
h040,42,3.6666666666666665,2026-11-03,50,0.84
h041,36,3.888888888888889,2026-11-03,40,0.9
h042,50,3.7,2026-11-03,50,1.0
h043,53,3.9245283018867925,2026-11-03,60,0.8833333333333333
h044,48,3.8541666666666665,2026-11-03,50,0.96
h045,48,4.0,2026-11-03,50,0.96
h046,43,4.209302325581396,2026-11-03,50,0.86
h047,29,3.7586206896551726,2026-11-03,40,0.725
h048,35,4.057142857142857,2026-11-03,40,0.875
h049,48,4.0,2026-11-03,60,0.8
h050,36,3.7777777777777777,2026-11-03,40,0.9
h001,64,3.875,2026-11-04,70,0.9142857142857143
h002,25,3.68,2026-11-04,30,0.8333333333333334
h003,37,3.8378378378378377,2026-11-04,40,0.925
h004,32,4.1875,2026-11-04,40,0.8
h005,37,3.891891891891892,2026-11-04,40,0.925
h006,56,3.6607142857142856,2026-11-04,70,0.8
h007,39,3.8974358974358974,2026-11-04,40,0.975
h008,37,4.027027027027027,2026-11-04,40,0.925
h009,38,3.8157894736842106,2026-11-04,50,0.76
h010,40,4.0,2026-11-04,40,1.0
h011,49,4.244897959183674,2026-11-04,60,0.8166666666666667
h012,42,4.0476190476190474,2026-11-04,50,0.84
h013,41,3.8292682926829267,2026-11-04,50,0.82
h014,52,3.6538461538461537,2026-11-04,60,0.8666666666666667
h015,56,3.75,2026-11-04,60,0.9333333333333333
h016,72,3.8472222222222223,2026-11-04,80,0.9
h017,47,3.978723404255319,2026-11-04,50,0.94
h018,59,3.864406779661017,2026-11-04,60,0.9833333333333333
h019,43,3.6744186046511627,2026-11-04,50,0.86
h020,51,3.8627450980392157,2026-11-04,60,0.85
h021,46,3.9782608695652173,2026-11-04,50,0.92
h022,26,3.5,2026-11-04,30,0.8666666666666667
h023,26,4.115384615384615,2026-11-04,30,0.8666666666666667
h024,55,3.581818181818182,2026-11-04,60,0.9166666666666666
h025,37,3.7027027027027026,2026-11-04,40,0.925
h026,45,4.0,2026-11-04,50,0.9
h027,58,3.9310344827586206,2026-11-04,60,0.9666666666666667
h028,37,3.72972972972973,2026-11-04,40,0.925
h029,23,3.5217391304347827,2026-11-04,30,0.7666666666666667
h030,55,3.709090909090909,2026-11-04,60,0.9166666666666666
h031,55,3.981818181818182,2026-11-04,60,0.9166666666666666
h032,41,3.682926829268293,2026-11-04,40,1.0
h033,29,4.103448275862069,2026-11-04,40,0.725
h034,51,3.803921568627451,2026-11-04,60,0.85
h035,61,3.8688524590163933,2026-11-04,70,0.8714285714285714
h036,32,3.4375,2026-11-04,40,0.8
h037,26,4.1923076923076925,2026-11-04,40,0.65
h038,27,3.6296296296296298,2026-11-04,30,0.9
h039,67,3.791044776119403,2026-11-04,70,0.9571428571428572
h040,41,3.6341463414634148,2026-11-04,50,0.82
h041,36,3.888888888888889,2026-11-04,40,0.9
h042,50,3.7,2026-11-04,50,1.0
h043,53,3.9245283018867925,2026-11-04,60,0.8833333333333333
h044,48,3.8541666666666665,2026-11-04,50,0.96
h045,48,4.0,2026-11-04,50,0.96
h046,42,4.238095238095238,2026-11-04,50,0.84
h047,29,3.7586206896551726,2026-11-04,40,0.725
h048,35,4.057142857142857,2026-11-04,40,0.875
h049,48,4.0,2026-11-04,60,0.8
h050,36,3.7777777777777777,2026-11-04,40,0.9
h001,64,3.875,2026-11-05,70,0.9142857142857143
h002,25,3.68,2026-11-05,30,0.8333333333333334
h003,37,3.8378378378378377,2026-11-05,40,0.925
h004,32,4.1875,2026-11-05,40,0.8
h005,37,3.891891891891892,2026-11-05,40,0.925
h006,56,3.6607142857142856,2026-11-05,70,0.8
h007,39,3.8974358974358974,2026-11-05,40,0.975
h008,37,4.027027027027027,2026-11-05,40,0.925
h009,38,3.8157894736842106,2026-11-05,50,0.76
h010,40,4.0,2026-11-05,40,1.0
h011,49,4.244897959183674,2026-11-05,60,0.8166666666666667
h012,42,4.0476190476190474,2026-11-05,50,0.84
h013,41,3.8292682926829267,2026-11-05,50,0.82
h014,52,3.6538461538461537,2026-11-05,60,0.8666666666666667
h015,56,3.75,2026-11-05,60,0.9333333333333333
h016,72,3.8472222222222223,2026-11-05,80,0.9
h017,47,3.978723404255319,2026-11-05,50,0.94
h018,59,3.864406779661017,2026-11-05,60,0.9833333333333333
h019,43,3.6744186046511627,2026-11-05,50,0.86
h020,51,3.8627450980392157,2026-11-05,60,0.85
h021,46,3.9782608695652173,2026-11-05,50,0.92
h022,26,3.5,2026-11-05,30,0.8666666666666667
h023,26,4.115384615384615,2026-11-05,30,0.8666666666666667
h024,55,3.581818181818182,2026-11-05,60,0.9166666666666666
h025,37,3.7027027027027026,2026-11-05,40,0.925
h026,45,4.0,2026-11-05,50,0.9
h027,58,3.9310344827586206,2026-11-05,60,0.9666666666666667
h028,37,3.72972972972973,2026-11-05,40,0.925
h029,23,3.5217391304347827,2026-11-05,30,0.7666666666666667
h030,55,3.709090909090909,2026-11-05,60,0.9166666666666666
h031,55,3.981818181818182,2026-11-05,60,0.9166666666666666
h032,41,3.682926829268293,2026-11-05,40,1.0
h033,29,4.103448275862069,2026-11-05,40,0.725
h034,51,3.803921568627451,2026-11-05,60,0.85
h035,60,3.9,2026-11-05,70,0.8571428571428571
h036,32,3.4375,2026-11-05,40,0.8
h037,26,4.1923076923076925,2026-11-05,40,0.65
h038,27,3.6296296296296298,2026-11-05,30,0.9
h039,67,3.791044776119403,2026-11-05,70,0.9571428571428572
h040,41,3.6341463414634148,2026-11-05,50,0.82
h041,36,3.888888888888889,2026-11-05,40,0.9
h042,50,3.7,2026-11-05,50,1.0
h043,53,3.9245283018867925,2026-11-05,60,0.8833333333333333
h044,48,3.8541666666666665,2026-11-05,50,0.96
h045,48,4.0,2026-11-05,50,0.96
h046,42,4.238095238095238,2026-11-05,50,0.84
h047,29,3.7586206896551726,2026-11-05,40,0.725
h048,35,4.057142857142857,2026-11-05,40,0.875
h049,48,4.0,2026-11-05,60,0.8
h050,36,3.7777777777777777,2026-11-05,40,0.9
h001,64,3.875,2026-11-06,70,0.9142857142857143
h002,25,3.68,2026-11-06,30,0.8333333333333334
h003,37,3.8378378378378377,2026-11-06,40,0.925
h004,32,4.1875,2026-11-06,40,0.8
h005,37,3.891891891891892,2026-11-06,40,0.925
h006,56,3.6607142857142856,2026-11-06,70,0.8
h007,39,3.8974358974358974,2026-11-06,40,0.975
h008,37,4.027027027027027,2026-11-06,40,0.925
h009,38,3.8157894736842106,2026-11-06,50,0.76
h010,40,4.0,2026-11-06,40,1.0
h011,49,4.244897959183674,2026-11-06,60,0.8166666666666667
h012,42,4.0476190476190474,2026-11-06,50,0.84
h013,41,3.8292682926829267,2026-11-06,50,0.82
h014,52,3.6538461538461537,2026-11-06,60,0.8666666666666667
h015,56,3.75,2026-11-06,60,0.9333333333333333
h016,71,3.8309859154929575,2026-11-06,80,0.8875
h017,47,3.978723404255319,2026-11-06,50,0.94
h018,59,3.864406779661017,2026-11-06,60,0.9833333333333333
h019,43,3.6744186046511627,2026-11-06,50,0.86
h020,50,3.84,2026-11-06,60,0.8333333333333334
h021,46,3.9782608695652173,2026-11-06,50,0.92
h022,26,3.5,2026-11-06,30,0.8666666666666667
h023,26,4.115384615384615,2026-11-06,30,0.8666666666666667
h024,55,3.581818181818182,2026-11-06,60,0.9166666666666666
h025,37,3.7027027027027026,2026-11-06,40,0.925
h026,45,4.0,2026-11-06,50,0.9
h027,58,3.9310344827586206,2026-11-06,60,0.9666666666666667
h028,37,3.72972972972973,2026-11-06,40,0.925
h029,23,3.5217391304347827,2026-11-06,30,0.7666666666666667
h030,55,3.709090909090909,2026-11-06,60,0.9166666666666666
h031,55,3.981818181818182,2026-11-06,60,0.9166666666666666
h032,41,3.682926829268293,2026-11-06,40,1.0
h033,29,4.103448275862069,2026-11-06,40,0.725
h034,51,3.803921568627451,2026-11-06,60,0.85
h035,61,3.901639344262295,2026-11-06,70,0.8714285714285714
h036,32,3.4375,2026-11-06,40,0.8
h037,26,4.1923076923076925,2026-11-06,40,0.65
h038,27,3.6296296296296298,2026-11-06,30,0.9
h039,67,3.791044776119403,2026-11-06,70,0.9571428571428572
h040,41,3.6341463414634148,2026-11-06,50,0.82
h041,36,3.888888888888889,2026-11-06,40,0.9
h042,50,3.7,2026-11-06,50,1.0
h043,53,3.9245283018867925,2026-11-06,60,0.8833333333333333
h044,48,3.8541666666666665,2026-11-06,50,0.96
h045,48,4.0,2026-11-06,50,0.96
h046,41,4.2682926829268295,2026-11-06,50,0.82
h047,29,3.7586206896551726,2026-11-06,40,0.725
h048,35,4.057142857142857,2026-11-06,40,0.875
h049,48,4.0,2026-11-06,60,0.8
h050,36,3.7777777777777777,2026-11-06,40,0.9
h001,64,3.875,2026-11-07,70,0.9142857142857143
h002,25,3.68,2026-11-07,30,0.8333333333333334
h003,37,3.8378378378378377,2026-11-07,40,0.925
h004,32,4.1875,2026-11-07,40,0.8
h005,37,3.891891891891892,2026-11-07,40,0.925
h006,56,3.6607142857142856,2026-11-07,70,0.8
h007,39,3.8974358974358974,2026-11-07,40,0.975
h008,37,4.027027027027027,2026-11-07,40,0.925
h009,38,3.8157894736842106,2026-11-07,50,0.76
h010,40,4.0,2026-11-07,40,1.0
h011,49,4.244897959183674,2026-11-07,60,0.8166666666666667
h012,42,4.0476190476190474,2026-11-07,50,0.84
h013,41,3.8292682926829267,2026-11-07,50,0.82
h014,52,3.6538461538461537,2026-11-07,60,0.8666666666666667
h015,56,3.75,2026-11-07,60,0.9333333333333333
h016,71,3.8309859154929575,2026-11-07,80,0.8875
h017,47,3.978723404255319,2026-11-07,50,0.94
h018,59,3.864406779661017,2026-11-07,60,0.9833333333333333
h019,43,3.6744186046511627,2026-11-07,50,0.86
h020,50,3.84,2026-11-07,60,0.8333333333333334
h021,46,3.9782608695652173,2026-11-07,50,0.92
h022,26,3.5,2026-11-07,30,0.8666666666666667
h023,26,4.115384615384615,2026-11-07,30,0.8666666666666667
h024,55,3.581818181818182,2026-11-07,60,0.9166666666666666
h025,37,3.7027027027027026,2026-11-07,40,0.925
h026,45,4.0,2026-11-07,50,0.9
h027,58,3.9310344827586206,2026-11-07,60,0.9666666666666667
h028,37,3.72972972972973,2026-11-07,40,0.925
h029,23,3.5217391304347827,2026-11-07,30,0.7666666666666667
h030,55,3.709090909090909,2026-11-07,60,0.9166666666666666
h031,55,3.981818181818182,2026-11-07,60,0.9166666666666666
h032,41,3.682926829268293,2026-11-07,40,1.0
h033,29,4.103448275862069,2026-11-07,40,0.725
h034,51,3.803921568627451,2026-11-07,60,0.85
h035,61,3.901639344262295,2026-11-07,70,0.8714285714285714
h036,31,3.5161290322580645,2026-11-07,40,0.775
h037,26,4.1923076923076925,2026-11-07,40,0.65
h038,27,3.6296296296296298,2026-11-07,30,0.9
h039,68,3.8088235294117645,2026-11-07,70,0.9714285714285714
h040,41,3.6341463414634148,2026-11-07,50,0.82
h041,36,3.888888888888889,2026-11-07,40,0.9
h042,50,3.7,2026-11-07,50,1.0
h043,53,3.9245283018867925,2026-11-07,60,0.8833333333333333
h044,48,3.8541666666666665,2026-11-07,50,0.96
h045,48,4.0,2026-11-07,50,0.96
h046,41,4.2682926829268295,2026-11-07,50,0.82
h047,29,3.7586206896551726,2026-11-07,40,0.725
h048,35,4.057142857142857,2026-11-07,40,0.875
h049,48,4.0,2026-11-07,60,0.8
h050,36,3.7777777777777777,2026-11-07,40,0.9
h001,64,3.875,2026-11-08,70,0.9142857142857143
h002,25,3.68,2026-11-08,30,0.8333333333333334
h003,37,3.8378378378378377,2026-11-08,40,0.925
h004,32,4.1875,2026-11-08,40,0.8
h005,37,3.891891891891892,2026-11-08,40,0.925
h006,55,3.672727272727273,2026-11-08,70,0.7857142857142857
h007,39,3.8974358974358974,2026-11-08,40,0.975
h008,37,4.027027027027027,2026-11-08,40,0.925
h009,38,3.8157894736842106,2026-11-08,50,0.76
h010,40,4.0,2026-11-08,40,1.0
h011,49,4.244897959183674,2026-11-08,60,0.8166666666666667
h012,42,4.0476190476190474,2026-11-08,50,0.84
h013,41,3.8292682926829267,2026-11-08,50,0.82
h014,52,3.6538461538461537,2026-11-08,60,0.8666666666666667
h015,56,3.75,2026-11-08,60,0.9333333333333333
h016,71,3.8309859154929575,2026-11-08,80,0.8875
h017,47,3.978723404255319,2026-11-08,50,0.94
h018,59,3.864406779661017,2026-11-08,60,0.9833333333333333
h019,43,3.6744186046511627,2026-11-08,50,0.86
h020,50,3.84,2026-11-08,60,0.8333333333333334
h021,46,3.9782608695652173,2026-11-08,50,0.92
h022,26,3.5,2026-11-08,30,0.8666666666666667
h023,25,4.12,2026-11-08,30,0.8333333333333334
h024,55,3.581818181818182,2026-11-08,60,0.9166666666666666
h025,37,3.7027027027027026,2026-11-08,40,0.925
h026,45,4.0,2026-11-08,50,0.9
h027,57,3.912280701754386,2026-11-08,60,0.95
h028,37,3.72972972972973,2026-11-08,40,0.925
h029,23,3.5217391304347827,2026-11-08,30,0.7666666666666667
h030,54,3.6666666666666665,2026-11-08,60,0.9
h031,55,3.981818181818182,2026-11-08,60,0.9166666666666666
h032,41,3.682926829268293,2026-11-08,40,1.0
h033,29,4.103448275862069,2026-11-08,40,0.725
h034,51,3.803921568627451,2026-11-08,60,0.85
h035,61,3.901639344262295,2026-11-08,70,0.8714285714285714
h036,31,3.5161290322580645,2026-11-08,40,0.775
h037,26,4.1923076923076925,2026-11-08,40,0.65
h038,27,3.6296296296296298,2026-11-08,30,0.9
h039,68,3.8088235294117645,2026-11-08,70,0.9714285714285714
h040,41,3.6341463414634148,2026-11-08,50,0.82
h041,36,3.888888888888889,2026-11-08,40,0.9
h042,50,3.7,2026-11-08,50,1.0
h043,53,3.9245283018867925,2026-11-08,60,0.8833333333333333
h044,48,3.8541666666666665,2026-11-08,50,0.96
h045,48,4.0,2026-11-08,50,0.96
h046,41,4.2682926829268295,2026-11-08,50,0.82
h047,28,3.75,2026-11-08,40,0.7
h048,35,4.057142857142857,2026-11-08,40,0.875
h049,48,4.0,2026-11-08,60,0.8
h050,36,3.7777777777777777,2026-11-08,40,0.9
h001,65,3.876923076923077,2026-11-09,70,0.9285714285714286
h002,25,3.68,2026-11-09,30,0.8333333333333334
h003,37,3.8378378378378377,2026-11-09,40,0.925
h004,32,4.1875,2026-11-09,40,0.8
h005,37,3.891891891891892,2026-11-09,40,0.925
h006,55,3.672727272727273,2026-11-09,70,0.7857142857142857
h007,39,3.8974358974358974,2026-11-09,40,0.975
h008,37,4.027027027027027,2026-11-09,40,0.925
h009,38,3.8157894736842106,2026-11-09,50,0.76
h010,40,4.0,2026-11-09,40,1.0
h011,49,4.244897959183674,2026-11-09,60,0.8166666666666667
h012,42,4.0476190476190474,2026-11-09,50,0.84
h013,41,3.8292682926829267,2026-11-09,50,0.82
h014,52,3.6538461538461537,2026-11-09,60,0.8666666666666667
h015,56,3.75,2026-11-09,60,0.9333333333333333
h016,71,3.8309859154929575,2026-11-09,80,0.8875
h017,47,3.978723404255319,2026-11-09,50,0.94
h018,59,3.864406779661017,2026-11-09,60,0.9833333333333333
h019,43,3.6744186046511627,2026-11-09,50,0.86
h020,51,3.823529411764706,2026-11-09,60,0.85
h021,45,3.977777777777778,2026-11-09,50,0.9
h022,26,3.5,2026-11-09,30,0.8666666666666667
h023,25,4.12,2026-11-09,30,0.8333333333333334
h024,55,3.581818181818182,2026-11-09,60,0.9166666666666666
h025,37,3.7027027027027026,2026-11-09,40,0.925
h026,45,4.0,2026-11-09,50,0.9
h027,57,3.912280701754386,2026-11-09,60,0.95
h028,37,3.72972972972973,2026-11-09,40,0.925
h029,23,3.5217391304347827,2026-11-09,30,0.7666666666666667
h030,54,3.6666666666666665,2026-11-09,60,0.9
h031,55,3.981818181818182,2026-11-09,60,0.9166666666666666
h032,41,3.682926829268293,2026-11-09,40,1.0
h033,29,4.103448275862069,2026-11-09,40,0.725
h034,52,3.769230769230769,2026-11-09,60,0.8666666666666667
h035,61,3.901639344262295,2026-11-09,70,0.8714285714285714
h036,31,3.5161290322580645,2026-11-09,40,0.775
h037,26,4.1923076923076925,2026-11-09,40,0.65
h038,27,3.6296296296296298,2026-11-09,30,0.9
h039,68,3.8088235294117645,2026-11-09,70,0.9714285714285714
h040,41,3.6341463414634148,2026-11-09,50,0.82
h041,36,3.888888888888889,2026-11-09,40,0.9
h042,50,3.7,2026-11-09,50,1.0
h043,53,3.9245283018867925,2026-11-09,60,0.8833333333333333
h044,48,3.8541666666666665,2026-11-09,50,0.96
h045,48,4.0,2026-11-09,50,0.96
h046,41,4.2682926829268295,2026-11-09,50,0.82
h047,28,3.75,2026-11-09,40,0.7
h048,35,4.057142857142857,2026-11-09,40,0.875
h049,48,4.0,2026-11-09,60,0.8
h050,36,3.7777777777777777,2026-11-09,40,0.9
h001,65,3.876923076923077,2026-11-10,70,0.9285714285714286
h002,25,3.68,2026-11-10,30,0.8333333333333334
h003,37,3.8378378378378377,2026-11-10,40,0.925
h004,33,4.151515151515151,2026-11-10,40,0.825
h005,37,3.891891891891892,2026-11-10,40,0.925
h006,55,3.672727272727273,2026-11-10,70,0.7857142857142857
h007,39,3.8974358974358974,2026-11-10,40,0.975
h008,37,4.027027027027027,2026-11-10,40,0.925
h009,38,3.8157894736842106,2026-11-10,50,0.76
h010,40,4.0,2026-11-10,40,1.0
h011,49,4.244897959183674,2026-11-10,60,0.8166666666666667
h012,42,4.0476190476190474,2026-11-10,50,0.84
h013,41,3.8292682926829267,2026-11-10,50,0.82
h014,52,3.6538461538461537,2026-11-10,60,0.8666666666666667
h015,56,3.75,2026-11-10,60,0.9333333333333333
h016,71,3.8309859154929575,2026-11-10,80,0.8875
h017,47,3.978723404255319,2026-11-10,50,0.94
h018,59,3.864406779661017,2026-11-10,60,0.9833333333333333
h019,43,3.6744186046511627,2026-11-10,50,0.86
h020,51,3.823529411764706,2026-11-10,60,0.85
h021,44,4.0,2026-11-10,50,0.88
h022,27,3.5555555555555554,2026-11-10,30,0.9
h023,25,4.12,2026-11-10,30,0.8333333333333334
h024,55,3.581818181818182,2026-11-10,60,0.9166666666666666
h025,37,3.7027027027027026,2026-11-10,40,0.925
h026,46,4.043478260869565,2026-11-10,50,0.92
h027,58,3.896551724137931,2026-11-10,60,0.9666666666666667
h028,37,3.72972972972973,2026-11-10,40,0.925
h029,23,3.5217391304347827,2026-11-10,30,0.7666666666666667
h030,54,3.6666666666666665,2026-11-10,60,0.9
h031,55,3.981818181818182,2026-11-10,60,0.9166666666666666
h032,41,3.682926829268293,2026-11-10,40,1.0
h033,29,4.103448275862069,2026-11-10,40,0.725
h034,52,3.769230769230769,2026-11-10,60,0.8666666666666667
h035,61,3.901639344262295,2026-11-10,70,0.8714285714285714
h036,31,3.5161290322580645,2026-11-10,40,0.775
h037,26,4.1923076923076925,2026-11-10,40,0.65
h038,27,3.6296296296296298,2026-11-10,30,0.9
h039,68,3.8088235294117645,2026-11-10,70,0.9714285714285714
h040,42,3.6666666666666665,2026-11-10,50,0.84
h041,36,3.888888888888889,2026-11-10,40,0.9
h042,50,3.7,2026-11-10,50,1.0
h043,53,3.9245283018867925,2026-11-10,60,0.8833333333333333
h044,48,3.8541666666666665,2026-11-10,50,0.96
h045,48,4.0,2026-11-10,50,0.96
h046,41,4.2682926829268295,2026-11-10,50,0.82
h047,28,3.75,2026-11-10,40,0.7
h048,35,4.057142857142857,2026-11-10,40,0.875
h049,48,4.0,2026-11-10,60,0.8
h050,36,3.7777777777777777,2026-11-10,40,0.9
h001,65,3.876923076923077,2026-11-11,70,0.9285714285714286
h002,25,3.68,2026-11-11,30,0.8333333333333334
h003,37,3.8378378378378377,2026-11-11,40,0.925
h004,32,4.15625,2026-11-11,40,0.8
h005,37,3.891891891891892,2026-11-11,40,0.925
h006,55,3.672727272727273,2026-11-11,70,0.7857142857142857
h007,39,3.8974358974358974,2026-11-11,40,0.975
h008,38,3.9473684210526314,2026-11-11,40,0.95
h009,38,3.8157894736842106,2026-11-11,50,0.76
h010,40,4.0,2026-11-11,40,1.0
h011,49,4.244897959183674,2026-11-11,60,0.8166666666666667
h012,41,4.024390243902439,2026-11-11,50,0.82
h013,41,3.8292682926829267,2026-11-11,50,0.82
h014,52,3.6538461538461537,2026-11-11,60,0.8666666666666667
h015,56,3.75,2026-11-11,60,0.9333333333333333
h016,71,3.8309859154929575,2026-11-11,80,0.8875
h017,47,3.978723404255319,2026-11-11,50,0.94
h018,59,3.864406779661017,2026-11-11,60,0.9833333333333333
h019,43,3.6744186046511627,2026-11-11,50,0.86
h020,51,3.823529411764706,2026-11-11,60,0.85
h021,44,4.0,2026-11-11,50,0.88
h022,27,3.5555555555555554,2026-11-11,30,0.9
h023,25,4.12,2026-11-11,30,0.8333333333333334
h024,55,3.581818181818182,2026-11-11,60,0.9166666666666666
h025,37,3.7027027027027026,2026-11-11,40,0.925
h026,46,4.043478260869565,2026-11-11,50,0.92
h027,58,3.896551724137931,2026-11-11,60,0.9666666666666667
h028,37,3.72972972972973,2026-11-11,40,0.925
h029,23,3.5217391304347827,2026-11-11,30,0.7666666666666667
h030,54,3.6666666666666665,2026-11-11,60,0.9
h031,55,3.981818181818182,2026-11-11,60,0.9166666666666666
h032,41,3.682926829268293,2026-11-11,40,1.0
h033,30,4.166666666666667,2026-11-11,40,0.75
h034,52,3.769230769230769,2026-11-11,60,0.8666666666666667
h035,61,3.901639344262295,2026-11-11,70,0.8714285714285714
h036,31,3.5161290322580645,2026-11-11,40,0.775
h037,26,4.1923076923076925,2026-11-11,40,0.65
h038,27,3.6296296296296298,2026-11-11,30,0.9
h039,68,3.8088235294117645,2026-11-11,70,0.9714285714285714
h040,42,3.6666666666666665,2026-11-11,50,0.84
h041,36,3.888888888888889,2026-11-11,40,0.9
h042,50,3.7,2026-11-11,50,1.0
h043,53,3.9245283018867925,2026-11-11,60,0.8833333333333333
h044,49,3.857142857142857,2026-11-11,50,0.98
h045,48,4.0,2026-11-11,50,0.96
h046,41,4.2682926829268295,2026-11-11,50,0.82
h047,28,3.75,2026-11-11,40,0.7
h048,35,4.057142857142857,2026-11-11,40,0.875
h049,48,4.0,2026-11-11,60,0.8
h050,36,3.7777777777777777,2026-11-11,40,0.9
h001,64,3.890625,2026-11-12,70,0.9142857142857143
h002,26,3.6923076923076925,2026-11-12,30,0.8666666666666667
h003,37,3.8378378378378377,2026-11-12,40,0.925
h004,32,4.15625,2026-11-12,40,0.8
h005,37,3.891891891891892,2026-11-12,40,0.925
h006,55,3.672727272727273,2026-11-12,70,0.7857142857142857
h007,39,3.8974358974358974,2026-11-12,40,0.975
h008,39,3.9743589743589745,2026-11-12,40,0.975
h009,38,3.8157894736842106,2026-11-12,50,0.76
h010,40,4.0,2026-11-12,40,1.0
h011,49,4.244897959183674,2026-11-12,60,0.8166666666666667
h012,41,4.024390243902439,2026-11-12,50,0.82
h013,41,3.8292682926829267,2026-11-12,50,0.82
h014,52,3.6538461538461537,2026-11-12,60,0.8666666666666667
h015,56,3.75,2026-11-12,60,0.9333333333333333
h016,71,3.8309859154929575,2026-11-12,80,0.8875
h017,47,3.978723404255319,2026-11-12,50,0.94
h018,59,3.864406779661017,2026-11-12,60,0.9833333333333333
h019,43,3.6744186046511627,2026-11-12,50,0.86
h020,51,3.823529411764706,2026-11-12,60,0.85
h021,44,4.0,2026-11-12,50,0.88
h022,27,3.5555555555555554,2026-11-12,30,0.9
h023,25,4.12,2026-11-12,30,0.8333333333333334
h024,55,3.581818181818182,2026-11-12,60,0.9166666666666666
h025,37,3.7027027027027026,2026-11-12,40,0.925
h026,46,4.043478260869565,2026-11-12,50,0.92
h027,58,3.896551724137931,2026-11-12,60,0.9666666666666667
h028,37,3.72972972972973,2026-11-12,40,0.925
h029,23,3.5217391304347827,2026-11-12,30,0.7666666666666667
h030,54,3.6666666666666665,2026-11-12,60,0.9
h031,55,3.981818181818182,2026-11-12,60,0.9166666666666666
h032,41,3.682926829268293,2026-11-12,40,1.0
h033,30,4.166666666666667,2026-11-12,40,0.75
h034,52,3.769230769230769,2026-11-12,60,0.8666666666666667
h035,61,3.901639344262295,2026-11-12,70,0.8714285714285714
h036,31,3.5161290322580645,2026-11-12,40,0.775
h037,26,4.1923076923076925,2026-11-12,40,0.65
h038,27,3.6296296296296298,2026-11-12,30,0.9
h039,68,3.8088235294117645,2026-11-12,70,0.9714285714285714
h040,42,3.6666666666666665,2026-11-12,50,0.84
h041,36,3.888888888888889,2026-11-12,40,0.9
h042,51,3.6470588235294117,2026-11-12,50,1.0
h043,53,3.9245283018867925,2026-11-12,60,0.8833333333333333
h044,49,3.857142857142857,2026-11-12,50,0.98
h045,48,4.0,2026-11-12,50,0.96
h046,41,4.2682926829268295,2026-11-12,50,0.82
h047,28,3.75,2026-11-12,40,0.7
h048,35,4.057142857142857,2026-11-12,40,0.875
h049,48,4.0,2026-11-12,60,0.8
h050,36,3.7777777777777777,2026-11-12,40,0.9
h001,64,3.890625,2026-11-13,70,0.9142857142857143
h002,25,3.64,2026-11-13,30,0.8333333333333334
h003,37,3.8378378378378377,2026-11-13,40,0.925
h004,32,4.15625,2026-11-13,40,0.8
h005,37,3.891891891891892,2026-11-13,40,0.925
h006,55,3.672727272727273,2026-11-13,70,0.7857142857142857
h007,39,3.8974358974358974,2026-11-13,40,0.975
h008,39,3.9743589743589745,2026-11-13,40,0.975
h009,38,3.8157894736842106,2026-11-13,50,0.76
h010,40,4.0,2026-11-13,40,1.0
h011,49,4.244897959183674,2026-11-13,60,0.8166666666666667
h012,41,4.024390243902439,2026-11-13,50,0.82
h013,41,3.8292682926829267,2026-11-13,50,0.82
h014,52,3.6538461538461537,2026-11-13,60,0.8666666666666667
h015,56,3.75,2026-11-13,60,0.9333333333333333
h016,71,3.8309859154929575,2026-11-13,80,0.8875
h017,48,4.0,2026-11-13,50,0.96
h018,59,3.864406779661017,2026-11-13,60,0.9833333333333333
h019,43,3.6744186046511627,2026-11-13,50,0.86
h020,51,3.823529411764706,2026-11-13,60,0.85
h021,44,4.0,2026-11-13,50,0.88
h022,27,3.5555555555555554,2026-11-13,30,0.9
h023,25,4.12,2026-11-13,30,0.8333333333333334
h024,55,3.581818181818182,2026-11-13,60,0.9166666666666666
h025,37,3.7027027027027026,2026-11-13,40,0.925
h026,46,4.043478260869565,2026-11-13,50,0.92
h027,56,3.9285714285714284,2026-11-13,60,0.9333333333333333
h028,37,3.72972972972973,2026-11-13,40,0.925
h029,23,3.5217391304347827,2026-11-13,30,0.7666666666666667
h030,54,3.6666666666666665,2026-11-13,60,0.9
h031,55,3.981818181818182,2026-11-13,60,0.9166666666666666
h032,41,3.682926829268293,2026-11-13,40,1.0
h033,30,4.166666666666667,2026-11-13,40,0.75
h034,52,3.769230769230769,2026-11-13,60,0.8666666666666667
h035,61,3.901639344262295,2026-11-13,70,0.8714285714285714
h036,31,3.5161290322580645,2026-11-13,40,0.775
h037,26,4.1923076923076925,2026-11-13,40,0.65
h038,27,3.6296296296296298,2026-11-13,30,0.9
h039,68,3.8088235294117645,2026-11-13,70,0.9714285714285714
h040,42,3.6666666666666665,2026-11-13,50,0.84
h041,36,3.888888888888889,2026-11-13,40,0.9
h042,51,3.6470588235294117,2026-11-13,50,1.0
h043,53,3.9245283018867925,2026-11-13,60,0.8833333333333333
h044,49,3.857142857142857,2026-11-13,50,0.98
h045,48,4.0,2026-11-13,50,0.96
h046,41,4.2682926829268295,2026-11-13,50,0.82
h047,28,3.75,2026-11-13,40,0.7
h048,35,4.057142857142857,2026-11-13,40,0.875
h049,48,4.0,2026-11-13,60,0.8
h050,36,3.7777777777777777,2026-11-13,40,0.9
h001,64,3.890625,2026-11-14,70,0.9142857142857143
h002,25,3.64,2026-11-14,30,0.8333333333333334
h003,37,3.8378378378378377,2026-11-14,40,0.925
h004,32,4.15625,2026-11-14,40,0.8
h005,37,3.891891891891892,2026-11-14,40,0.925
h006,55,3.672727272727273,2026-11-14,70,0.7857142857142857
h007,39,3.8974358974358974,2026-11-14,40,0.975
h008,39,3.9743589743589745,2026-11-14,40,0.975
h009,38,3.8157894736842106,2026-11-14,50,0.76
h010,40,4.0,2026-11-14,40,1.0
h011,49,4.244897959183674,2026-11-14,60,0.8166666666666667
h012,41,4.024390243902439,2026-11-14,50,0.82
h013,41,3.8292682926829267,2026-11-14,50,0.82
h014,52,3.6538461538461537,2026-11-14,60,0.8666666666666667
h015,56,3.75,2026-11-14,60,0.9333333333333333
h016,71,3.8309859154929575,2026-11-14,80,0.8875
h017,48,4.0,2026-11-14,50,0.96
h018,58,3.8793103448275863,2026-11-14,60,0.9666666666666667
h019,43,3.6744186046511627,2026-11-14,50,0.86
h020,50,3.84,2026-11-14,60,0.8333333333333334
h021,44,4.0,2026-11-14,50,0.88
h022,27,3.5555555555555554,2026-11-14,30,0.9
h023,25,4.12,2026-11-14,30,0.8333333333333334
h024,55,3.581818181818182,2026-11-14,60,0.9166666666666666
h025,37,3.7027027027027026,2026-11-14,40,0.925
h026,47,4.0212765957446805,2026-11-14,50,0.94
h027,57,3.8947368421052633,2026-11-14,60,0.95
h028,37,3.72972972972973,2026-11-14,40,0.925
h029,23,3.5217391304347827,2026-11-14,30,0.7666666666666667
h030,54,3.6666666666666665,2026-11-14,60,0.9
h031,55,3.981818181818182,2026-11-14,60,0.9166666666666666
h032,41,3.682926829268293,2026-11-14,40,1.0
h033,30,4.166666666666667,2026-11-14,40,0.75
h034,52,3.769230769230769,2026-11-14,60,0.8666666666666667
h035,61,3.901639344262295,2026-11-14,70,0.8714285714285714
h036,31,3.5161290322580645,2026-11-14,40,0.775
h037,26,4.1923076923076925,2026-11-14,40,0.65
h038,27,3.6296296296296298,2026-11-14,30,0.9
h039,68,3.8088235294117645,2026-11-14,70,0.9714285714285714
h040,42,3.6666666666666665,2026-11-14,50,0.84
h041,36,3.888888888888889,2026-11-14,40,0.9
h042,51,3.6470588235294117,2026-11-14,50,1.0
h043,53,3.9245283018867925,2026-11-14,60,0.8833333333333333
h044,49,3.857142857142857,2026-11-14,50,0.98
h045,48,4.0,2026-11-14,50,0.96
h046,41,4.2682926829268295,2026-11-14,50,0.82
h047,28,3.75,2026-11-14,40,0.7
h048,35,4.057142857142857,2026-11-14,40,0.875
h049,48,4.0,2026-11-14,60,0.8
h050,36,3.7777777777777777,2026-11-14,40,0.9
h001,64,3.890625,2026-11-15,70,0.9142857142857143
h002,24,3.75,2026-11-15,30,0.8
h003,37,3.8378378378378377,2026-11-15,40,0.925
h004,32,4.15625,2026-11-15,40,0.8
h005,37,3.891891891891892,2026-11-15,40,0.925
h006,55,3.672727272727273,2026-11-15,70,0.7857142857142857
h007,39,3.8974358974358974,2026-11-15,40,0.975
h008,39,3.9743589743589745,2026-11-15,40,0.975
h009,39,3.7948717948717947,2026-11-15,50,0.78
h010,40,4.0,2026-11-15,40,1.0
h011,49,4.244897959183674,2026-11-15,60,0.8166666666666667
h012,40,4.075,2026-11-15,50,0.8
h013,40,3.825,2026-11-15,50,0.8
h014,52,3.6538461538461537,2026-11-15,60,0.8666666666666667
h015,56,3.75,2026-11-15,60,0.9333333333333333
h016,71,3.8309859154929575,2026-11-15,80,0.8875
h017,47,4.0,2026-11-15,50,0.94
h018,58,3.8793103448275863,2026-11-15,60,0.9666666666666667
h019,43,3.6744186046511627,2026-11-15,50,0.86
h020,50,3.84,2026-11-15,60,0.8333333333333334
h021,44,4.0,2026-11-15,50,0.88
h022,27,3.5555555555555554,2026-11-15,30,0.9
h023,25,4.12,2026-11-15,30,0.8333333333333334
h024,55,3.581818181818182,2026-11-15,60,0.9166666666666666
h025,37,3.7027027027027026,2026-11-15,40,0.925
h026,47,4.0212765957446805,2026-11-15,50,0.94
h027,57,3.8947368421052633,2026-11-15,60,0.95
h028,37,3.72972972972973,2026-11-15,40,0.925
h029,23,3.5217391304347827,2026-11-15,30,0.7666666666666667
h030,54,3.6666666666666665,2026-11-15,60,0.9
h031,55,3.981818181818182,2026-11-15,60,0.9166666666666666
h032,41,3.682926829268293,2026-11-15,40,1.0
h033,31,4.161290322580645,2026-11-15,40,0.775
h034,52,3.769230769230769,2026-11-15,60,0.8666666666666667
h035,61,3.901639344262295,2026-11-15,70,0.8714285714285714
h036,30,3.6,2026-11-15,40,0.75
h037,27,4.222222222222222,2026-11-15,40,0.675
h038,27,3.6296296296296298,2026-11-15,30,0.9
h039,68,3.8088235294117645,2026-11-15,70,0.9714285714285714
h040,42,3.6666666666666665,2026-11-15,50,0.84
h041,36,3.888888888888889,2026-11-15,40,0.9
h042,51,3.6470588235294117,2026-11-15,50,1.0
h043,53,3.9245283018867925,2026-11-15,60,0.8833333333333333
h044,49,3.857142857142857,2026-11-15,50,0.98
h045,48,4.0,2026-11-15,50,0.96
h046,41,4.2682926829268295,2026-11-15,50,0.82
h047,28,3.75,2026-11-15,40,0.7
h048,35,4.057142857142857,2026-11-15,40,0.875
h049,48,4.0,2026-11-15,60,0.8
h050,36,3.7777777777777777,2026-11-15,40,0.9
h001,64,3.890625,2026-11-16,70,0.9142857142857143
h002,24,3.75,2026-11-16,30,0.8
h003,37,3.8378378378378377,2026-11-16,40,0.925
h004,32,4.15625,2026-11-16,40,0.8
h005,37,3.891891891891892,2026-11-16,40,0.925
h006,55,3.672727272727273,2026-11-16,70,0.7857142857142857
h007,39,3.8974358974358974,2026-11-16,40,0.975
h008,39,3.9743589743589745,2026-11-16,40,0.975
h009,39,3.7948717948717947,2026-11-16,50,0.78
h010,40,4.0,2026-11-16,40,1.0
h011,49,4.244897959183674,2026-11-16,60,0.8166666666666667
h012,40,4.075,2026-11-16,50,0.8
h013,40,3.825,2026-11-16,50,0.8
h014,52,3.6538461538461537,2026-11-16,60,0.8666666666666667
h015,56,3.75,2026-11-16,60,0.9333333333333333
h016,72,3.861111111111111,2026-11-16,80,0.9
h017,47,4.0,2026-11-16,50,0.94
h018,57,3.8421052631578947,2026-11-16,60,0.95
h019,43,3.6744186046511627,2026-11-16,50,0.86
h020,51,3.8823529411764706,2026-11-16,60,0.85
h021,44,4.0,2026-11-16,50,0.88
h022,27,3.5555555555555554,2026-11-16,30,0.9
h023,25,4.12,2026-11-16,30,0.8333333333333334
h024,55,3.581818181818182,2026-11-16,60,0.9166666666666666
h025,37,3.7027027027027026,2026-11-16,40,0.925
h026,46,4.0,2026-11-16,50,0.92
h027,57,3.8947368421052633,2026-11-16,60,0.95
h028,37,3.72972972972973,2026-11-16,40,0.925
h029,23,3.5217391304347827,2026-11-16,30,0.7666666666666667
h030,54,3.6666666666666665,2026-11-16,60,0.9
h031,55,3.981818181818182,2026-11-16,60,0.9166666666666666
h032,41,3.682926829268293,2026-11-16,40,1.0
h033,31,4.161290322580645,2026-11-16,40,0.775
h034,52,3.769230769230769,2026-11-16,60,0.8666666666666667
h035,62,3.903225806451613,2026-11-16,70,0.8857142857142857
h036,31,3.6129032258064515,2026-11-16,40,0.775
h037,27,4.222222222222222,2026-11-16,40,0.675
h038,27,3.6296296296296298,2026-11-16,30,0.9
h039,68,3.8088235294117645,2026-11-16,70,0.9714285714285714
h040,42,3.6666666666666665,2026-11-16,50,0.84
h041,36,3.888888888888889,2026-11-16,40,0.9
h042,51,3.6470588235294117,2026-11-16,50,1.0
h043,53,3.9245283018867925,2026-11-16,60,0.8833333333333333
h044,49,3.857142857142857,2026-11-16,50,0.98
h045,48,4.0,2026-11-16,50,0.96
h046,41,4.2682926829268295,2026-11-16,50,0.82
h047,28,3.75,2026-11-16,40,0.7
h048,35,4.057142857142857,2026-11-16,40,0.875
h049,47,3.9574468085106385,2026-11-16,60,0.7833333333333333
h050,36,3.7777777777777777,2026-11-16,40,0.9
h001,64,3.890625,2026-11-17,70,0.9142857142857143
h002,24,3.75,2026-11-17,30,0.8
h003,37,3.8378378378378377,2026-11-17,40,0.925
h004,32,4.15625,2026-11-17,40,0.8
h005,37,3.891891891891892,2026-11-17,40,0.925
h006,55,3.672727272727273,2026-11-17,70,0.7857142857142857
h007,39,3.8974358974358974,2026-11-17,40,0.975
h008,39,3.9743589743589745,2026-11-17,40,0.975
h009,39,3.7948717948717947,2026-11-17,50,0.78
h010,40,4.0,2026-11-17,40,1.0
h011,49,4.244897959183674,2026-11-17,60,0.8166666666666667
h012,39,4.051282051282051,2026-11-17,50,0.78
h013,40,3.825,2026-11-17,50,0.8
h014,52,3.6538461538461537,2026-11-17,60,0.8666666666666667
h015,56,3.75,2026-11-17,60,0.9333333333333333
h016,72,3.861111111111111,2026-11-17,80,0.9
h017,46,3.9782608695652173,2026-11-17,50,0.92
h018,57,3.8421052631578947,2026-11-17,60,0.95
h019,43,3.6744186046511627,2026-11-17,50,0.86
h020,51,3.8823529411764706,2026-11-17,60,0.85
h021,44,4.0,2026-11-17,50,0.88
h022,27,3.5555555555555554,2026-11-17,30,0.9
h023,25,4.12,2026-11-17,30,0.8333333333333334
h024,56,3.5714285714285716,2026-11-17,60,0.9333333333333333
h025,37,3.7027027027027026,2026-11-17,40,0.925
h026,46,4.0,2026-11-17,50,0.92
h027,57,3.8947368421052633,2026-11-17,60,0.95
h028,37,3.72972972972973,2026-11-17,40,0.925
h029,23,3.5217391304347827,2026-11-17,30,0.7666666666666667
h030,54,3.6666666666666665,2026-11-17,60,0.9
h031,56,4.0,2026-11-17,60,0.9333333333333333
h032,41,3.682926829268293,2026-11-17,40,1.0
h033,31,4.161290322580645,2026-11-17,40,0.775
h034,52,3.769230769230769,2026-11-17,60,0.8666666666666667
h035,62,3.903225806451613,2026-11-17,70,0.8857142857142857
h036,31,3.6129032258064515,2026-11-17,40,0.775
h037,27,4.222222222222222,2026-11-17,40,0.675
h038,27,3.6296296296296298,2026-11-17,30,0.9
h039,68,3.8088235294117645,2026-11-17,70,0.9714285714285714
h040,42,3.6666666666666665,2026-11-17,50,0.84
h041,36,3.888888888888889,2026-11-17,40,0.9
h042,51,3.6470588235294117,2026-11-17,50,1.0
h043,53,3.9245283018867925,2026-11-17,60,0.8833333333333333
h044,49,3.857142857142857,2026-11-17,50,0.98
h045,48,4.0,2026-11-17,50,0.96
h046,41,4.2682926829268295,2026-11-17,50,0.82
h047,28,3.75,2026-11-17,40,0.7
h048,35,4.057142857142857,2026-11-17,40,0.875
h049,47,3.9574468085106385,2026-11-17,60,0.7833333333333333
h050,35,3.742857142857143,2026-11-17,40,0.875
h001,64,3.890625,2026-11-18,70,0.9142857142857143
h002,24,3.75,2026-11-18,30,0.8
h003,38,3.763157894736842,2026-11-18,40,0.95
h004,32,4.15625,2026-11-18,40,0.8
h005,36,3.9166666666666665,2026-11-18,40,0.9
h006,55,3.672727272727273,2026-11-18,70,0.7857142857142857
h007,39,3.8974358974358974,2026-11-18,40,0.975
h008,39,3.9743589743589745,2026-11-18,40,0.975
h009,39,3.7948717948717947,2026-11-18,50,0.78
h010,39,4.0,2026-11-18,40,0.975
h011,49,4.244897959183674,2026-11-18,60,0.8166666666666667
h012,39,4.051282051282051,2026-11-18,50,0.78
h013,40,3.825,2026-11-18,50,0.8
h014,52,3.6538461538461537,2026-11-18,60,0.8666666666666667
h015,56,3.75,2026-11-18,60,0.9333333333333333
h016,72,3.861111111111111,2026-11-18,80,0.9
h017,46,3.9782608695652173,2026-11-18,50,0.92
h018,57,3.8421052631578947,2026-11-18,60,0.95
h019,44,3.659090909090909,2026-11-18,50,0.88
h020,51,3.8823529411764706,2026-11-18,60,0.85
h021,44,4.0,2026-11-18,50,0.88
h022,27,3.5555555555555554,2026-11-18,30,0.9
h023,25,4.12,2026-11-18,30,0.8333333333333334
h024,56,3.5714285714285716,2026-11-18,60,0.9333333333333333
h025,37,3.7027027027027026,2026-11-18,40,0.925
h026,46,4.0,2026-11-18,50,0.92
h027,57,3.8947368421052633,2026-11-18,60,0.95
h028,37,3.72972972972973,2026-11-18,40,0.925
h029,23,3.5217391304347827,2026-11-18,30,0.7666666666666667
h030,54,3.6666666666666665,2026-11-18,60,0.9
h031,56,4.0,2026-11-18,60,0.9333333333333333
h032,41,3.682926829268293,2026-11-18,40,1.0
h033,31,4.161290322580645,2026-11-18,40,0.775
h034,52,3.769230769230769,2026-11-18,60,0.8666666666666667
h035,62,3.903225806451613,2026-11-18,70,0.8857142857142857
h036,31,3.6129032258064515,2026-11-18,40,0.775
h037,27,4.222222222222222,2026-11-18,40,0.675
h038,27,3.6296296296296298,2026-11-18,30,0.9
h039,68,3.8088235294117645,2026-11-18,70,0.9714285714285714
h040,42,3.6666666666666665,2026-11-18,50,0.84
h041,36,3.888888888888889,2026-11-18,40,0.9
h042,51,3.6470588235294117,2026-11-18,50,1.0
h043,53,3.9245283018867925,2026-11-18,60,0.8833333333333333
h044,49,3.857142857142857,2026-11-18,50,0.98
h045,48,4.0,2026-11-18,50,0.96
h046,41,4.2682926829268295,2026-11-18,50,0.82
h047,28,3.75,2026-11-18,40,0.7
h048,35,4.057142857142857,2026-11-18,40,0.875
h049,47,3.9574468085106385,2026-11-18,60,0.7833333333333333
h050,35,3.742857142857143,2026-11-18,40,0.875
h001,64,3.890625,2026-11-19,70,0.9142857142857143
h002,24,3.75,2026-11-19,30,0.8
h003,38,3.763157894736842,2026-11-19,40,0.95
h004,32,4.15625,2026-11-19,40,0.8
h005,36,3.9166666666666665,2026-11-19,40,0.9
h006,55,3.672727272727273,2026-11-19,70,0.7857142857142857
h007,39,3.8974358974358974,2026-11-19,40,0.975
h008,39,3.9743589743589745,2026-11-19,40,0.975
h009,39,3.7948717948717947,2026-11-19,50,0.78
h010,39,4.0,2026-11-19,40,0.975
h011,49,4.244897959183674,2026-11-19,60,0.8166666666666667
h012,39,4.051282051282051,2026-11-19,50,0.78
h013,40,3.825,2026-11-19,50,0.8
h014,52,3.6538461538461537,2026-11-19,60,0.8666666666666667
h015,56,3.75,2026-11-19,60,0.9333333333333333
h016,72,3.861111111111111,2026-11-19,80,0.9
h017,46,3.9782608695652173,2026-11-19,50,0.92
h018,57,3.8421052631578947,2026-11-19,60,0.95
h019,44,3.659090909090909,2026-11-19,50,0.88
h020,51,3.8823529411764706,2026-11-19,60,0.85
h021,44,4.0,2026-11-19,50,0.88
h022,27,3.5555555555555554,2026-11-19,30,0.9
h023,25,4.12,2026-11-19,30,0.8333333333333334
h024,56,3.5714285714285716,2026-11-19,60,0.9333333333333333
h025,37,3.7027027027027026,2026-11-19,40,0.925
h026,46,4.0,2026-11-19,50,0.92
h027,57,3.8947368421052633,2026-11-19,60,0.95
h028,37,3.72972972972973,2026-11-19,40,0.925
h029,23,3.5217391304347827,2026-11-19,30,0.7666666666666667
h030,54,3.6666666666666665,2026-11-19,60,0.9
h031,55,3.981818181818182,2026-11-19,60,0.9166666666666666
h032,41,3.682926829268293,2026-11-19,40,1.0
h033,31,4.161290322580645,2026-11-19,40,0.775
h034,52,3.769230769230769,2026-11-19,60,0.8666666666666667
h035,62,3.903225806451613,2026-11-19,70,0.8857142857142857
h036,32,3.65625,2026-11-19,40,0.8
h037,28,4.214285714285714,2026-11-19,40,0.7
h038,27,3.6296296296296298,2026-11-19,30,0.9
h039,67,3.7761194029850746,2026-11-19,70,0.9571428571428572
h040,42,3.6666666666666665,2026-11-19,50,0.84
h041,36,3.888888888888889,2026-11-19,40,0.9
h042,52,3.5961538461538463,2026-11-19,50,1.0
h043,53,3.9245283018867925,2026-11-19,60,0.8833333333333333
h044,49,3.857142857142857,2026-11-19,50,0.98
h045,48,4.0,2026-11-19,50,0.96
h046,41,4.2682926829268295,2026-11-19,50,0.82
h047,28,3.75,2026-11-19,40,0.7
h048,35,4.057142857142857,2026-11-19,40,0.875
h049,47,3.9574468085106385,2026-11-19,60,0.7833333333333333
h050,35,3.742857142857143,2026-11-19,40,0.875
h001,63,3.873015873015873,2026-11-20,70,0.9
h002,24,3.75,2026-11-20,30,0.8
h003,38,3.763157894736842,2026-11-20,40,0.95
h004,32,4.15625,2026-11-20,40,0.8
h005,36,3.9166666666666665,2026-11-20,40,0.9
h006,56,3.6607142857142856,2026-11-20,70,0.8
h007,39,3.8974358974358974,2026-11-20,40,0.975
h008,39,3.9743589743589745,2026-11-20,40,0.975
h009,39,3.7948717948717947,2026-11-20,50,0.78
h010,39,4.0,2026-11-20,40,0.975
h011,50,4.24,2026-11-20,60,0.8333333333333334
h012,39,4.051282051282051,2026-11-20,50,0.78
h013,40,3.825,2026-11-20,50,0.8
h014,52,3.6538461538461537,2026-11-20,60,0.8666666666666667
h015,56,3.75,2026-11-20,60,0.9333333333333333
h016,72,3.861111111111111,2026-11-20,80,0.9
h017,46,3.9782608695652173,2026-11-20,50,0.92
h018,57,3.8421052631578947,2026-11-20,60,0.95
h019,44,3.659090909090909,2026-11-20,50,0.88
h020,51,3.8823529411764706,2026-11-20,60,0.85
h021,44,4.0,2026-11-20,50,0.88
h022,27,3.5555555555555554,2026-11-20,30,0.9
h023,25,4.12,2026-11-20,30,0.8333333333333334
h024,55,3.581818181818182,2026-11-20,60,0.9166666666666666
h025,37,3.7027027027027026,2026-11-20,40,0.925
h026,46,4.0,2026-11-20,50,0.92
h027,57,3.8947368421052633,2026-11-20,60,0.95
h028,36,3.6666666666666665,2026-11-20,40,0.9
h029,23,3.5217391304347827,2026-11-20,30,0.7666666666666667
h030,54,3.6666666666666665,2026-11-20,60,0.9
h031,55,3.981818181818182,2026-11-20,60,0.9166666666666666
h032,41,3.682926829268293,2026-11-20,40,1.0
h033,31,4.161290322580645,2026-11-20,40,0.775
h034,52,3.769230769230769,2026-11-20,60,0.8666666666666667
h035,62,3.903225806451613,2026-11-20,70,0.8857142857142857
h036,32,3.65625,2026-11-20,40,0.8
h037,28,4.214285714285714,2026-11-20,40,0.7
h038,27,3.6296296296296298,2026-11-20,30,0.9
h039,67,3.7761194029850746,2026-11-20,70,0.9571428571428572
h040,42,3.6666666666666665,2026-11-20,50,0.84
h041,36,3.888888888888889,2026-11-20,40,0.9
h042,52,3.5961538461538463,2026-11-20,50,1.0
h043,53,3.9245283018867925,2026-11-20,60,0.8833333333333333
h044,49,3.857142857142857,2026-11-20,50,0.98
h045,48,4.0,2026-11-20,50,0.96
h046,41,4.2682926829268295,2026-11-20,50,0.82
h047,28,3.75,2026-11-20,40,0.7
h048,35,4.057142857142857,2026-11-20,40,0.875
h049,46,3.9565217391304346,2026-11-20,60,0.7666666666666667
h050,35,3.742857142857143,2026-11-20,40,0.875
h001,63,3.873015873015873,2026-11-21,70,0.9
h002,24,3.75,2026-11-21,30,0.8
h003,38,3.763157894736842,2026-11-21,40,0.95
h004,32,4.15625,2026-11-21,40,0.8
h005,36,3.9166666666666665,2026-11-21,40,0.9
h006,56,3.6607142857142856,2026-11-21,70,0.8
h007,39,3.8974358974358974,2026-11-21,40,0.975
h008,39,3.9743589743589745,2026-11-21,40,0.975
h009,39,3.7948717948717947,2026-11-21,50,0.78
h010,39,4.0,2026-11-21,40,0.975
h011,49,4.285714285714286,2026-11-21,60,0.8166666666666667
h012,39,4.051282051282051,2026-11-21,50,0.78
h013,40,3.825,2026-11-21,50,0.8
h014,52,3.6538461538461537,2026-11-21,60,0.8666666666666667
h015,56,3.75,2026-11-21,60,0.9333333333333333
h016,72,3.861111111111111,2026-11-21,80,0.9
h017,46,3.9782608695652173,2026-11-21,50,0.92
h018,57,3.8421052631578947,2026-11-21,60,0.95
h019,44,3.659090909090909,2026-11-21,50,0.88
h020,51,3.8823529411764706,2026-11-21,60,0.85
h021,44,4.0,2026-11-21,50,0.88
h022,27,3.5555555555555554,2026-11-21,30,0.9
h023,25,4.12,2026-11-21,30,0.8333333333333334
h024,55,3.581818181818182,2026-11-21,60,0.9166666666666666
h025,37,3.7027027027027026,2026-11-21,40,0.925
h026,46,4.0,2026-11-21,50,0.92
h027,57,3.8947368421052633,2026-11-21,60,0.95
h028,36,3.6666666666666665,2026-11-21,40,0.9
h029,23,3.5217391304347827,2026-11-21,30,0.7666666666666667
h030,54,3.6666666666666665,2026-11-21,60,0.9
h031,56,3.9464285714285716,2026-11-21,60,0.9333333333333333
h032,40,3.65,2026-11-21,40,1.0
h033,31,4.161290322580645,2026-11-21,40,0.775
h034,52,3.769230769230769,2026-11-21,60,0.8666666666666667
h035,62,3.903225806451613,2026-11-21,70,0.8857142857142857
h036,31,3.6129032258064515,2026-11-21,40,0.775
h037,28,4.214285714285714,2026-11-21,40,0.7
h038,27,3.6296296296296298,2026-11-21,30,0.9
h039,67,3.7761194029850746,2026-11-21,70,0.9571428571428572
h040,42,3.6666666666666665,2026-11-21,50,0.84
h041,36,3.888888888888889,2026-11-21,40,0.9
h042,52,3.5961538461538463,2026-11-21,50,1.0
h043,53,3.9245283018867925,2026-11-21,60,0.8833333333333333
h044,49,3.857142857142857,2026-11-21,50,0.98
h045,48,4.0,2026-11-21,50,0.96
h046,41,4.2682926829268295,2026-11-21,50,0.82
h047,28,3.75,2026-11-21,40,0.7
h048,35,4.057142857142857,2026-11-21,40,0.875
h049,46,3.9565217391304346,2026-11-21,60,0.7666666666666667
h050,35,3.742857142857143,2026-11-21,40,0.875
h001,64,3.859375,2026-11-22,70,0.9142857142857143
h002,24,3.75,2026-11-22,30,0.8
h003,38,3.763157894736842,2026-11-22,40,0.95
h004,32,4.15625,2026-11-22,40,0.8
h005,36,3.9166666666666665,2026-11-22,40,0.9
h006,56,3.6607142857142856,2026-11-22,70,0.8
h007,40,3.875,2026-11-22,40,1.0
h008,39,3.9743589743589745,2026-11-22,40,0.975
h009,39,3.7948717948717947,2026-11-22,50,0.78
h010,39,4.0,2026-11-22,40,0.975
h011,49,4.285714285714286,2026-11-22,60,0.8166666666666667
h012,39,4.051282051282051,2026-11-22,50,0.78
h013,40,3.825,2026-11-22,50,0.8
h014,52,3.6538461538461537,2026-11-22,60,0.8666666666666667
h015,57,3.7719298245614037,2026-11-22,60,0.95
h016,72,3.861111111111111,2026-11-22,80,0.9
h017,46,3.9782608695652173,2026-11-22,50,0.92
h018,57,3.8421052631578947,2026-11-22,60,0.95
h019,44,3.659090909090909,2026-11-22,50,0.88
h020,51,3.8823529411764706,2026-11-22,60,0.85
h021,44,4.0,2026-11-22,50,0.88
h022,27,3.5555555555555554,2026-11-22,30,0.9
h023,25,4.12,2026-11-22,30,0.8333333333333334
h024,55,3.581818181818182,2026-11-22,60,0.9166666666666666
h025,37,3.7027027027027026,2026-11-22,40,0.925
h026,45,4.022222222222222,2026-11-22,50,0.9
h027,57,3.8947368421052633,2026-11-22,60,0.95
h028,36,3.6666666666666665,2026-11-22,40,0.9
h029,23,3.5217391304347827,2026-11-22,30,0.7666666666666667
h030,54,3.6666666666666665,2026-11-22,60,0.9
h031,56,3.9464285714285716,2026-11-22,60,0.9333333333333333
h032,40,3.65,2026-11-22,40,1.0
h033,31,4.161290322580645,2026-11-22,40,0.775
h034,52,3.769230769230769,2026-11-22,60,0.8666666666666667
h035,61,3.901639344262295,2026-11-22,70,0.8714285714285714
h036,31,3.6129032258064515,2026-11-22,40,0.775
h037,29,4.172413793103448,2026-11-22,40,0.725
h038,27,3.6296296296296298,2026-11-22,30,0.9
h039,66,3.742424242424242,2026-11-22,70,0.9428571428571428
h040,42,3.6666666666666665,2026-11-22,50,0.84
h041,36,3.888888888888889,2026-11-22,40,0.9
h042,52,3.5961538461538463,2026-11-22,50,1.0
h043,52,3.980769230769231,2026-11-22,60,0.8666666666666667
h044,49,3.857142857142857,2026-11-22,50,0.98
h045,48,4.0,2026-11-22,50,0.96
h046,41,4.2682926829268295,2026-11-22,50,0.82
h047,28,3.75,2026-11-22,40,0.7
h048,35,4.057142857142857,2026-11-22,40,0.875
h049,46,3.9565217391304346,2026-11-22,60,0.7666666666666667
h050,35,3.742857142857143,2026-11-22,40,0.875
h001,64,3.859375,2026-11-23,70,0.9142857142857143
h002,24,3.75,2026-11-23,30,0.8
h003,38,3.763157894736842,2026-11-23,40,0.95
h004,32,4.15625,2026-11-23,40,0.8
h005,36,3.9166666666666665,2026-11-23,40,0.9
h006,56,3.6607142857142856,2026-11-23,70,0.8
h007,40,3.875,2026-11-23,40,1.0
h008,39,3.9743589743589745,2026-11-23,40,0.975
h009,39,3.7948717948717947,2026-11-23,50,0.78
h010,39,4.0,2026-11-23,40,0.975
h011,49,4.285714285714286,2026-11-23,60,0.8166666666666667
h012,39,4.051282051282051,2026-11-23,50,0.78
h013,40,3.825,2026-11-23,50,0.8
h014,52,3.6538461538461537,2026-11-23,60,0.8666666666666667
h015,57,3.7719298245614037,2026-11-23,60,0.95
h016,72,3.861111111111111,2026-11-23,80,0.9
h017,46,3.9782608695652173,2026-11-23,50,0.92
h018,57,3.8421052631578947,2026-11-23,60,0.95
h019,44,3.659090909090909,2026-11-23,50,0.88
h020,51,3.8823529411764706,2026-11-23,60,0.85
h021,43,4.023255813953488,2026-11-23,50,0.86
h022,27,3.5555555555555554,2026-11-23,30,0.9
h023,25,4.12,2026-11-23,30,0.8333333333333334
h024,55,3.581818181818182,2026-11-23,60,0.9166666666666666
h025,37,3.7027027027027026,2026-11-23,40,0.925
h026,45,4.022222222222222,2026-11-23,50,0.9
h027,57,3.8947368421052633,2026-11-23,60,0.95
h028,36,3.6666666666666665,2026-11-23,40,0.9
h029,23,3.5217391304347827,2026-11-23,30,0.7666666666666667
h030,54,3.6666666666666665,2026-11-23,60,0.9
h031,56,3.9464285714285716,2026-11-23,60,0.9333333333333333
h032,39,3.6923076923076925,2026-11-23,40,0.975
h033,31,4.161290322580645,2026-11-23,40,0.775
h034,52,3.769230769230769,2026-11-23,60,0.8666666666666667
h035,61,3.901639344262295,2026-11-23,70,0.8714285714285714
h036,31,3.6129032258064515,2026-11-23,40,0.775
h037,29,4.172413793103448,2026-11-23,40,0.725
h038,27,3.6296296296296298,2026-11-23,30,0.9
h039,66,3.742424242424242,2026-11-23,70,0.9428571428571428
h040,42,3.6666666666666665,2026-11-23,50,0.84
h041,35,3.914285714285714,2026-11-23,40,0.875
h042,52,3.5961538461538463,2026-11-23,50,1.0
h043,52,3.980769230769231,2026-11-23,60,0.8666666666666667
h044,49,3.857142857142857,2026-11-23,50,0.98
h045,48,4.0,2026-11-23,50,0.96
h046,41,4.2682926829268295,2026-11-23,50,0.82
h047,28,3.75,2026-11-23,40,0.7
h048,35,4.057142857142857,2026-11-23,40,0.875
h049,46,3.9565217391304346,2026-11-23,60,0.7666666666666667
h050,36,3.75,2026-11-23,40,0.9
h001,64,3.859375,2026-11-24,70,0.9142857142857143
h002,24,3.75,2026-11-24,30,0.8
h003,38,3.763157894736842,2026-11-24,40,0.95
h004,32,4.15625,2026-11-24,40,0.8
h005,36,3.9166666666666665,2026-11-24,40,0.9
h006,56,3.6607142857142856,2026-11-24,70,0.8
h007,39,3.8974358974358974,2026-11-24,40,0.975
h008,38,3.9473684210526314,2026-11-24,40,0.95
h009,39,3.7948717948717947,2026-11-24,50,0.78
h010,39,4.0,2026-11-24,40,0.975
h011,48,4.291666666666667,2026-11-24,60,0.8
h012,39,4.051282051282051,2026-11-24,50,0.78
h013,40,3.825,2026-11-24,50,0.8
h014,52,3.6538461538461537,2026-11-24,60,0.8666666666666667
h015,57,3.7719298245614037,2026-11-24,60,0.95
h016,72,3.861111111111111,2026-11-24,80,0.9
h017,46,3.9782608695652173,2026-11-24,50,0.92
h018,57,3.8421052631578947,2026-11-24,60,0.95
h019,44,3.659090909090909,2026-11-24,50,0.88
h020,51,3.8823529411764706,2026-11-24,60,0.85
h021,43,4.023255813953488,2026-11-24,50,0.86
h022,27,3.5555555555555554,2026-11-24,30,0.9
h023,25,4.12,2026-11-24,30,0.8333333333333334
h024,55,3.581818181818182,2026-11-24,60,0.9166666666666666
h025,37,3.7027027027027026,2026-11-24,40,0.925
h026,45,4.022222222222222,2026-11-24,50,0.9
h027,57,3.8947368421052633,2026-11-24,60,0.95
h028,36,3.6666666666666665,2026-11-24,40,0.9
h029,23,3.5217391304347827,2026-11-24,30,0.7666666666666667
h030,54,3.6666666666666665,2026-11-24,60,0.9
h031,56,3.9464285714285716,2026-11-24,60,0.9333333333333333
h032,39,3.6923076923076925,2026-11-24,40,0.975
h033,31,4.161290322580645,2026-11-24,40,0.775
h034,52,3.769230769230769,2026-11-24,60,0.8666666666666667
h035,61,3.901639344262295,2026-11-24,70,0.8714285714285714
h036,31,3.6129032258064515,2026-11-24,40,0.775
h037,29,4.172413793103448,2026-11-24,40,0.725
h038,27,3.6296296296296298,2026-11-24,30,0.9
h039,65,3.7846153846153845,2026-11-24,70,0.9285714285714286
h040,42,3.6666666666666665,2026-11-24,50,0.84
h041,35,3.914285714285714,2026-11-24,40,0.875
h042,52,3.5961538461538463,2026-11-24,50,1.0
h043,52,3.980769230769231,2026-11-24,60,0.8666666666666667
h044,49,3.857142857142857,2026-11-24,50,0.98
h045,48,4.0,2026-11-24,50,0.96
h046,41,4.2682926829268295,2026-11-24,50,0.82
h047,28,3.75,2026-11-24,40,0.7
h048,35,4.057142857142857,2026-11-24,40,0.875
h049,46,3.9565217391304346,2026-11-24,60,0.7666666666666667
h050,36,3.75,2026-11-24,40,0.9
h001,64,3.859375,2026-11-25,70,0.9142857142857143
h002,24,3.75,2026-11-25,30,0.8
h003,38,3.763157894736842,2026-11-25,40,0.95
h004,32,4.0625,2026-11-25,40,0.8
h005,36,3.9166666666666665,2026-11-25,40,0.9
h006,56,3.6607142857142856,2026-11-25,70,0.8
h007,39,3.8974358974358974,2026-11-25,40,0.975
h008,38,3.9473684210526314,2026-11-25,40,0.95
h009,39,3.7948717948717947,2026-11-25,50,0.78
h010,39,4.0,2026-11-25,40,0.975
h011,47,4.25531914893617,2026-11-25,60,0.7833333333333333
h012,39,4.051282051282051,2026-11-25,50,0.78
h013,40,3.825,2026-11-25,50,0.8
h014,52,3.6538461538461537,2026-11-25,60,0.8666666666666667
h015,57,3.7719298245614037,2026-11-25,60,0.95
h016,72,3.861111111111111,2026-11-25,80,0.9
h017,46,3.9782608695652173,2026-11-25,50,0.92
h018,56,3.857142857142857,2026-11-25,60,0.9333333333333333
h019,44,3.659090909090909,2026-11-25,50,0.88
h020,51,3.8823529411764706,2026-11-25,60,0.85
h021,43,4.023255813953488,2026-11-25,50,0.86
h022,27,3.5555555555555554,2026-11-25,30,0.9
h023,25,4.12,2026-11-25,30,0.8333333333333334
h024,55,3.581818181818182,2026-11-25,60,0.9166666666666666
h025,37,3.7027027027027026,2026-11-25,40,0.925
h026,45,4.022222222222222,2026-11-25,50,0.9
h027,57,3.8947368421052633,2026-11-25,60,0.95
h028,36,3.6666666666666665,2026-11-25,40,0.9
h029,23,3.5217391304347827,2026-11-25,30,0.7666666666666667
h030,54,3.6666666666666665,2026-11-25,60,0.9
h031,56,3.9464285714285716,2026-11-25,60,0.9333333333333333
h032,39,3.6923076923076925,2026-11-25,40,0.975
h033,31,4.161290322580645,2026-11-25,40,0.775
h034,52,3.769230769230769,2026-11-25,60,0.8666666666666667
h035,61,3.901639344262295,2026-11-25,70,0.8714285714285714
h036,31,3.6129032258064515,2026-11-25,40,0.775
h037,29,4.172413793103448,2026-11-25,40,0.725
h038,27,3.6296296296296298,2026-11-25,30,0.9
h039,65,3.7846153846153845,2026-11-25,70,0.9285714285714286
h040,42,3.6666666666666665,2026-11-25,50,0.84
h041,35,3.914285714285714,2026-11-25,40,0.875
h042,52,3.5961538461538463,2026-11-25,50,1.0
h043,53,3.981132075471698,2026-11-25,60,0.8833333333333333
h044,49,3.857142857142857,2026-11-25,50,0.98
h045,48,4.0,2026-11-25,50,0.96
h046,41,4.2682926829268295,2026-11-25,50,0.82
h047,28,3.75,2026-11-25,40,0.7
h048,35,4.057142857142857,2026-11-25,40,0.875
h049,46,3.9565217391304346,2026-11-25,60,0.7666666666666667
h050,36,3.75,2026-11-25,40,0.9
h001,64,3.859375,2026-11-26,70,0.9142857142857143
h002,24,3.75,2026-11-26,30,0.8
h003,38,3.763157894736842,2026-11-26,40,0.95
h004,32,4.0625,2026-11-26,40,0.8
h005,36,3.9166666666666665,2026-11-26,40,0.9
h006,56,3.6607142857142856,2026-11-26,70,0.8
h007,39,3.8974358974358974,2026-11-26,40,0.975
h008,38,3.9473684210526314,2026-11-26,40,0.95
h009,39,3.7948717948717947,2026-11-26,50,0.78
h010,39,4.0,2026-11-26,40,0.975
h011,47,4.25531914893617,2026-11-26,60,0.7833333333333333
h012,39,4.051282051282051,2026-11-26,50,0.78
h013,40,3.825,2026-11-26,50,0.8
h014,52,3.6538461538461537,2026-11-26,60,0.8666666666666667
h015,57,3.7719298245614037,2026-11-26,60,0.95
h016,72,3.861111111111111,2026-11-26,80,0.9
h017,46,3.9782608695652173,2026-11-26,50,0.92
h018,56,3.857142857142857,2026-11-26,60,0.9333333333333333
h019,44,3.659090909090909,2026-11-26,50,0.88
h020,51,3.8823529411764706,2026-11-26,60,0.85
h021,43,4.023255813953488,2026-11-26,50,0.86
h022,27,3.5555555555555554,2026-11-26,30,0.9
h023,25,4.12,2026-11-26,30,0.8333333333333334
h024,55,3.581818181818182,2026-11-26,60,0.9166666666666666
h025,37,3.7027027027027026,2026-11-26,40,0.925
h026,45,4.022222222222222,2026-11-26,50,0.9
h027,56,3.9107142857142856,2026-11-26,60,0.9333333333333333
h028,36,3.6666666666666665,2026-11-26,40,0.9
h029,23,3.5217391304347827,2026-11-26,30,0.7666666666666667
h030,54,3.6666666666666665,2026-11-26,60,0.9
h031,56,3.9464285714285716,2026-11-26,60,0.9333333333333333
h032,39,3.6923076923076925,2026-11-26,40,0.975
h033,31,4.161290322580645,2026-11-26,40,0.775
h034,52,3.769230769230769,2026-11-26,60,0.8666666666666667
h035,61,3.901639344262295,2026-11-26,70,0.8714285714285714
h036,31,3.6129032258064515,2026-11-26,40,0.775
h037,29,4.172413793103448,2026-11-26,40,0.725
h038,27,3.6296296296296298,2026-11-26,30,0.9
h039,65,3.7846153846153845,2026-11-26,70,0.9285714285714286
h040,42,3.6666666666666665,2026-11-26,50,0.84
h041,35,3.914285714285714,2026-11-26,40,0.875
h042,52,3.5961538461538463,2026-11-26,50,1.0
h043,53,3.981132075471698,2026-11-26,60,0.8833333333333333
h044,49,3.857142857142857,2026-11-26,50,0.98
h045,48,4.0,2026-11-26,50,0.96
h046,40,4.225,2026-11-26,50,0.8
h047,28,3.75,2026-11-26,40,0.7
h048,34,4.088235294117647,2026-11-26,40,0.85
h049,46,3.9565217391304346,2026-11-26,60,0.7666666666666667
h050,36,3.75,2026-11-26,40,0.9
h001,64,3.859375,2026-11-27,70,0.9142857142857143
h002,24,3.75,2026-11-27,30,0.8
h003,38,3.763157894736842,2026-11-27,40,0.95
h004,32,4.0625,2026-11-27,40,0.8
h005,36,3.9166666666666665,2026-11-27,40,0.9
h006,56,3.6607142857142856,2026-11-27,70,0.8
h007,40,3.9,2026-11-27,40,1.0
h008,38,3.9473684210526314,2026-11-27,40,0.95
h009,39,3.7948717948717947,2026-11-27,50,0.78
h010,39,4.0,2026-11-27,40,0.975
h011,47,4.25531914893617,2026-11-27,60,0.7833333333333333
h012,39,4.051282051282051,2026-11-27,50,0.78
h013,41,3.8048780487804876,2026-11-27,50,0.82
h014,52,3.6538461538461537,2026-11-27,60,0.8666666666666667
h015,57,3.7719298245614037,2026-11-27,60,0.95
h016,72,3.861111111111111,2026-11-27,80,0.9
h017,46,3.9782608695652173,2026-11-27,50,0.92
h018,56,3.857142857142857,2026-11-27,60,0.9333333333333333
h019,44,3.659090909090909,2026-11-27,50,0.88
h020,51,3.8823529411764706,2026-11-27,60,0.85
h021,43,4.023255813953488,2026-11-27,50,0.86
h022,27,3.5555555555555554,2026-11-27,30,0.9
h023,25,4.12,2026-11-27,30,0.8333333333333334
h024,55,3.581818181818182,2026-11-27,60,0.9166666666666666
h025,37,3.7027027027027026,2026-11-27,40,0.925
h026,45,4.022222222222222,2026-11-27,50,0.9
h027,56,3.9107142857142856,2026-11-27,60,0.9333333333333333
h028,36,3.6666666666666665,2026-11-27,40,0.9
h029,23,3.5217391304347827,2026-11-27,30,0.7666666666666667
h030,54,3.6666666666666665,2026-11-27,60,0.9
h031,56,3.9464285714285716,2026-11-27,60,0.9333333333333333
h032,39,3.6923076923076925,2026-11-27,40,0.975
h033,31,4.161290322580645,2026-11-27,40,0.775
h034,52,3.769230769230769,2026-11-27,60,0.8666666666666667
h035,61,3.901639344262295,2026-11-27,70,0.8714285714285714
h036,31,3.6129032258064515,2026-11-27,40,0.775
h037,29,4.172413793103448,2026-11-27,40,0.725
h038,27,3.6296296296296298,2026-11-27,30,0.9
h039,65,3.7846153846153845,2026-11-27,70,0.9285714285714286
h040,42,3.6666666666666665,2026-11-27,50,0.84
h041,35,3.914285714285714,2026-11-27,40,0.875
h042,52,3.5961538461538463,2026-11-27,50,1.0
h043,53,3.981132075471698,2026-11-27,60,0.8833333333333333
h044,49,3.857142857142857,2026-11-27,50,0.98
h045,48,4.0,2026-11-27,50,0.96
h046,40,4.225,2026-11-27,50,0.8
h047,28,3.75,2026-11-27,40,0.7
h048,34,4.088235294117647,2026-11-27,40,0.85
h049,46,3.9565217391304346,2026-11-27,60,0.7666666666666667
h050,36,3.75,2026-11-27,40,0.9
h001,64,3.859375,2026-11-28,70,0.9142857142857143
h002,24,3.75,2026-11-28,30,0.8
h003,38,3.763157894736842,2026-11-28,40,0.95
h004,32,4.0625,2026-11-28,40,0.8
h005,36,3.9166666666666665,2026-11-28,40,0.9
h006,56,3.6607142857142856,2026-11-28,70,0.8
h007,40,3.9,2026-11-28,40,1.0
h008,38,3.9473684210526314,2026-11-28,40,0.95
h009,38,3.789473684210526,2026-11-28,50,0.76
h010,40,4.05,2026-11-28,40,1.0
h011,47,4.25531914893617,2026-11-28,60,0.7833333333333333
h012,39,4.051282051282051,2026-11-28,50,0.78
h013,41,3.8048780487804876,2026-11-28,50,0.82
h014,51,3.6470588235294117,2026-11-28,60,0.85
h015,57,3.7719298245614037,2026-11-28,60,0.95
h016,72,3.861111111111111,2026-11-28,80,0.9
h017,47,4.0,2026-11-28,50,0.94
h018,56,3.857142857142857,2026-11-28,60,0.9333333333333333
h019,44,3.659090909090909,2026-11-28,50,0.88
h020,52,3.8461538461538463,2026-11-28,60,0.8666666666666667
h021,43,4.023255813953488,2026-11-28,50,0.86
h022,27,3.5555555555555554,2026-11-28,30,0.9
h023,25,4.12,2026-11-28,30,0.8333333333333334
h024,55,3.581818181818182,2026-11-28,60,0.9166666666666666
h025,37,3.7027027027027026,2026-11-28,40,0.925
h026,45,4.022222222222222,2026-11-28,50,0.9
h027,55,3.9272727272727272,2026-11-28,60,0.9166666666666666
h028,36,3.6666666666666665,2026-11-28,40,0.9
h029,23,3.5217391304347827,2026-11-28,30,0.7666666666666667
h030,54,3.6666666666666665,2026-11-28,60,0.9
h031,56,3.9464285714285716,2026-11-28,60,0.9333333333333333
h032,39,3.6923076923076925,2026-11-28,40,0.975
h033,31,4.161290322580645,2026-11-28,40,0.775
h034,52,3.769230769230769,2026-11-28,60,0.8666666666666667
h035,61,3.901639344262295,2026-11-28,70,0.8714285714285714
h036,31,3.6129032258064515,2026-11-28,40,0.775
h037,29,4.172413793103448,2026-11-28,40,0.725
h038,27,3.6296296296296298,2026-11-28,30,0.9
h039,65,3.7846153846153845,2026-11-28,70,0.9285714285714286
h040,42,3.6666666666666665,2026-11-28,50,0.84
h041,35,3.914285714285714,2026-11-28,40,0.875
h042,52,3.5961538461538463,2026-11-28,50,1.0
h043,53,3.981132075471698,2026-11-28,60,0.8833333333333333
h044,49,3.857142857142857,2026-11-28,50,0.98
h045,48,4.0,2026-11-28,50,0.96
h046,40,4.225,2026-11-28,50,0.8
h047,28,3.75,2026-11-28,40,0.7
h048,35,4.114285714285714,2026-11-28,40,0.875
h049,46,3.9565217391304346,2026-11-28,60,0.7666666666666667
h050,36,3.75,2026-11-28,40,0.9
h001,64,3.859375,2026-11-29,70,0.9142857142857143
h002,24,3.75,2026-11-29,30,0.8
h003,38,3.763157894736842,2026-11-29,40,0.95
h004,32,4.0625,2026-11-29,40,0.8
h005,36,3.9166666666666665,2026-11-29,40,0.9
h006,57,3.6140350877192984,2026-11-29,70,0.8142857142857143
h007,40,3.9,2026-11-29,40,1.0
h008,38,3.9473684210526314,2026-11-29,40,0.95
h009,38,3.789473684210526,2026-11-29,50,0.76
h010,40,4.05,2026-11-29,40,1.0
h011,47,4.25531914893617,2026-11-29,60,0.7833333333333333
h012,39,4.051282051282051,2026-11-29,50,0.78
h013,41,3.8048780487804876,2026-11-29,50,0.82
h014,51,3.6470588235294117,2026-11-29,60,0.85
h015,57,3.7719298245614037,2026-11-29,60,0.95
h016,72,3.861111111111111,2026-11-29,80,0.9
h017,47,4.0,2026-11-29,50,0.94
h018,56,3.857142857142857,2026-11-29,60,0.9333333333333333
h019,44,3.659090909090909,2026-11-29,50,0.88
h020,52,3.8461538461538463,2026-11-29,60,0.8666666666666667
h021,43,4.023255813953488,2026-11-29,50,0.86
h022,27,3.5555555555555554,2026-11-29,30,0.9
h023,25,4.12,2026-11-29,30,0.8333333333333334
h024,55,3.581818181818182,2026-11-29,60,0.9166666666666666
h025,37,3.7027027027027026,2026-11-29,40,0.925
h026,45,4.022222222222222,2026-11-29,50,0.9
h027,55,3.9272727272727272,2026-11-29,60,0.9166666666666666
h028,36,3.6666666666666665,2026-11-29,40,0.9
h029,23,3.5217391304347827,2026-11-29,30,0.7666666666666667
h030,54,3.6666666666666665,2026-11-29,60,0.9
h031,56,3.9464285714285716,2026-11-29,60,0.9333333333333333
h032,39,3.6923076923076925,2026-11-29,40,0.975
h033,31,4.161290322580645,2026-11-29,40,0.775
h034,52,3.769230769230769,2026-11-29,60,0.8666666666666667
h035,61,3.901639344262295,2026-11-29,70,0.8714285714285714
h036,31,3.6129032258064515,2026-11-29,40,0.775
h037,29,4.172413793103448,2026-11-29,40,0.725
h038,27,3.6296296296296298,2026-11-29,30,0.9
h039,65,3.7846153846153845,2026-11-29,70,0.9285714285714286
h040,42,3.6666666666666665,2026-11-29,50,0.84
h041,35,3.914285714285714,2026-11-29,40,0.875
h042,52,3.5961538461538463,2026-11-29,50,1.0
h043,53,3.981132075471698,2026-11-29,60,0.8833333333333333
h044,49,3.857142857142857,2026-11-29,50,0.98
h045,48,4.0,2026-11-29,50,0.96
h046,40,4.225,2026-11-29,50,0.8
h047,29,3.7241379310344827,2026-11-29,40,0.725
h048,36,4.166666666666667,2026-11-29,40,0.9
h049,46,3.9565217391304346,2026-11-29,60,0.7666666666666667
h050,36,3.75,2026-11-29,40,0.9
h001,64,3.859375,2026-11-30,70,0.9142857142857143
h002,24,3.75,2026-11-30,30,0.8
h003,38,3.763157894736842,2026-11-30,40,0.95
h004,32,4.0625,2026-11-30,40,0.8
h005,36,3.9166666666666665,2026-11-30,40,0.9
h006,57,3.6140350877192984,2026-11-30,70,0.8142857142857143
h007,40,3.9,2026-11-30,40,1.0
h008,38,3.9473684210526314,2026-11-30,40,0.95
h009,38,3.789473684210526,2026-11-30,50,0.76
h010,40,4.05,2026-11-30,40,1.0
h011,47,4.25531914893617,2026-11-30,60,0.7833333333333333
h012,39,4.051282051282051,2026-11-30,50,0.78
h013,41,3.8048780487804876,2026-11-30,50,0.82
h014,51,3.6470588235294117,2026-11-30,60,0.85
h015,57,3.7719298245614037,2026-11-30,60,0.95
h016,72,3.861111111111111,2026-11-30,80,0.9
h017,47,4.0,2026-11-30,50,0.94
h018,56,3.857142857142857,2026-11-30,60,0.9333333333333333
h019,44,3.659090909090909,2026-11-30,50,0.88
h020,52,3.8461538461538463,2026-11-30,60,0.8666666666666667
h021,43,4.023255813953488,2026-11-30,50,0.86
h022,27,3.5555555555555554,2026-11-30,30,0.9
h023,25,4.12,2026-11-30,30,0.8333333333333334
h024,55,3.581818181818182,2026-11-30,60,0.9166666666666666
h025,37,3.7027027027027026,2026-11-30,40,0.925
h026,45,4.022222222222222,2026-11-30,50,0.9
h027,55,3.9272727272727272,2026-11-30,60,0.9166666666666666
h028,35,3.6857142857142855,2026-11-30,40,0.875
h029,23,3.5217391304347827,2026-11-30,30,0.7666666666666667
h030,54,3.6666666666666665,2026-11-30,60,0.9
h031,56,3.9464285714285716,2026-11-30,60,0.9333333333333333
h032,39,3.6923076923076925,2026-11-30,40,0.975
h033,31,4.161290322580645,2026-11-30,40,0.775
h034,52,3.769230769230769,2026-11-30,60,0.8666666666666667
h035,61,3.901639344262295,2026-11-30,70,0.8714285714285714
h036,30,3.6666666666666665,2026-11-30,40,0.75
h037,29,4.172413793103448,2026-11-30,40,0.725
h038,27,3.6296296296296298,2026-11-30,30,0.9
h039,65,3.7846153846153845,2026-11-30,70,0.9285714285714286
h040,42,3.6666666666666665,2026-11-30,50,0.84
h041,35,3.914285714285714,2026-11-30,40,0.875
h042,52,3.5961538461538463,2026-11-30,50,1.0
h043,53,3.981132075471698,2026-11-30,60,0.8833333333333333
h044,49,3.857142857142857,2026-11-30,50,0.98
h045,48,4.0,2026-11-30,50,0.96
h046,40,4.225,2026-11-30,50,0.8
h047,29,3.7241379310344827,2026-11-30,40,0.725
h048,36,4.166666666666667,2026-11-30,40,0.9
h049,46,3.9565217391304346,2026-11-30,60,0.7666666666666667
h050,36,3.75,2026-11-30,40,0.9
h001,64,3.859375,2026-12-01,70,0.9142857142857143
h002,24,3.75,2026-12-01,30,0.8
h003,37,3.72972972972973,2026-12-01,40,0.925
h004,32,4.0625,2026-12-01,40,0.8
h005,36,3.9166666666666665,2026-12-01,40,0.9
h006,57,3.6140350877192984,2026-12-01,70,0.8142857142857143
h007,40,3.9,2026-12-01,40,1.0
h008,38,3.9473684210526314,2026-12-01,40,0.95
h009,38,3.789473684210526,2026-12-01,50,0.76
h010,40,4.05,2026-12-01,40,1.0
h011,47,4.25531914893617,2026-12-01,60,0.7833333333333333
h012,39,4.051282051282051,2026-12-01,50,0.78
h013,41,3.8048780487804876,2026-12-01,50,0.82
h014,51,3.6470588235294117,2026-12-01,60,0.85
h015,57,3.7719298245614037,2026-12-01,60,0.95
h016,72,3.861111111111111,2026-12-01,80,0.9
h017,47,4.0,2026-12-01,50,0.94
h018,56,3.857142857142857,2026-12-01,60,0.9333333333333333
h019,44,3.659090909090909,2026-12-01,50,0.88
h020,52,3.8461538461538463,2026-12-01,60,0.8666666666666667
h021,43,4.023255813953488,2026-12-01,50,0.86
h022,27,3.5555555555555554,2026-12-01,30,0.9
h023,25,4.12,2026-12-01,30,0.8333333333333334
h024,55,3.581818181818182,2026-12-01,60,0.9166666666666666
h025,37,3.7027027027027026,2026-12-01,40,0.925
h026,45,4.022222222222222,2026-12-01,50,0.9
h027,55,3.9272727272727272,2026-12-01,60,0.9166666666666666
h028,35,3.6857142857142855,2026-12-01,40,0.875
h029,23,3.5217391304347827,2026-12-01,30,0.7666666666666667
h030,54,3.6666666666666665,2026-12-01,60,0.9
h031,56,3.9464285714285716,2026-12-01,60,0.9333333333333333
h032,39,3.6923076923076925,2026-12-01,40,0.975
h033,31,4.161290322580645,2026-12-01,40,0.775
h034,52,3.769230769230769,2026-12-01,60,0.8666666666666667
h035,61,3.901639344262295,2026-12-01,70,0.8714285714285714
h036,30,3.6666666666666665,2026-12-01,40,0.75
h037,29,4.172413793103448,2026-12-01,40,0.725
h038,27,3.6296296296296298,2026-12-01,30,0.9
h039,65,3.7846153846153845,2026-12-01,70,0.9285714285714286
h040,42,3.6666666666666665,2026-12-01,50,0.84
h041,35,3.914285714285714,2026-12-01,40,0.875
h042,52,3.5961538461538463,2026-12-01,50,1.0
h043,53,3.981132075471698,2026-12-01,60,0.8833333333333333
h044,49,3.857142857142857,2026-12-01,50,0.98
h045,48,4.0,2026-12-01,50,0.96
h046,40,4.225,2026-12-01,50,0.8
h047,29,3.7241379310344827,2026-12-01,40,0.725
h048,36,4.166666666666667,2026-12-01,40,0.9
h049,46,3.9565217391304346,2026-12-01,60,0.7666666666666667
h050,36,3.75,2026-12-01,40,0.9
h001,64,3.859375,2026-12-02,70,0.9142857142857143
h002,24,3.75,2026-12-02,30,0.8
h003,37,3.72972972972973,2026-12-02,40,0.925
h004,32,4.0625,2026-12-02,40,0.8
h005,36,3.9166666666666665,2026-12-02,40,0.9
h006,57,3.6140350877192984,2026-12-02,70,0.8142857142857143
h007,40,3.9,2026-12-02,40,1.0
h008,38,3.9473684210526314,2026-12-02,40,0.95
h009,38,3.789473684210526,2026-12-02,50,0.76
h010,40,4.05,2026-12-02,40,1.0
h011,47,4.25531914893617,2026-12-02,60,0.7833333333333333
h012,39,4.051282051282051,2026-12-02,50,0.78
h013,41,3.8048780487804876,2026-12-02,50,0.82
h014,51,3.6470588235294117,2026-12-02,60,0.85
h015,57,3.7719298245614037,2026-12-02,60,0.95
h016,72,3.861111111111111,2026-12-02,80,0.9
h017,47,4.0,2026-12-02,50,0.94
h018,56,3.857142857142857,2026-12-02,60,0.9333333333333333
h019,44,3.659090909090909,2026-12-02,50,0.88
h020,52,3.8461538461538463,2026-12-02,60,0.8666666666666667
h021,43,4.023255813953488,2026-12-02,50,0.86
h022,27,3.5555555555555554,2026-12-02,30,0.9
h023,25,4.12,2026-12-02,30,0.8333333333333334
h024,55,3.581818181818182,2026-12-02,60,0.9166666666666666
h025,37,3.7027027027027026,2026-12-02,40,0.925
h026,45,4.022222222222222,2026-12-02,50,0.9
h027,55,3.9272727272727272,2026-12-02,60,0.9166666666666666
h028,35,3.6857142857142855,2026-12-02,40,0.875
h029,23,3.5217391304347827,2026-12-02,30,0.7666666666666667
h030,54,3.6666666666666665,2026-12-02,60,0.9
h031,56,3.9464285714285716,2026-12-02,60,0.9333333333333333
h032,39,3.6923076923076925,2026-12-02,40,0.975
h033,31,4.161290322580645,2026-12-02,40,0.775
h034,52,3.769230769230769,2026-12-02,60,0.8666666666666667
h035,61,3.901639344262295,2026-12-02,70,0.8714285714285714
h036,30,3.6666666666666665,2026-12-02,40,0.75
h037,29,4.172413793103448,2026-12-02,40,0.725
h038,27,3.6296296296296298,2026-12-02,30,0.9
h039,64,3.765625,2026-12-02,70,0.9142857142857143
h040,42,3.6666666666666665,2026-12-02,50,0.84
h041,35,3.914285714285714,2026-12-02,40,0.875
h042,52,3.5961538461538463,2026-12-02,50,1.0
h043,53,3.981132075471698,2026-12-02,60,0.8833333333333333
h044,49,3.857142857142857,2026-12-02,50,0.98
h045,48,4.0,2026-12-02,50,0.96
h046,40,4.225,2026-12-02,50,0.8
h047,28,3.75,2026-12-02,40,0.7
h048,36,4.166666666666667,2026-12-02,40,0.9
h049,46,3.9565217391304346,2026-12-02,60,0.7666666666666667
h050,36,3.75,2026-12-02,40,0.9
h001,64,3.859375,2026-12-03,70,0.9142857142857143
h002,24,3.75,2026-12-03,30,0.8
h003,37,3.72972972972973,2026-12-03,40,0.925
h004,32,4.0625,2026-12-03,40,0.8
h005,36,3.9166666666666665,2026-12-03,40,0.9
h006,57,3.6140350877192984,2026-12-03,70,0.8142857142857143
h007,40,3.9,2026-12-03,40,1.0
h008,38,3.9473684210526314,2026-12-03,40,0.95
h009,38,3.789473684210526,2026-12-03,50,0.76
h010,40,4.05,2026-12-03,40,1.0
h011,47,4.25531914893617,2026-12-03,60,0.7833333333333333
h012,39,4.051282051282051,2026-12-03,50,0.78
h013,41,3.8048780487804876,2026-12-03,50,0.82
h014,51,3.6470588235294117,2026-12-03,60,0.85
h015,57,3.7719298245614037,2026-12-03,60,0.95
h016,72,3.861111111111111,2026-12-03,80,0.9
h017,47,4.0,2026-12-03,50,0.94
h018,56,3.857142857142857,2026-12-03,60,0.9333333333333333
h019,44,3.659090909090909,2026-12-03,50,0.88
h020,52,3.8461538461538463,2026-12-03,60,0.8666666666666667
h021,43,4.023255813953488,2026-12-03,50,0.86
h022,27,3.5555555555555554,2026-12-03,30,0.9
h023,25,4.12,2026-12-03,30,0.8333333333333334
h024,55,3.581818181818182,2026-12-03,60,0.9166666666666666
h025,37,3.7027027027027026,2026-12-03,40,0.925
h026,45,4.022222222222222,2026-12-03,50,0.9
h027,55,3.9272727272727272,2026-12-03,60,0.9166666666666666
h028,35,3.6857142857142855,2026-12-03,40,0.875
h029,23,3.5217391304347827,2026-12-03,30,0.7666666666666667
h030,54,3.6666666666666665,2026-12-03,60,0.9
h031,56,3.9464285714285716,2026-12-03,60,0.9333333333333333
h032,39,3.6923076923076925,2026-12-03,40,0.975
h033,31,4.161290322580645,2026-12-03,40,0.775
h034,52,3.769230769230769,2026-12-03,60,0.8666666666666667
h035,61,3.901639344262295,2026-12-03,70,0.8714285714285714
h036,30,3.6666666666666665,2026-12-03,40,0.75
h037,29,4.172413793103448,2026-12-03,40,0.725
h038,27,3.6296296296296298,2026-12-03,30,0.9
h039,64,3.765625,2026-12-03,70,0.9142857142857143
h040,42,3.6666666666666665,2026-12-03,50,0.84
h041,35,3.914285714285714,2026-12-03,40,0.875
h042,52,3.5961538461538463,2026-12-03,50,1.0
h043,53,3.981132075471698,2026-12-03,60,0.8833333333333333
h044,49,3.857142857142857,2026-12-03,50,0.98
h045,48,4.0,2026-12-03,50,0.96
h046,40,4.225,2026-12-03,50,0.8
h047,28,3.75,2026-12-03,40,0.7
h048,36,4.166666666666667,2026-12-03,40,0.9
h049,46,3.9565217391304346,2026-12-03,60,0.7666666666666667
h050,36,3.75,2026-12-03,40,0.9
h001,64,3.859375,2026-12-04,70,0.9142857142857143
h002,24,3.75,2026-12-04,30,0.8
h003,37,3.72972972972973,2026-12-04,40,0.925
h004,32,4.0625,2026-12-04,40,0.8
h005,36,3.9166666666666665,2026-12-04,40,0.9
h006,57,3.6140350877192984,2026-12-04,70,0.8142857142857143
h007,40,3.9,2026-12-04,40,1.0
h008,38,3.9473684210526314,2026-12-04,40,0.95
h009,38,3.789473684210526,2026-12-04,50,0.76
h010,40,4.05,2026-12-04,40,1.0
h011,47,4.25531914893617,2026-12-04,60,0.7833333333333333
h012,39,4.051282051282051,2026-12-04,50,0.78
h013,41,3.8048780487804876,2026-12-04,50,0.82
h014,51,3.6470588235294117,2026-12-04,60,0.85
h015,57,3.7719298245614037,2026-12-04,60,0.95
h016,72,3.861111111111111,2026-12-04,80,0.9
h017,47,4.0,2026-12-04,50,0.94
h018,55,3.8363636363636364,2026-12-04,60,0.9166666666666666
h019,43,3.6511627906976742,2026-12-04,50,0.86
h020,52,3.8461538461538463,2026-12-04,60,0.8666666666666667
h021,43,4.023255813953488,2026-12-04,50,0.86
h022,27,3.5555555555555554,2026-12-04,30,0.9
h023,25,4.12,2026-12-04,30,0.8333333333333334
h024,55,3.581818181818182,2026-12-04,60,0.9166666666666666
h025,37,3.7027027027027026,2026-12-04,40,0.925
h026,45,4.022222222222222,2026-12-04,50,0.9
h027,55,3.9272727272727272,2026-12-04,60,0.9166666666666666
h028,35,3.6857142857142855,2026-12-04,40,0.875
h029,23,3.5217391304347827,2026-12-04,30,0.7666666666666667
h030,54,3.6666666666666665,2026-12-04,60,0.9
h031,56,3.9464285714285716,2026-12-04,60,0.9333333333333333
h032,39,3.6923076923076925,2026-12-04,40,0.975
h033,31,4.161290322580645,2026-12-04,40,0.775
h034,52,3.769230769230769,2026-12-04,60,0.8666666666666667
h035,61,3.901639344262295,2026-12-04,70,0.8714285714285714
h036,30,3.6666666666666665,2026-12-04,40,0.75
h037,29,4.172413793103448,2026-12-04,40,0.725
h038,27,3.6296296296296298,2026-12-04,30,0.9
h039,64,3.765625,2026-12-04,70,0.9142857142857143
h040,42,3.6666666666666665,2026-12-04,50,0.84
h041,35,3.914285714285714,2026-12-04,40,0.875
h042,52,3.5961538461538463,2026-12-04,50,1.0
h043,53,3.981132075471698,2026-12-04,60,0.8833333333333333
h044,49,3.857142857142857,2026-12-04,50,0.98
h045,48,4.0,2026-12-04,50,0.96
h046,40,4.225,2026-12-04,50,0.8
h047,28,3.75,2026-12-04,40,0.7
h048,36,4.166666666666667,2026-12-04,40,0.9
h049,46,3.9565217391304346,2026-12-04,60,0.7666666666666667
h050,36,3.75,2026-12-04,40,0.9
h001,64,3.859375,2026-12-05,70,0.9142857142857143
h002,24,3.75,2026-12-05,30,0.8
h003,37,3.72972972972973,2026-12-05,40,0.925
h004,32,4.0625,2026-12-05,40,0.8
h005,36,3.9166666666666665,2026-12-05,40,0.9
h006,57,3.6140350877192984,2026-12-05,70,0.8142857142857143
h007,40,3.9,2026-12-05,40,1.0
h008,37,3.891891891891892,2026-12-05,40,0.925
h009,38,3.789473684210526,2026-12-05,50,0.76
h010,40,4.05,2026-12-05,40,1.0
h011,47,4.25531914893617,2026-12-05,60,0.7833333333333333
h012,39,4.051282051282051,2026-12-05,50,0.78
h013,41,3.8048780487804876,2026-12-05,50,0.82
h014,50,3.7,2026-12-05,60,0.8333333333333334
h015,57,3.7719298245614037,2026-12-05,60,0.95
h016,72,3.861111111111111,2026-12-05,80,0.9
h017,47,4.0,2026-12-05,50,0.94
h018,55,3.8363636363636364,2026-12-05,60,0.9166666666666666
h019,43,3.6511627906976742,2026-12-05,50,0.86
h020,52,3.8461538461538463,2026-12-05,60,0.8666666666666667
h021,43,4.023255813953488,2026-12-05,50,0.86
h022,27,3.5555555555555554,2026-12-05,30,0.9
h023,25,4.12,2026-12-05,30,0.8333333333333334
h024,55,3.581818181818182,2026-12-05,60,0.9166666666666666
h025,37,3.7027027027027026,2026-12-05,40,0.925
h026,45,4.022222222222222,2026-12-05,50,0.9
h027,55,3.9272727272727272,2026-12-05,60,0.9166666666666666
h028,33,3.606060606060606,2026-12-05,40,0.825
h029,23,3.5217391304347827,2026-12-05,30,0.7666666666666667
h030,54,3.6666666666666665,2026-12-05,60,0.9
h031,56,3.9464285714285716,2026-12-05,60,0.9333333333333333
h032,39,3.6923076923076925,2026-12-05,40,0.975
h033,31,4.161290322580645,2026-12-05,40,0.775
h034,52,3.769230769230769,2026-12-05,60,0.8666666666666667
h035,61,3.901639344262295,2026-12-05,70,0.8714285714285714
h036,30,3.6666666666666665,2026-12-05,40,0.75
h037,29,4.172413793103448,2026-12-05,40,0.725
h038,27,3.6296296296296298,2026-12-05,30,0.9
h039,64,3.765625,2026-12-05,70,0.9142857142857143
h040,42,3.6666666666666665,2026-12-05,50,0.84
h041,35,3.914285714285714,2026-12-05,40,0.875
h042,52,3.5961538461538463,2026-12-05,50,1.0
h043,53,3.981132075471698,2026-12-05,60,0.8833333333333333
h044,49,3.857142857142857,2026-12-05,50,0.98
h045,48,4.0,2026-12-05,50,0.96
h046,40,4.225,2026-12-05,50,0.8
h047,28,3.75,2026-12-05,40,0.7
h048,36,4.166666666666667,2026-12-05,40,0.9
h049,46,3.9565217391304346,2026-12-05,60,0.7666666666666667
h050,36,3.75,2026-12-05,40,0.9
h001,64,3.859375,2026-12-06,70,0.9142857142857143
h002,24,3.75,2026-12-06,30,0.8
h003,37,3.72972972972973,2026-12-06,40,0.925
h004,32,4.0625,2026-12-06,40,0.8
h005,36,3.9166666666666665,2026-12-06,40,0.9
h006,57,3.6140350877192984,2026-12-06,70,0.8142857142857143
h007,40,3.9,2026-12-06,40,1.0
h008,37,3.891891891891892,2026-12-06,40,0.925
h009,38,3.789473684210526,2026-12-06,50,0.76
h010,40,4.05,2026-12-06,40,1.0
h011,47,4.25531914893617,2026-12-06,60,0.7833333333333333
h012,39,4.051282051282051,2026-12-06,50,0.78
h013,41,3.8048780487804876,2026-12-06,50,0.82
h014,49,3.7346938775510203,2026-12-06,60,0.8166666666666667
h015,57,3.7719298245614037,2026-12-06,60,0.95
h016,72,3.861111111111111,2026-12-06,80,0.9
h017,47,4.0,2026-12-06,50,0.94
h018,55,3.8363636363636364,2026-12-06,60,0.9166666666666666
h019,43,3.6511627906976742,2026-12-06,50,0.86
h020,52,3.8461538461538463,2026-12-06,60,0.8666666666666667
h021,43,4.023255813953488,2026-12-06,50,0.86
h022,27,3.5555555555555554,2026-12-06,30,0.9
h023,25,4.12,2026-12-06,30,0.8333333333333334
h024,55,3.581818181818182,2026-12-06,60,0.9166666666666666
h025,37,3.7027027027027026,2026-12-06,40,0.925
h026,45,4.022222222222222,2026-12-06,50,0.9
h027,55,3.9272727272727272,2026-12-06,60,0.9166666666666666
h028,33,3.606060606060606,2026-12-06,40,0.825
h029,23,3.5217391304347827,2026-12-06,30,0.7666666666666667
h030,54,3.6666666666666665,2026-12-06,60,0.9
h031,56,3.9464285714285716,2026-12-06,60,0.9333333333333333
h032,39,3.6923076923076925,2026-12-06,40,0.975
h033,31,4.161290322580645,2026-12-06,40,0.775
h034,52,3.769230769230769,2026-12-06,60,0.8666666666666667
h035,61,3.901639344262295,2026-12-06,70,0.8714285714285714
h036,30,3.6666666666666665,2026-12-06,40,0.75
h037,29,4.172413793103448,2026-12-06,40,0.725
h038,27,3.6296296296296298,2026-12-06,30,0.9
h039,64,3.765625,2026-12-06,70,0.9142857142857143
h040,42,3.6666666666666665,2026-12-06,50,0.84
h041,35,3.914285714285714,2026-12-06,40,0.875
h042,52,3.5961538461538463,2026-12-06,50,1.0
h043,53,3.981132075471698,2026-12-06,60,0.8833333333333333
h044,49,3.857142857142857,2026-12-06,50,0.98
h045,48,4.0,2026-12-06,50,0.96
h046,40,4.225,2026-12-06,50,0.8
h047,28,3.75,2026-12-06,40,0.7
h048,36,4.166666666666667,2026-12-06,40,0.9
h049,46,3.9565217391304346,2026-12-06,60,0.7666666666666667
h050,36,3.75,2026-12-06,40,0.9
h001,64,3.859375,2026-12-07,70,0.9142857142857143
h002,24,3.75,2026-12-07,30,0.8
h003,37,3.72972972972973,2026-12-07,40,0.925
h004,32,4.0625,2026-12-07,40,0.8
h005,36,3.9166666666666665,2026-12-07,40,0.9
h006,57,3.6140350877192984,2026-12-07,70,0.8142857142857143
h007,40,3.9,2026-12-07,40,1.0
h008,37,3.891891891891892,2026-12-07,40,0.925
h009,38,3.789473684210526,2026-12-07,50,0.76
h010,40,4.05,2026-12-07,40,1.0
h011,47,4.25531914893617,2026-12-07,60,0.7833333333333333
h012,39,4.051282051282051,2026-12-07,50,0.78
h013,41,3.8048780487804876,2026-12-07,50,0.82
h014,49,3.7346938775510203,2026-12-07,60,0.8166666666666667
h015,57,3.7719298245614037,2026-12-07,60,0.95
h016,72,3.861111111111111,2026-12-07,80,0.9
h017,47,4.0,2026-12-07,50,0.94
h018,55,3.8363636363636364,2026-12-07,60,0.9166666666666666
h019,43,3.6511627906976742,2026-12-07,50,0.86
h020,52,3.8461538461538463,2026-12-07,60,0.8666666666666667
h021,43,4.023255813953488,2026-12-07,50,0.86
h022,27,3.5555555555555554,2026-12-07,30,0.9
h023,25,4.12,2026-12-07,30,0.8333333333333334
h024,54,3.5555555555555554,2026-12-07,60,0.9
h025,37,3.7027027027027026,2026-12-07,40,0.925
h026,44,4.0227272727272725,2026-12-07,50,0.88
h027,55,3.9272727272727272,2026-12-07,60,0.9166666666666666
h028,33,3.606060606060606,2026-12-07,40,0.825
h029,23,3.5217391304347827,2026-12-07,30,0.7666666666666667
h030,54,3.6666666666666665,2026-12-07,60,0.9
h031,56,3.9464285714285716,2026-12-07,60,0.9333333333333333
h032,39,3.6923076923076925,2026-12-07,40,0.975
h033,31,4.161290322580645,2026-12-07,40,0.775
h034,52,3.769230769230769,2026-12-07,60,0.8666666666666667
h035,61,3.901639344262295,2026-12-07,70,0.8714285714285714
h036,30,3.6666666666666665,2026-12-07,40,0.75
h037,29,4.172413793103448,2026-12-07,40,0.725
h038,27,3.6296296296296298,2026-12-07,30,0.9
h039,64,3.765625,2026-12-07,70,0.9142857142857143
h040,42,3.6666666666666665,2026-12-07,50,0.84
h041,35,3.914285714285714,2026-12-07,40,0.875
h042,51,3.588235294117647,2026-12-07,50,1.0
h043,53,3.981132075471698,2026-12-07,60,0.8833333333333333
h044,48,3.8541666666666665,2026-12-07,50,0.96
h045,48,4.0,2026-12-07,50,0.96
h046,40,4.225,2026-12-07,50,0.8
h047,28,3.75,2026-12-07,40,0.7
h048,36,4.166666666666667,2026-12-07,40,0.9
h049,46,3.9565217391304346,2026-12-07,60,0.7666666666666667
h050,36,3.75,2026-12-07,40,0.9
h001,64,3.859375,2026-12-08,70,0.9142857142857143
h002,24,3.75,2026-12-08,30,0.8
h003,37,3.72972972972973,2026-12-08,40,0.925
h004,32,4.0625,2026-12-08,40,0.8
h005,36,3.9166666666666665,2026-12-08,40,0.9
h006,57,3.6140350877192984,2026-12-08,70,0.8142857142857143
h007,40,3.9,2026-12-08,40,1.0
h008,37,3.891891891891892,2026-12-08,40,0.925
h009,38,3.789473684210526,2026-12-08,50,0.76
h010,40,4.05,2026-12-08,40,1.0
h011,47,4.25531914893617,2026-12-08,60,0.7833333333333333
h012,39,4.051282051282051,2026-12-08,50,0.78
h013,41,3.8048780487804876,2026-12-08,50,0.82
h014,49,3.7346938775510203,2026-12-08,60,0.8166666666666667
h015,57,3.7719298245614037,2026-12-08,60,0.95
h016,72,3.861111111111111,2026-12-08,80,0.9
h017,47,4.0,2026-12-08,50,0.94
h018,55,3.8363636363636364,2026-12-08,60,0.9166666666666666
h019,43,3.6511627906976742,2026-12-08,50,0.86
h020,52,3.8461538461538463,2026-12-08,60,0.8666666666666667
h021,43,4.023255813953488,2026-12-08,50,0.86
h022,27,3.5555555555555554,2026-12-08,30,0.9
h023,25,4.12,2026-12-08,30,0.8333333333333334
h024,54,3.5555555555555554,2026-12-08,60,0.9
h025,37,3.7027027027027026,2026-12-08,40,0.925
h026,44,4.0227272727272725,2026-12-08,50,0.88
h027,55,3.9272727272727272,2026-12-08,60,0.9166666666666666
h028,33,3.606060606060606,2026-12-08,40,0.825
h029,23,3.5217391304347827,2026-12-08,30,0.7666666666666667
h030,54,3.6666666666666665,2026-12-08,60,0.9
h031,56,3.9464285714285716,2026-12-08,60,0.9333333333333333
h032,39,3.6923076923076925,2026-12-08,40,0.975
h033,31,4.161290322580645,2026-12-08,40,0.775
h034,51,3.7450980392156863,2026-12-08,60,0.85
h035,61,3.901639344262295,2026-12-08,70,0.8714285714285714
h036,30,3.6666666666666665,2026-12-08,40,0.75
h037,29,4.172413793103448,2026-12-08,40,0.725
h038,27,3.6296296296296298,2026-12-08,30,0.9
h039,64,3.765625,2026-12-08,70,0.9142857142857143
h040,42,3.6666666666666665,2026-12-08,50,0.84
h041,35,3.914285714285714,2026-12-08,40,0.875
h042,51,3.588235294117647,2026-12-08,50,1.0
h043,53,3.981132075471698,2026-12-08,60,0.8833333333333333
h044,47,3.872340425531915,2026-12-08,50,0.94
h045,47,4.0,2026-12-08,50,0.94
h046,40,4.225,2026-12-08,50,0.8
h047,28,3.75,2026-12-08,40,0.7
h048,35,4.142857142857143,2026-12-08,40,0.875
h049,46,3.9565217391304346,2026-12-08,60,0.7666666666666667
h050,36,3.75,2026-12-08,40,0.9
h001,64,3.859375,2026-12-09,70,0.9142857142857143
h002,24,3.75,2026-12-09,30,0.8
h003,37,3.72972972972973,2026-12-09,40,0.925
h004,32,4.0625,2026-12-09,40,0.8
h005,36,3.9166666666666665,2026-12-09,40,0.9
h006,57,3.6140350877192984,2026-12-09,70,0.8142857142857143
h007,40,3.9,2026-12-09,40,1.0
h008,37,3.891891891891892,2026-12-09,40,0.925
h009,38,3.789473684210526,2026-12-09,50,0.76
h010,40,4.05,2026-12-09,40,1.0
h011,47,4.25531914893617,2026-12-09,60,0.7833333333333333
h012,39,4.051282051282051,2026-12-09,50,0.78
h013,41,3.8048780487804876,2026-12-09,50,0.82
h014,48,3.7083333333333335,2026-12-09,60,0.8
h015,57,3.7719298245614037,2026-12-09,60,0.95
h016,72,3.861111111111111,2026-12-09,80,0.9
h017,47,4.0,2026-12-09,50,0.94
h018,55,3.8363636363636364,2026-12-09,60,0.9166666666666666
h019,43,3.6511627906976742,2026-12-09,50,0.86
h020,52,3.8461538461538463,2026-12-09,60,0.8666666666666667
h021,43,4.023255813953488,2026-12-09,50,0.86
h022,27,3.5555555555555554,2026-12-09,30,0.9
h023,25,4.12,2026-12-09,30,0.8333333333333334
h024,54,3.5555555555555554,2026-12-09,60,0.9
h025,37,3.7027027027027026,2026-12-09,40,0.925
h026,44,4.0227272727272725,2026-12-09,50,0.88
h027,55,3.9272727272727272,2026-12-09,60,0.9166666666666666
h028,33,3.606060606060606,2026-12-09,40,0.825
h029,23,3.5217391304347827,2026-12-09,30,0.7666666666666667
h030,54,3.6666666666666665,2026-12-09,60,0.9
h031,56,3.9464285714285716,2026-12-09,60,0.9333333333333333
h032,39,3.6923076923076925,2026-12-09,40,0.975
h033,31,4.161290322580645,2026-12-09,40,0.775
h034,51,3.7450980392156863,2026-12-09,60,0.85
h035,61,3.901639344262295,2026-12-09,70,0.8714285714285714
h036,30,3.6666666666666665,2026-12-09,40,0.75
h037,29,4.172413793103448,2026-12-09,40,0.725
h038,26,3.6153846153846154,2026-12-09,30,0.8666666666666667
h039,64,3.765625,2026-12-09,70,0.9142857142857143
h040,42,3.6666666666666665,2026-12-09,50,0.84
h041,35,3.914285714285714,2026-12-09,40,0.875
h042,51,3.588235294117647,2026-12-09,50,1.0
h043,53,3.981132075471698,2026-12-09,60,0.8833333333333333
h044,47,3.872340425531915,2026-12-09,50,0.94
h045,47,4.0,2026-12-09,50,0.94
h046,40,4.225,2026-12-09,50,0.8
h047,28,3.75,2026-12-09,40,0.7
h048,35,4.142857142857143,2026-12-09,40,0.875
h049,46,3.9565217391304346,2026-12-09,60,0.7666666666666667
h050,36,3.75,2026-12-09,40,0.9
h001,63,3.873015873015873,2026-12-10,70,0.9
h002,24,3.75,2026-12-10,30,0.8
h003,37,3.72972972972973,2026-12-10,40,0.925
h004,32,4.0625,2026-12-10,40,0.8
h005,36,3.9166666666666665,2026-12-10,40,0.9
h006,56,3.642857142857143,2026-12-10,70,0.8
h007,40,3.9,2026-12-10,40,1.0
h008,37,3.891891891891892,2026-12-10,40,0.925
h009,38,3.789473684210526,2026-12-10,50,0.76
h010,40,4.05,2026-12-10,40,1.0
h011,47,4.25531914893617,2026-12-10,60,0.7833333333333333
h012,39,4.051282051282051,2026-12-10,50,0.78
h013,41,3.8048780487804876,2026-12-10,50,0.82
h014,48,3.7083333333333335,2026-12-10,60,0.8
h015,57,3.7719298245614037,2026-12-10,60,0.95
h016,72,3.861111111111111,2026-12-10,80,0.9
h017,47,4.0,2026-12-10,50,0.94
h018,55,3.8363636363636364,2026-12-10,60,0.9166666666666666
h019,43,3.6511627906976742,2026-12-10,50,0.86
h020,52,3.8461538461538463,2026-12-10,60,0.8666666666666667
h021,43,4.023255813953488,2026-12-10,50,0.86
h022,27,3.5555555555555554,2026-12-10,30,0.9
h023,25,4.12,2026-12-10,30,0.8333333333333334
h024,54,3.5555555555555554,2026-12-10,60,0.9
h025,37,3.7027027027027026,2026-12-10,40,0.925
h026,44,4.0227272727272725,2026-12-10,50,0.88
h027,54,3.925925925925926,2026-12-10,60,0.9
h028,33,3.606060606060606,2026-12-10,40,0.825
h029,23,3.5217391304347827,2026-12-10,30,0.7666666666666667
h030,54,3.6666666666666665,2026-12-10,60,0.9
h031,55,3.9454545454545453,2026-12-10,60,0.9166666666666666
h032,39,3.6923076923076925,2026-12-10,40,0.975
h033,31,4.161290322580645,2026-12-10,40,0.775
h034,51,3.7450980392156863,2026-12-10,60,0.85
h035,61,3.901639344262295,2026-12-10,70,0.8714285714285714
h036,30,3.6666666666666665,2026-12-10,40,0.75
h037,28,4.178571428571429,2026-12-10,40,0.7
h038,26,3.6153846153846154,2026-12-10,30,0.8666666666666667
h039,64,3.765625,2026-12-10,70,0.9142857142857143
h040,41,3.6341463414634148,2026-12-10,50,0.82
h041,35,3.914285714285714,2026-12-10,40,0.875
h042,51,3.588235294117647,2026-12-10,50,1.0
h043,53,3.981132075471698,2026-12-10,60,0.8833333333333333
h044,47,3.872340425531915,2026-12-10,50,0.94
h045,46,4.0,2026-12-10,50,0.92
h046,40,4.225,2026-12-10,50,0.8
h047,28,3.75,2026-12-10,40,0.7
h048,35,4.142857142857143,2026-12-10,40,0.875
h049,46,3.9565217391304346,2026-12-10,60,0.7666666666666667
h050,36,3.75,2026-12-10,40,0.9
h001,63,3.873015873015873,2026-12-11,70,0.9
h002,24,3.75,2026-12-11,30,0.8
h003,37,3.72972972972973,2026-12-11,40,0.925
h004,32,4.0625,2026-12-11,40,0.8
h005,36,3.9166666666666665,2026-12-11,40,0.9
h006,56,3.642857142857143,2026-12-11,70,0.8
h007,40,3.9,2026-12-11,40,1.0
h008,37,3.891891891891892,2026-12-11,40,0.925
h009,38,3.789473684210526,2026-12-11,50,0.76
h010,40,4.05,2026-12-11,40,1.0
h011,47,4.25531914893617,2026-12-11,60,0.7833333333333333
h012,39,4.051282051282051,2026-12-11,50,0.78
h013,41,3.8048780487804876,2026-12-11,50,0.82
h014,48,3.7083333333333335,2026-12-11,60,0.8
h015,57,3.7719298245614037,2026-12-11,60,0.95
h016,72,3.861111111111111,2026-12-11,80,0.9
h017,47,4.0,2026-12-11,50,0.94
h018,55,3.8363636363636364,2026-12-11,60,0.9166666666666666
h019,43,3.6511627906976742,2026-12-11,50,0.86
h020,52,3.8461538461538463,2026-12-11,60,0.8666666666666667
h021,43,4.023255813953488,2026-12-11,50,0.86
h022,27,3.5555555555555554,2026-12-11,30,0.9
h023,25,4.12,2026-12-11,30,0.8333333333333334
h024,54,3.5555555555555554,2026-12-11,60,0.9
h025,37,3.7027027027027026,2026-12-11,40,0.925
h026,44,4.0227272727272725,2026-12-11,50,0.88
h027,54,3.925925925925926,2026-12-11,60,0.9
h028,33,3.606060606060606,2026-12-11,40,0.825
h029,23,3.5217391304347827,2026-12-11,30,0.7666666666666667
h030,54,3.6666666666666665,2026-12-11,60,0.9
h031,55,3.9454545454545453,2026-12-11,60,0.9166666666666666
h032,39,3.6923076923076925,2026-12-11,40,0.975
h033,31,4.161290322580645,2026-12-11,40,0.775
h034,50,3.74,2026-12-11,60,0.8333333333333334
h035,61,3.901639344262295,2026-12-11,70,0.8714285714285714
h036,30,3.6666666666666665,2026-12-11,40,0.75
h037,28,4.178571428571429,2026-12-11,40,0.7
h038,26,3.6153846153846154,2026-12-11,30,0.8666666666666667
h039,64,3.765625,2026-12-11,70,0.9142857142857143
h040,41,3.6341463414634148,2026-12-11,50,0.82
h041,35,3.914285714285714,2026-12-11,40,0.875
h042,51,3.588235294117647,2026-12-11,50,1.0
h043,53,3.981132075471698,2026-12-11,60,0.8833333333333333
h044,47,3.872340425531915,2026-12-11,50,0.94
h045,46,4.0,2026-12-11,50,0.92
h046,40,4.225,2026-12-11,50,0.8
h047,28,3.75,2026-12-11,40,0.7
h048,35,4.142857142857143,2026-12-11,40,0.875
h049,46,3.9565217391304346,2026-12-11,60,0.7666666666666667
h050,36,3.75,2026-12-11,40,0.9
h001,63,3.873015873015873,2026-12-12,70,0.9
h002,24,3.75,2026-12-12,30,0.8
h003,37,3.72972972972973,2026-12-12,40,0.925
h004,32,4.0625,2026-12-12,40,0.8
h005,36,3.9166666666666665,2026-12-12,40,0.9
h006,56,3.642857142857143,2026-12-12,70,0.8
h007,40,3.9,2026-12-12,40,1.0
h008,37,3.891891891891892,2026-12-12,40,0.925
h009,38,3.789473684210526,2026-12-12,50,0.76
h010,40,4.05,2026-12-12,40,1.0
h011,47,4.25531914893617,2026-12-12,60,0.7833333333333333
h012,39,4.051282051282051,2026-12-12,50,0.78
h013,41,3.8048780487804876,2026-12-12,50,0.82
h014,48,3.7083333333333335,2026-12-12,60,0.8
h015,57,3.7719298245614037,2026-12-12,60,0.95
h016,72,3.861111111111111,2026-12-12,80,0.9
h017,47,4.0,2026-12-12,50,0.94
h018,55,3.8363636363636364,2026-12-12,60,0.9166666666666666
h019,43,3.6511627906976742,2026-12-12,50,0.86
h020,52,3.8461538461538463,2026-12-12,60,0.8666666666666667
h021,43,4.023255813953488,2026-12-12,50,0.86
h022,27,3.5555555555555554,2026-12-12,30,0.9
h023,24,4.083333333333333,2026-12-12,30,0.8
h024,53,3.547169811320755,2026-12-12,60,0.8833333333333333
h025,37,3.7027027027027026,2026-12-12,40,0.925
h026,44,4.0227272727272725,2026-12-12,50,0.88
h027,54,3.925925925925926,2026-12-12,60,0.9
h028,33,3.606060606060606,2026-12-12,40,0.825
h029,23,3.5217391304347827,2026-12-12,30,0.7666666666666667
h030,54,3.6666666666666665,2026-12-12,60,0.9
h031,55,3.9454545454545453,2026-12-12,60,0.9166666666666666
h032,39,3.6923076923076925,2026-12-12,40,0.975
h033,31,4.161290322580645,2026-12-12,40,0.775
h034,50,3.74,2026-12-12,60,0.8333333333333334
h035,61,3.901639344262295,2026-12-12,70,0.8714285714285714
h036,30,3.6666666666666665,2026-12-12,40,0.75
h037,28,4.178571428571429,2026-12-12,40,0.7
h038,26,3.6153846153846154,2026-12-12,30,0.8666666666666667
h039,64,3.765625,2026-12-12,70,0.9142857142857143
h040,41,3.6341463414634148,2026-12-12,50,0.82
h041,35,3.914285714285714,2026-12-12,40,0.875
h042,51,3.588235294117647,2026-12-12,50,1.0
h043,53,3.981132075471698,2026-12-12,60,0.8833333333333333
h044,47,3.872340425531915,2026-12-12,50,0.94
h045,46,4.0,2026-12-12,50,0.92
h046,40,4.225,2026-12-12,50,0.8
h047,28,3.75,2026-12-12,40,0.7
h048,35,4.142857142857143,2026-12-12,40,0.875
h049,46,3.9565217391304346,2026-12-12,60,0.7666666666666667
h050,36,3.75,2026-12-12,40,0.9
h001,63,3.873015873015873,2026-12-13,70,0.9
h002,24,3.75,2026-12-13,30,0.8
h003,37,3.72972972972973,2026-12-13,40,0.925
h004,32,4.0625,2026-12-13,40,0.8
h005,36,3.9166666666666665,2026-12-13,40,0.9
h006,56,3.642857142857143,2026-12-13,70,0.8
h007,40,3.9,2026-12-13,40,1.0
h008,37,3.891891891891892,2026-12-13,40,0.925
h009,38,3.789473684210526,2026-12-13,50,0.76
h010,40,4.05,2026-12-13,40,1.0
h011,46,4.282608695652174,2026-12-13,60,0.7666666666666667
h012,39,4.051282051282051,2026-12-13,50,0.78
h013,41,3.8048780487804876,2026-12-13,50,0.82
h014,48,3.7083333333333335,2026-12-13,60,0.8
h015,57,3.7719298245614037,2026-12-13,60,0.95
h016,72,3.861111111111111,2026-12-13,80,0.9
h017,47,4.0,2026-12-13,50,0.94
h018,55,3.8363636363636364,2026-12-13,60,0.9166666666666666
h019,43,3.6511627906976742,2026-12-13,50,0.86
h020,52,3.8461538461538463,2026-12-13,60,0.8666666666666667
h021,43,4.023255813953488,2026-12-13,50,0.86
h022,27,3.5555555555555554,2026-12-13,30,0.9
h023,24,4.083333333333333,2026-12-13,30,0.8
h024,53,3.547169811320755,2026-12-13,60,0.8833333333333333
h025,37,3.7027027027027026,2026-12-13,40,0.925
h026,44,4.0227272727272725,2026-12-13,50,0.88
h027,54,3.925925925925926,2026-12-13,60,0.9
h028,33,3.606060606060606,2026-12-13,40,0.825
h029,23,3.5217391304347827,2026-12-13,30,0.7666666666666667
h030,53,3.69811320754717,2026-12-13,60,0.8833333333333333
h031,55,3.9454545454545453,2026-12-13,60,0.9166666666666666
h032,39,3.6923076923076925,2026-12-13,40,0.975
h033,31,4.161290322580645,2026-12-13,40,0.775
h034,49,3.7551020408163267,2026-12-13,60,0.8166666666666667
h035,61,3.901639344262295,2026-12-13,70,0.8714285714285714
h036,30,3.6666666666666665,2026-12-13,40,0.75
h037,28,4.178571428571429,2026-12-13,40,0.7
h038,26,3.6153846153846154,2026-12-13,30,0.8666666666666667
h039,64,3.765625,2026-12-13,70,0.9142857142857143
h040,41,3.6341463414634148,2026-12-13,50,0.82
h041,35,3.914285714285714,2026-12-13,40,0.875
h042,50,3.58,2026-12-13,50,1.0
h043,53,3.981132075471698,2026-12-13,60,0.8833333333333333
h044,47,3.872340425531915,2026-12-13,50,0.94
h045,46,4.0,2026-12-13,50,0.92
h046,40,4.225,2026-12-13,50,0.8
h047,28,3.75,2026-12-13,40,0.7
h048,35,4.142857142857143,2026-12-13,40,0.875
h049,46,3.9565217391304346,2026-12-13,60,0.7666666666666667
h050,36,3.75,2026-12-13,40,0.9
h001,63,3.873015873015873,2026-12-14,70,0.9
h002,24,3.75,2026-12-14,30,0.8
h003,37,3.72972972972973,2026-12-14,40,0.925
h004,32,4.0625,2026-12-14,40,0.8
h005,36,3.9166666666666665,2026-12-14,40,0.9
h006,56,3.642857142857143,2026-12-14,70,0.8
h007,40,3.9,2026-12-14,40,1.0
h008,37,3.891891891891892,2026-12-14,40,0.925
h009,38,3.789473684210526,2026-12-14,50,0.76
h010,40,4.05,2026-12-14,40,1.0
h011,46,4.282608695652174,2026-12-14,60,0.7666666666666667
h012,39,4.051282051282051,2026-12-14,50,0.78
h013,41,3.8048780487804876,2026-12-14,50,0.82
h014,48,3.7083333333333335,2026-12-14,60,0.8
h015,57,3.7719298245614037,2026-12-14,60,0.95
h016,72,3.861111111111111,2026-12-14,80,0.9
h017,47,4.0,2026-12-14,50,0.94
h018,55,3.8363636363636364,2026-12-14,60,0.9166666666666666
h019,43,3.6511627906976742,2026-12-14,50,0.86
h020,52,3.8461538461538463,2026-12-14,60,0.8666666666666667
h021,43,4.023255813953488,2026-12-14,50,0.86
h022,27,3.5555555555555554,2026-12-14,30,0.9
h023,24,4.083333333333333,2026-12-14,30,0.8
h024,53,3.547169811320755,2026-12-14,60,0.8833333333333333
h025,37,3.7027027027027026,2026-12-14,40,0.925
h026,44,4.0227272727272725,2026-12-14,50,0.88
h027,54,3.925925925925926,2026-12-14,60,0.9
h028,33,3.606060606060606,2026-12-14,40,0.825
h029,23,3.5217391304347827,2026-12-14,30,0.7666666666666667
h030,53,3.69811320754717,2026-12-14,60,0.8833333333333333
h031,55,3.9454545454545453,2026-12-14,60,0.9166666666666666
h032,39,3.6923076923076925,2026-12-14,40,0.975
h033,31,4.161290322580645,2026-12-14,40,0.775
h034,49,3.7551020408163267,2026-12-14,60,0.8166666666666667
h035,61,3.901639344262295,2026-12-14,70,0.8714285714285714
h036,30,3.6666666666666665,2026-12-14,40,0.75
h037,28,4.178571428571429,2026-12-14,40,0.7
h038,26,3.6153846153846154,2026-12-14,30,0.8666666666666667
h039,63,3.7936507936507935,2026-12-14,70,0.9
h040,41,3.6341463414634148,2026-12-14,50,0.82
h041,35,3.914285714285714,2026-12-14,40,0.875
h042,50,3.58,2026-12-14,50,1.0
h043,53,3.981132075471698,2026-12-14,60,0.8833333333333333
h044,47,3.872340425531915,2026-12-14,50,0.94
h045,46,4.0,2026-12-14,50,0.92
h046,40,4.225,2026-12-14,50,0.8
h047,28,3.75,2026-12-14,40,0.7
h048,35,4.142857142857143,2026-12-14,40,0.875
h049,46,3.9565217391304346,2026-12-14,60,0.7666666666666667
h050,36,3.75,2026-12-14,40,0.9
h001,63,3.873015873015873,2026-12-15,70,0.9
h002,24,3.75,2026-12-15,30,0.8
h003,37,3.72972972972973,2026-12-15,40,0.925
h004,32,4.0625,2026-12-15,40,0.8
h005,36,3.9166666666666665,2026-12-15,40,0.9
h006,56,3.642857142857143,2026-12-15,70,0.8
h007,40,3.9,2026-12-15,40,1.0
h008,37,3.891891891891892,2026-12-15,40,0.925
h009,38,3.789473684210526,2026-12-15,50,0.76
h010,40,4.05,2026-12-15,40,1.0
h011,46,4.282608695652174,2026-12-15,60,0.7666666666666667
h012,39,4.051282051282051,2026-12-15,50,0.78
h013,41,3.8048780487804876,2026-12-15,50,0.82
h014,48,3.7083333333333335,2026-12-15,60,0.8
h015,55,3.8,2026-12-15,60,0.9166666666666666
h016,72,3.861111111111111,2026-12-15,80,0.9
h017,47,4.0,2026-12-15,50,0.94
h018,55,3.8363636363636364,2026-12-15,60,0.9166666666666666
h019,43,3.6511627906976742,2026-12-15,50,0.86
h020,52,3.8461538461538463,2026-12-15,60,0.8666666666666667
h021,43,4.023255813953488,2026-12-15,50,0.86
h022,27,3.5555555555555554,2026-12-15,30,0.9
h023,24,4.083333333333333,2026-12-15,30,0.8
h024,53,3.547169811320755,2026-12-15,60,0.8833333333333333
h025,37,3.7027027027027026,2026-12-15,40,0.925
h026,44,4.0227272727272725,2026-12-15,50,0.88
h027,54,3.925925925925926,2026-12-15,60,0.9
h028,33,3.606060606060606,2026-12-15,40,0.825
h029,23,3.5217391304347827,2026-12-15,30,0.7666666666666667
h030,53,3.69811320754717,2026-12-15,60,0.8833333333333333
h031,55,3.9454545454545453,2026-12-15,60,0.9166666666666666
h032,39,3.6923076923076925,2026-12-15,40,0.975
h033,31,4.161290322580645,2026-12-15,40,0.775
h034,49,3.7551020408163267,2026-12-15,60,0.8166666666666667
h035,61,3.901639344262295,2026-12-15,70,0.8714285714285714
h036,30,3.6666666666666665,2026-12-15,40,0.75
h037,28,4.178571428571429,2026-12-15,40,0.7
h038,26,3.6153846153846154,2026-12-15,30,0.8666666666666667
h039,63,3.7936507936507935,2026-12-15,70,0.9
h040,41,3.6341463414634148,2026-12-15,50,0.82
h041,35,3.914285714285714,2026-12-15,40,0.875
h042,50,3.58,2026-12-15,50,1.0
h043,53,3.981132075471698,2026-12-15,60,0.8833333333333333
h044,47,3.872340425531915,2026-12-15,50,0.94
h045,46,4.0,2026-12-15,50,0.92
h046,40,4.225,2026-12-15,50,0.8
h047,28,3.75,2026-12-15,40,0.7
h048,35,4.142857142857143,2026-12-15,40,0.875
h049,46,3.9565217391304346,2026-12-15,60,0.7666666666666667
h050,36,3.75,2026-12-15,40,0.9
h001,63,3.873015873015873,2026-12-16,70,0.9
h002,24,3.75,2026-12-16,30,0.8
h003,37,3.72972972972973,2026-12-16,40,0.925
h004,32,4.0625,2026-12-16,40,0.8
h005,36,3.9166666666666665,2026-12-16,40,0.9
h006,56,3.642857142857143,2026-12-16,70,0.8
h007,40,3.9,2026-12-16,40,1.0
h008,37,3.891891891891892,2026-12-16,40,0.925
h009,38,3.789473684210526,2026-12-16,50,0.76
h010,40,4.05,2026-12-16,40,1.0
h011,46,4.282608695652174,2026-12-16,60,0.7666666666666667
h012,39,4.051282051282051,2026-12-16,50,0.78
h013,41,3.8048780487804876,2026-12-16,50,0.82
h014,48,3.7083333333333335,2026-12-16,60,0.8
h015,55,3.8,2026-12-16,60,0.9166666666666666
h016,72,3.861111111111111,2026-12-16,80,0.9
h017,47,4.0,2026-12-16,50,0.94
h018,55,3.8363636363636364,2026-12-16,60,0.9166666666666666
h019,43,3.6511627906976742,2026-12-16,50,0.86
h020,52,3.8461538461538463,2026-12-16,60,0.8666666666666667
h021,43,4.023255813953488,2026-12-16,50,0.86
h022,27,3.5555555555555554,2026-12-16,30,0.9
h023,23,4.173913043478261,2026-12-16,30,0.7666666666666667
h024,53,3.547169811320755,2026-12-16,60,0.8833333333333333
h025,37,3.7027027027027026,2026-12-16,40,0.925
h026,44,4.0227272727272725,2026-12-16,50,0.88
h027,54,3.925925925925926,2026-12-16,60,0.9
h028,33,3.606060606060606,2026-12-16,40,0.825
h029,23,3.5217391304347827,2026-12-16,30,0.7666666666666667
h030,53,3.69811320754717,2026-12-16,60,0.8833333333333333
h031,55,3.9454545454545453,2026-12-16,60,0.9166666666666666
h032,39,3.6923076923076925,2026-12-16,40,0.975
h033,31,4.161290322580645,2026-12-16,40,0.775
h034,49,3.7551020408163267,2026-12-16,60,0.8166666666666667
h035,61,3.901639344262295,2026-12-16,70,0.8714285714285714
h036,30,3.6666666666666665,2026-12-16,40,0.75
h037,28,4.178571428571429,2026-12-16,40,0.7
h038,26,3.6153846153846154,2026-12-16,30,0.8666666666666667
h039,63,3.7936507936507935,2026-12-16,70,0.9
h040,41,3.6341463414634148,2026-12-16,50,0.82
h041,35,3.914285714285714,2026-12-16,40,0.875
h042,50,3.58,2026-12-16,50,1.0
h043,53,3.981132075471698,2026-12-16,60,0.8833333333333333
h044,47,3.872340425531915,2026-12-16,50,0.94
h045,46,4.0,2026-12-16,50,0.92
h046,40,4.225,2026-12-16,50,0.8
h047,28,3.75,2026-12-16,40,0.7
h048,35,4.142857142857143,2026-12-16,40,0.875
h049,46,3.9565217391304346,2026-12-16,60,0.7666666666666667
h050,36,3.75,2026-12-16,40,0.9
h001,63,3.873015873015873,2026-12-17,70,0.9
h002,24,3.75,2026-12-17,30,0.8
h003,37,3.72972972972973,2026-12-17,40,0.925
h004,32,4.0625,2026-12-17,40,0.8
h005,36,3.9166666666666665,2026-12-17,40,0.9
h006,56,3.642857142857143,2026-12-17,70,0.8
h007,40,3.9,2026-12-17,40,1.0
h008,37,3.891891891891892,2026-12-17,40,0.925
h009,38,3.789473684210526,2026-12-17,50,0.76
h010,40,4.05,2026-12-17,40,1.0
h011,46,4.282608695652174,2026-12-17,60,0.7666666666666667
h012,39,4.051282051282051,2026-12-17,50,0.78
h013,41,3.8048780487804876,2026-12-17,50,0.82
h014,48,3.7083333333333335,2026-12-17,60,0.8
h015,55,3.8,2026-12-17,60,0.9166666666666666
h016,72,3.861111111111111,2026-12-17,80,0.9
h017,47,4.0,2026-12-17,50,0.94
h018,55,3.8363636363636364,2026-12-17,60,0.9166666666666666
h019,43,3.6511627906976742,2026-12-17,50,0.86
h020,52,3.8461538461538463,2026-12-17,60,0.8666666666666667
h021,43,4.023255813953488,2026-12-17,50,0.86
h022,27,3.5555555555555554,2026-12-17,30,0.9
h023,23,4.173913043478261,2026-12-17,30,0.7666666666666667
h024,53,3.547169811320755,2026-12-17,60,0.8833333333333333
h025,37,3.7027027027027026,2026-12-17,40,0.925
h026,44,4.0227272727272725,2026-12-17,50,0.88
h027,54,3.925925925925926,2026-12-17,60,0.9
h028,33,3.606060606060606,2026-12-17,40,0.825
h029,23,3.5217391304347827,2026-12-17,30,0.7666666666666667
h030,53,3.69811320754717,2026-12-17,60,0.8833333333333333
h031,55,3.9454545454545453,2026-12-17,60,0.9166666666666666
h032,39,3.6923076923076925,2026-12-17,40,0.975
h033,31,4.161290322580645,2026-12-17,40,0.775
h034,49,3.7551020408163267,2026-12-17,60,0.8166666666666667
h035,61,3.901639344262295,2026-12-17,70,0.8714285714285714
h036,30,3.6666666666666665,2026-12-17,40,0.75
h037,28,4.178571428571429,2026-12-17,40,0.7
h038,26,3.6153846153846154,2026-12-17,30,0.8666666666666667
h039,63,3.7936507936507935,2026-12-17,70,0.9
h040,41,3.6341463414634148,2026-12-17,50,0.82
h041,35,3.914285714285714,2026-12-17,40,0.875
h042,50,3.58,2026-12-17,50,1.0
h043,53,3.981132075471698,2026-12-17,60,0.8833333333333333
h044,47,3.872340425531915,2026-12-17,50,0.94
h045,46,4.0,2026-12-17,50,0.92
h046,39,4.256410256410256,2026-12-17,50,0.78
h047,27,3.740740740740741,2026-12-17,40,0.675
h048,35,4.142857142857143,2026-12-17,40,0.875
h049,46,3.9565217391304346,2026-12-17,60,0.7666666666666667
h050,36,3.75,2026-12-17,40,0.9
h001,62,3.838709677419355,2026-12-18,70,0.8857142857142857
h002,24,3.75,2026-12-18,30,0.8
h003,37,3.72972972972973,2026-12-18,40,0.925
h004,32,4.0625,2026-12-18,40,0.8
h005,35,3.914285714285714,2026-12-18,40,0.875
h006,56,3.642857142857143,2026-12-18,70,0.8
h007,40,3.9,2026-12-18,40,1.0
h008,37,3.891891891891892,2026-12-18,40,0.925
h009,38,3.789473684210526,2026-12-18,50,0.76
h010,40,4.05,2026-12-18,40,1.0
h011,46,4.282608695652174,2026-12-18,60,0.7666666666666667
h012,39,4.051282051282051,2026-12-18,50,0.78
h013,41,3.8048780487804876,2026-12-18,50,0.82
h014,48,3.7083333333333335,2026-12-18,60,0.8
h015,55,3.8,2026-12-18,60,0.9166666666666666
h016,72,3.861111111111111,2026-12-18,80,0.9
h017,47,4.0,2026-12-18,50,0.94
h018,55,3.8363636363636364,2026-12-18,60,0.9166666666666666
h019,43,3.6511627906976742,2026-12-18,50,0.86
h020,52,3.8461538461538463,2026-12-18,60,0.8666666666666667
h021,43,4.023255813953488,2026-12-18,50,0.86
h022,27,3.5555555555555554,2026-12-18,30,0.9
h023,23,4.173913043478261,2026-12-18,30,0.7666666666666667
h024,53,3.547169811320755,2026-12-18,60,0.8833333333333333
h025,37,3.7027027027027026,2026-12-18,40,0.925
h026,44,4.0227272727272725,2026-12-18,50,0.88
h027,54,3.925925925925926,2026-12-18,60,0.9
h028,33,3.606060606060606,2026-12-18,40,0.825
h029,23,3.5217391304347827,2026-12-18,30,0.7666666666666667
h030,53,3.69811320754717,2026-12-18,60,0.8833333333333333
h031,55,3.9454545454545453,2026-12-18,60,0.9166666666666666
h032,39,3.6923076923076925,2026-12-18,40,0.975
h033,31,4.161290322580645,2026-12-18,40,0.775
h034,49,3.7551020408163267,2026-12-18,60,0.8166666666666667
h035,61,3.901639344262295,2026-12-18,70,0.8714285714285714
h036,30,3.6666666666666665,2026-12-18,40,0.75
h037,28,4.178571428571429,2026-12-18,40,0.7
h038,26,3.6153846153846154,2026-12-18,30,0.8666666666666667
h039,63,3.7936507936507935,2026-12-18,70,0.9
h040,41,3.6341463414634148,2026-12-18,50,0.82
h041,35,3.914285714285714,2026-12-18,40,0.875
h042,50,3.58,2026-12-18,50,1.0
h043,53,3.981132075471698,2026-12-18,60,0.8833333333333333
h044,47,3.872340425531915,2026-12-18,50,0.94
h045,45,4.0,2026-12-18,50,0.9
h046,39,4.256410256410256,2026-12-18,50,0.78
h047,27,3.740740740740741,2026-12-18,40,0.675
h048,35,4.142857142857143,2026-12-18,40,0.875
h049,46,3.9565217391304346,2026-12-18,60,0.7666666666666667
h050,35,3.8,2026-12-18,40,0.875
h001,62,3.838709677419355,2026-12-19,70,0.8857142857142857
h002,24,3.75,2026-12-19,30,0.8
h003,37,3.72972972972973,2026-12-19,40,0.925
h004,32,4.0625,2026-12-19,40,0.8
h005,35,3.914285714285714,2026-12-19,40,0.875
h006,56,3.642857142857143,2026-12-19,70,0.8
h007,40,3.9,2026-12-19,40,1.0
h008,37,3.891891891891892,2026-12-19,40,0.925
h009,38,3.789473684210526,2026-12-19,50,0.76
h010,39,4.0,2026-12-19,40,0.975
h011,46,4.282608695652174,2026-12-19,60,0.7666666666666667
h012,39,4.051282051282051,2026-12-19,50,0.78
h013,41,3.8048780487804876,2026-12-19,50,0.82
h014,48,3.7083333333333335,2026-12-19,60,0.8
h015,55,3.8,2026-12-19,60,0.9166666666666666
h016,72,3.861111111111111,2026-12-19,80,0.9
h017,47,4.0,2026-12-19,50,0.94
h018,55,3.8363636363636364,2026-12-19,60,0.9166666666666666
h019,43,3.6511627906976742,2026-12-19,50,0.86
h020,52,3.8461538461538463,2026-12-19,60,0.8666666666666667
h021,43,4.023255813953488,2026-12-19,50,0.86
h022,27,3.5555555555555554,2026-12-19,30,0.9
h023,23,4.173913043478261,2026-12-19,30,0.7666666666666667
h024,53,3.547169811320755,2026-12-19,60,0.8833333333333333
h025,37,3.7027027027027026,2026-12-19,40,0.925
h026,44,4.0227272727272725,2026-12-19,50,0.88
h027,54,3.925925925925926,2026-12-19,60,0.9
h028,33,3.606060606060606,2026-12-19,40,0.825
h029,23,3.5217391304347827,2026-12-19,30,0.7666666666666667
h030,53,3.69811320754717,2026-12-19,60,0.8833333333333333
h031,55,3.9454545454545453,2026-12-19,60,0.9166666666666666
h032,39,3.6923076923076925,2026-12-19,40,0.975
h033,30,4.133333333333334,2026-12-19,40,0.75
h034,49,3.7551020408163267,2026-12-19,60,0.8166666666666667
h035,61,3.901639344262295,2026-12-19,70,0.8714285714285714
h036,30,3.6666666666666665,2026-12-19,40,0.75
h037,28,4.178571428571429,2026-12-19,40,0.7
h038,26,3.6153846153846154,2026-12-19,30,0.8666666666666667
h039,63,3.7936507936507935,2026-12-19,70,0.9
h040,41,3.6341463414634148,2026-12-19,50,0.82
h041,35,3.914285714285714,2026-12-19,40,0.875
h042,50,3.58,2026-12-19,50,1.0
h043,53,3.981132075471698,2026-12-19,60,0.8833333333333333
h044,47,3.872340425531915,2026-12-19,50,0.94
h045,45,4.0,2026-12-19,50,0.9
h046,39,4.256410256410256,2026-12-19,50,0.78
h047,27,3.740740740740741,2026-12-19,40,0.675
h048,35,4.142857142857143,2026-12-19,40,0.875
h049,46,3.9565217391304346,2026-12-19,60,0.7666666666666667
h050,35,3.8,2026-12-19,40,0.875
h001,62,3.838709677419355,2026-12-20,70,0.8857142857142857
h002,24,3.75,2026-12-20,30,0.8
h003,37,3.72972972972973,2026-12-20,40,0.925
h004,32,4.0625,2026-12-20,40,0.8
h005,35,3.914285714285714,2026-12-20,40,0.875
h006,56,3.642857142857143,2026-12-20,70,0.8
h007,40,3.9,2026-12-20,40,1.0
h008,37,3.891891891891892,2026-12-20,40,0.925
h009,38,3.789473684210526,2026-12-20,50,0.76
h010,39,4.0,2026-12-20,40,0.975
h011,46,4.282608695652174,2026-12-20,60,0.7666666666666667
h012,39,4.051282051282051,2026-12-20,50,0.78
h013,40,3.825,2026-12-20,50,0.8
h014,48,3.7083333333333335,2026-12-20,60,0.8
h015,55,3.8,2026-12-20,60,0.9166666666666666
h016,72,3.861111111111111,2026-12-20,80,0.9
h017,47,4.0,2026-12-20,50,0.94
h018,55,3.8363636363636364,2026-12-20,60,0.9166666666666666
h019,43,3.6511627906976742,2026-12-20,50,0.86
h020,52,3.8461538461538463,2026-12-20,60,0.8666666666666667
h021,43,4.023255813953488,2026-12-20,50,0.86
h022,27,3.5555555555555554,2026-12-20,30,0.9
h023,23,4.173913043478261,2026-12-20,30,0.7666666666666667
h024,53,3.547169811320755,2026-12-20,60,0.8833333333333333
h025,37,3.7027027027027026,2026-12-20,40,0.925
h026,44,4.0227272727272725,2026-12-20,50,0.88
h027,54,3.925925925925926,2026-12-20,60,0.9
h028,33,3.606060606060606,2026-12-20,40,0.825
h029,23,3.5217391304347827,2026-12-20,30,0.7666666666666667
h030,53,3.69811320754717,2026-12-20,60,0.8833333333333333
h031,54,3.925925925925926,2026-12-20,60,0.9
h032,39,3.6923076923076925,2026-12-20,40,0.975
h033,30,4.133333333333334,2026-12-20,40,0.75
h034,49,3.7551020408163267,2026-12-20,60,0.8166666666666667
h035,61,3.901639344262295,2026-12-20,70,0.8714285714285714
h036,30,3.6666666666666665,2026-12-20,40,0.75
h037,28,4.178571428571429,2026-12-20,40,0.7
h038,26,3.6153846153846154,2026-12-20,30,0.8666666666666667
h039,63,3.7936507936507935,2026-12-20,70,0.9
h040,41,3.6341463414634148,2026-12-20,50,0.82
h041,35,3.914285714285714,2026-12-20,40,0.875
h042,50,3.58,2026-12-20,50,1.0
h043,53,3.981132075471698,2026-12-20,60,0.8833333333333333
h044,47,3.872340425531915,2026-12-20,50,0.94
h045,45,4.0,2026-12-20,50,0.9
h046,39,4.256410256410256,2026-12-20,50,0.78
h047,27,3.740740740740741,2026-12-20,40,0.675
h048,35,4.142857142857143,2026-12-20,40,0.875
h049,46,3.9565217391304346,2026-12-20,60,0.7666666666666667
h050,35,3.8,2026-12-20,40,0.875
h001,62,3.838709677419355,2026-12-21,70,0.8857142857142857
h002,24,3.75,2026-12-21,30,0.8
h003,37,3.72972972972973,2026-12-21,40,0.925
h004,32,4.0625,2026-12-21,40,0.8
h005,35,3.914285714285714,2026-12-21,40,0.875
h006,56,3.642857142857143,2026-12-21,70,0.8
h007,40,3.9,2026-12-21,40,1.0
h008,37,3.891891891891892,2026-12-21,40,0.925
h009,37,3.72972972972973,2026-12-21,50,0.74
h010,39,4.0,2026-12-21,40,0.975
h011,46,4.282608695652174,2026-12-21,60,0.7666666666666667
h012,39,4.051282051282051,2026-12-21,50,0.78
h013,40,3.825,2026-12-21,50,0.8
h014,48,3.7083333333333335,2026-12-21,60,0.8
h015,54,3.7962962962962963,2026-12-21,60,0.9
h016,72,3.861111111111111,2026-12-21,80,0.9
h017,47,4.0,2026-12-21,50,0.94
h018,55,3.8363636363636364,2026-12-21,60,0.9166666666666666
h019,43,3.6511627906976742,2026-12-21,50,0.86
h020,52,3.8461538461538463,2026-12-21,60,0.8666666666666667
h021,43,4.023255813953488,2026-12-21,50,0.86
h022,27,3.5555555555555554,2026-12-21,30,0.9
h023,23,4.173913043478261,2026-12-21,30,0.7666666666666667
h024,53,3.547169811320755,2026-12-21,60,0.8833333333333333
h025,37,3.7027027027027026,2026-12-21,40,0.925
h026,44,4.0227272727272725,2026-12-21,50,0.88
h027,54,3.925925925925926,2026-12-21,60,0.9
h028,33,3.606060606060606,2026-12-21,40,0.825
h029,23,3.5217391304347827,2026-12-21,30,0.7666666666666667
h030,53,3.69811320754717,2026-12-21,60,0.8833333333333333
h031,54,3.925925925925926,2026-12-21,60,0.9
h032,39,3.6923076923076925,2026-12-21,40,0.975
h033,30,4.133333333333334,2026-12-21,40,0.75
h034,49,3.7551020408163267,2026-12-21,60,0.8166666666666667
h035,61,3.901639344262295,2026-12-21,70,0.8714285714285714
h036,30,3.6666666666666665,2026-12-21,40,0.75
h037,28,4.178571428571429,2026-12-21,40,0.7
h038,26,3.6153846153846154,2026-12-21,30,0.8666666666666667
h039,63,3.7936507936507935,2026-12-21,70,0.9
h040,41,3.6341463414634148,2026-12-21,50,0.82
h041,35,3.914285714285714,2026-12-21,40,0.875
h042,50,3.58,2026-12-21,50,1.0
h043,53,3.981132075471698,2026-12-21,60,0.8833333333333333
h044,47,3.872340425531915,2026-12-21,50,0.94
h045,45,4.0,2026-12-21,50,0.9
h046,39,4.256410256410256,2026-12-21,50,0.78
h047,27,3.740740740740741,2026-12-21,40,0.675
h048,35,4.142857142857143,2026-12-21,40,0.875
h049,46,3.9565217391304346,2026-12-21,60,0.7666666666666667
h050,34,3.764705882352941,2026-12-21,40,0.85
h001,61,3.8360655737704916,2026-12-22,70,0.8714285714285714
h002,24,3.75,2026-12-22,30,0.8
h003,37,3.72972972972973,2026-12-22,40,0.925
h004,32,4.0625,2026-12-22,40,0.8
h005,35,3.914285714285714,2026-12-22,40,0.875
h006,56,3.642857142857143,2026-12-22,70,0.8
h007,40,3.9,2026-12-22,40,1.0
h008,37,3.891891891891892,2026-12-22,40,0.925
h009,37,3.72972972972973,2026-12-22,50,0.74
h010,39,4.0,2026-12-22,40,0.975
h011,46,4.282608695652174,2026-12-22,60,0.7666666666666667
h012,39,4.051282051282051,2026-12-22,50,0.78
h013,40,3.825,2026-12-22,50,0.8
h014,48,3.7083333333333335,2026-12-22,60,0.8
h015,54,3.7962962962962963,2026-12-22,60,0.9
h016,72,3.861111111111111,2026-12-22,80,0.9
h017,47,4.0,2026-12-22,50,0.94
h018,55,3.8363636363636364,2026-12-22,60,0.9166666666666666
h019,43,3.6511627906976742,2026-12-22,50,0.86
h020,52,3.8461538461538463,2026-12-22,60,0.8666666666666667
h021,43,4.023255813953488,2026-12-22,50,0.86
h022,27,3.5555555555555554,2026-12-22,30,0.9
h023,23,4.173913043478261,2026-12-22,30,0.7666666666666667
h024,53,3.547169811320755,2026-12-22,60,0.8833333333333333
h025,37,3.7027027027027026,2026-12-22,40,0.925
h026,44,4.0227272727272725,2026-12-22,50,0.88
h027,54,3.925925925925926,2026-12-22,60,0.9
h028,33,3.606060606060606,2026-12-22,40,0.825
h029,23,3.5217391304347827,2026-12-22,30,0.7666666666666667
h030,53,3.69811320754717,2026-12-22,60,0.8833333333333333
h031,54,3.925925925925926,2026-12-22,60,0.9
h032,39,3.6923076923076925,2026-12-22,40,0.975
h033,30,4.133333333333334,2026-12-22,40,0.75
h034,49,3.7551020408163267,2026-12-22,60,0.8166666666666667
h035,61,3.901639344262295,2026-12-22,70,0.8714285714285714
h036,30,3.6666666666666665,2026-12-22,40,0.75
h037,28,4.178571428571429,2026-12-22,40,0.7
h038,26,3.6153846153846154,2026-12-22,30,0.8666666666666667
h039,63,3.7936507936507935,2026-12-22,70,0.9
h040,41,3.6341463414634148,2026-12-22,50,0.82
h041,35,3.914285714285714,2026-12-22,40,0.875
h042,50,3.58,2026-12-22,50,1.0
h043,53,3.981132075471698,2026-12-22,60,0.8833333333333333
h044,47,3.872340425531915,2026-12-22,50,0.94
h045,45,4.0,2026-12-22,50,0.9
h046,39,4.256410256410256,2026-12-22,50,0.78
h047,27,3.740740740740741,2026-12-22,40,0.675
h048,35,4.142857142857143,2026-12-22,40,0.875
h049,46,3.9565217391304346,2026-12-22,60,0.7666666666666667
h050,34,3.764705882352941,2026-12-22,40,0.85
h001,61,3.8360655737704916,2026-12-23,70,0.8714285714285714
h002,24,3.75,2026-12-23,30,0.8
h003,37,3.72972972972973,2026-12-23,40,0.925
h004,32,4.0625,2026-12-23,40,0.8
h005,35,3.914285714285714,2026-12-23,40,0.875
h006,56,3.642857142857143,2026-12-23,70,0.8
h007,40,3.9,2026-12-23,40,1.0
h008,37,3.891891891891892,2026-12-23,40,0.925
h009,37,3.72972972972973,2026-12-23,50,0.74
h010,39,4.0,2026-12-23,40,0.975
h011,46,4.282608695652174,2026-12-23,60,0.7666666666666667
h012,39,4.051282051282051,2026-12-23,50,0.78
h013,40,3.825,2026-12-23,50,0.8
h014,48,3.7083333333333335,2026-12-23,60,0.8
h015,54,3.7962962962962963,2026-12-23,60,0.9
h016,72,3.861111111111111,2026-12-23,80,0.9
h017,47,4.0,2026-12-23,50,0.94
h018,55,3.8363636363636364,2026-12-23,60,0.9166666666666666
h019,43,3.6511627906976742,2026-12-23,50,0.86
h020,52,3.8461538461538463,2026-12-23,60,0.8666666666666667
h021,43,4.023255813953488,2026-12-23,50,0.86
h022,27,3.5555555555555554,2026-12-23,30,0.9
h023,23,4.173913043478261,2026-12-23,30,0.7666666666666667
h024,52,3.5576923076923075,2026-12-23,60,0.8666666666666667
h025,37,3.7027027027027026,2026-12-23,40,0.925
h026,44,4.0227272727272725,2026-12-23,50,0.88
h027,54,3.925925925925926,2026-12-23,60,0.9
h028,33,3.606060606060606,2026-12-23,40,0.825
h029,23,3.5217391304347827,2026-12-23,30,0.7666666666666667
h030,53,3.69811320754717,2026-12-23,60,0.8833333333333333
h031,54,3.925925925925926,2026-12-23,60,0.9
h032,39,3.6923076923076925,2026-12-23,40,0.975
h033,30,4.133333333333334,2026-12-23,40,0.75
h034,49,3.7551020408163267,2026-12-23,60,0.8166666666666667
h035,61,3.901639344262295,2026-12-23,70,0.8714285714285714
h036,30,3.6666666666666665,2026-12-23,40,0.75
h037,28,4.178571428571429,2026-12-23,40,0.7
h038,26,3.6153846153846154,2026-12-23,30,0.8666666666666667
h039,63,3.7936507936507935,2026-12-23,70,0.9
h040,41,3.6341463414634148,2026-12-23,50,0.82
h041,35,3.914285714285714,2026-12-23,40,0.875
h042,50,3.58,2026-12-23,50,1.0
h043,53,3.981132075471698,2026-12-23,60,0.8833333333333333
h044,47,3.872340425531915,2026-12-23,50,0.94
h045,45,4.0,2026-12-23,50,0.9
h046,39,4.256410256410256,2026-12-23,50,0.78
h047,26,3.769230769230769,2026-12-23,40,0.65
h048,35,4.142857142857143,2026-12-23,40,0.875
h049,44,3.977272727272727,2026-12-23,60,0.7333333333333333
h050,34,3.764705882352941,2026-12-23,40,0.85
h001,61,3.8360655737704916,2026-12-24,70,0.8714285714285714
h002,24,3.75,2026-12-24,30,0.8
h003,37,3.72972972972973,2026-12-24,40,0.925
h004,32,4.0625,2026-12-24,40,0.8
h005,35,3.914285714285714,2026-12-24,40,0.875
h006,56,3.642857142857143,2026-12-24,70,0.8
h007,40,3.9,2026-12-24,40,1.0
h008,37,3.891891891891892,2026-12-24,40,0.925
h009,37,3.72972972972973,2026-12-24,50,0.74
h010,39,4.0,2026-12-24,40,0.975
h011,46,4.282608695652174,2026-12-24,60,0.7666666666666667
h012,39,4.051282051282051,2026-12-24,50,0.78
h013,40,3.825,2026-12-24,50,0.8
h014,48,3.7083333333333335,2026-12-24,60,0.8
h015,54,3.7962962962962963,2026-12-24,60,0.9
h016,72,3.861111111111111,2026-12-24,80,0.9
h017,47,4.0,2026-12-24,50,0.94
h018,55,3.8363636363636364,2026-12-24,60,0.9166666666666666
h019,43,3.6511627906976742,2026-12-24,50,0.86
h020,52,3.8461538461538463,2026-12-24,60,0.8666666666666667
h021,43,4.023255813953488,2026-12-24,50,0.86
h022,27,3.5555555555555554,2026-12-24,30,0.9
h023,23,4.173913043478261,2026-12-24,30,0.7666666666666667
h024,52,3.5576923076923075,2026-12-24,60,0.8666666666666667
h025,37,3.7027027027027026,2026-12-24,40,0.925
h026,44,4.0227272727272725,2026-12-24,50,0.88
h027,54,3.925925925925926,2026-12-24,60,0.9
h028,33,3.606060606060606,2026-12-24,40,0.825
h029,23,3.5217391304347827,2026-12-24,30,0.7666666666666667
h030,53,3.69811320754717,2026-12-24,60,0.8833333333333333
h031,53,3.9056603773584904,2026-12-24,60,0.8833333333333333
h032,38,3.6842105263157894,2026-12-24,40,0.95
h033,30,4.133333333333334,2026-12-24,40,0.75
h034,49,3.7551020408163267,2026-12-24,60,0.8166666666666667
h035,61,3.901639344262295,2026-12-24,70,0.8714285714285714
h036,30,3.6666666666666665,2026-12-24,40,0.75
h037,28,4.178571428571429,2026-12-24,40,0.7
h038,26,3.6153846153846154,2026-12-24,30,0.8666666666666667
h039,63,3.7936507936507935,2026-12-24,70,0.9
h040,41,3.6341463414634148,2026-12-24,50,0.82
h041,35,3.914285714285714,2026-12-24,40,0.875
h042,50,3.58,2026-12-24,50,1.0
h043,53,3.981132075471698,2026-12-24,60,0.8833333333333333
h044,47,3.872340425531915,2026-12-24,50,0.94
h045,45,4.0,2026-12-24,50,0.9
h046,39,4.256410256410256,2026-12-24,50,0.78
h047,26,3.769230769230769,2026-12-24,40,0.65
h048,35,4.142857142857143,2026-12-24,40,0.875
h049,44,3.977272727272727,2026-12-24,60,0.7333333333333333
h050,34,3.764705882352941,2026-12-24,40,0.85
h001,61,3.8360655737704916,2026-12-25,70,0.8714285714285714
h002,24,3.75,2026-12-25,30,0.8
h003,37,3.72972972972973,2026-12-25,40,0.925
h004,32,4.0625,2026-12-25,40,0.8
h005,35,3.914285714285714,2026-12-25,40,0.875
h006,56,3.642857142857143,2026-12-25,70,0.8
h007,40,3.9,2026-12-25,40,1.0
h008,37,3.891891891891892,2026-12-25,40,0.925
h009,37,3.72972972972973,2026-12-25,50,0.74
h010,39,4.0,2026-12-25,40,0.975
h011,46,4.282608695652174,2026-12-25,60,0.7666666666666667
h012,39,4.051282051282051,2026-12-25,50,0.78
h013,40,3.825,2026-12-25,50,0.8
h014,48,3.7083333333333335,2026-12-25,60,0.8
h015,54,3.7962962962962963,2026-12-25,60,0.9
h016,72,3.861111111111111,2026-12-25,80,0.9
h017,47,4.0,2026-12-25,50,0.94
h018,55,3.8363636363636364,2026-12-25,60,0.9166666666666666
h019,43,3.6511627906976742,2026-12-25,50,0.86
h020,52,3.8461538461538463,2026-12-25,60,0.8666666666666667
h021,43,4.023255813953488,2026-12-25,50,0.86
h022,27,3.5555555555555554,2026-12-25,30,0.9
h023,23,4.173913043478261,2026-12-25,30,0.7666666666666667
h024,52,3.5576923076923075,2026-12-25,60,0.8666666666666667
h025,37,3.7027027027027026,2026-12-25,40,0.925
h026,44,4.0227272727272725,2026-12-25,50,0.88
h027,54,3.925925925925926,2026-12-25,60,0.9
h028,33,3.606060606060606,2026-12-25,40,0.825
h029,23,3.5217391304347827,2026-12-25,30,0.7666666666666667
h030,53,3.69811320754717,2026-12-25,60,0.8833333333333333
h031,52,3.9423076923076925,2026-12-25,60,0.8666666666666667
h032,38,3.6842105263157894,2026-12-25,40,0.95
h033,30,4.133333333333334,2026-12-25,40,0.75
h034,49,3.7551020408163267,2026-12-25,60,0.8166666666666667
h035,61,3.901639344262295,2026-12-25,70,0.8714285714285714
h036,30,3.6666666666666665,2026-12-25,40,0.75
h037,28,4.178571428571429,2026-12-25,40,0.7
h038,26,3.6153846153846154,2026-12-25,30,0.8666666666666667
h039,63,3.7936507936507935,2026-12-25,70,0.9
h040,41,3.6341463414634148,2026-12-25,50,0.82
h041,35,3.914285714285714,2026-12-25,40,0.875
h042,50,3.58,2026-12-25,50,1.0
h043,53,3.981132075471698,2026-12-25,60,0.8833333333333333
h044,47,3.872340425531915,2026-12-25,50,0.94
h045,45,4.0,2026-12-25,50,0.9
h046,39,4.256410256410256,2026-12-25,50,0.78
h047,26,3.769230769230769,2026-12-25,40,0.65
h048,35,4.142857142857143,2026-12-25,40,0.875
h049,44,3.977272727272727,2026-12-25,60,0.7333333333333333
h050,34,3.764705882352941,2026-12-25,40,0.85
h001,61,3.8360655737704916,2026-12-26,70,0.8714285714285714
h002,24,3.75,2026-12-26,30,0.8
h003,37,3.72972972972973,2026-12-26,40,0.925
h004,32,4.0625,2026-12-26,40,0.8
h005,35,3.914285714285714,2026-12-26,40,0.875
h006,56,3.642857142857143,2026-12-26,70,0.8
h007,40,3.9,2026-12-26,40,1.0
h008,37,3.891891891891892,2026-12-26,40,0.925
h009,37,3.72972972972973,2026-12-26,50,0.74
h010,39,4.0,2026-12-26,40,0.975
h011,46,4.282608695652174,2026-12-26,60,0.7666666666666667
h012,39,4.051282051282051,2026-12-26,50,0.78
h013,40,3.825,2026-12-26,50,0.8
h014,48,3.7083333333333335,2026-12-26,60,0.8
h015,54,3.7962962962962963,2026-12-26,60,0.9
h016,72,3.861111111111111,2026-12-26,80,0.9
h017,47,4.0,2026-12-26,50,0.94
h018,55,3.8363636363636364,2026-12-26,60,0.9166666666666666
h019,43,3.6511627906976742,2026-12-26,50,0.86
h020,52,3.8461538461538463,2026-12-26,60,0.8666666666666667
h021,43,4.023255813953488,2026-12-26,50,0.86
h022,27,3.5555555555555554,2026-12-26,30,0.9
h023,23,4.173913043478261,2026-12-26,30,0.7666666666666667
h024,52,3.5576923076923075,2026-12-26,60,0.8666666666666667
h025,37,3.7027027027027026,2026-12-26,40,0.925
h026,44,4.0227272727272725,2026-12-26,50,0.88
h027,54,3.925925925925926,2026-12-26,60,0.9
h028,33,3.606060606060606,2026-12-26,40,0.825
h029,22,3.5454545454545454,2026-12-26,30,0.7333333333333333
h030,53,3.69811320754717,2026-12-26,60,0.8833333333333333
h031,52,3.9423076923076925,2026-12-26,60,0.8666666666666667
h032,38,3.6842105263157894,2026-12-26,40,0.95
h033,30,4.133333333333334,2026-12-26,40,0.75
h034,49,3.7551020408163267,2026-12-26,60,0.8166666666666667
h035,60,3.8833333333333333,2026-12-26,70,0.8571428571428571
h036,30,3.6666666666666665,2026-12-26,40,0.75
h037,28,4.178571428571429,2026-12-26,40,0.7
h038,26,3.6153846153846154,2026-12-26,30,0.8666666666666667
h039,63,3.7936507936507935,2026-12-26,70,0.9
h040,41,3.6341463414634148,2026-12-26,50,0.82
h041,35,3.914285714285714,2026-12-26,40,0.875
h042,50,3.58,2026-12-26,50,1.0
h043,53,3.981132075471698,2026-12-26,60,0.8833333333333333
h044,47,3.872340425531915,2026-12-26,50,0.94
h045,45,4.0,2026-12-26,50,0.9
h046,39,4.256410256410256,2026-12-26,50,0.78
h047,26,3.769230769230769,2026-12-26,40,0.65
h048,35,4.142857142857143,2026-12-26,40,0.875
h049,44,3.977272727272727,2026-12-26,60,0.7333333333333333
h050,34,3.764705882352941,2026-12-26,40,0.85
h001,61,3.8360655737704916,2026-12-27,70,0.8714285714285714
h002,24,3.75,2026-12-27,30,0.8
h003,37,3.72972972972973,2026-12-27,40,0.925
h004,32,4.0625,2026-12-27,40,0.8
h005,35,3.914285714285714,2026-12-27,40,0.875
h006,56,3.642857142857143,2026-12-27,70,0.8
h007,40,3.9,2026-12-27,40,1.0
h008,37,3.891891891891892,2026-12-27,40,0.925
h009,37,3.72972972972973,2026-12-27,50,0.74
h010,39,4.0,2026-12-27,40,0.975
h011,46,4.282608695652174,2026-12-27,60,0.7666666666666667
h012,39,4.051282051282051,2026-12-27,50,0.78
h013,39,3.8205128205128207,2026-12-27,50,0.78
h014,48,3.7083333333333335,2026-12-27,60,0.8
h015,54,3.7962962962962963,2026-12-27,60,0.9
h016,72,3.861111111111111,2026-12-27,80,0.9
h017,47,4.0,2026-12-27,50,0.94
h018,55,3.8363636363636364,2026-12-27,60,0.9166666666666666
h019,43,3.6511627906976742,2026-12-27,50,0.86
h020,52,3.8461538461538463,2026-12-27,60,0.8666666666666667
h021,43,4.023255813953488,2026-12-27,50,0.86
h022,27,3.5555555555555554,2026-12-27,30,0.9
h023,23,4.173913043478261,2026-12-27,30,0.7666666666666667
h024,52,3.5576923076923075,2026-12-27,60,0.8666666666666667
h025,37,3.7027027027027026,2026-12-27,40,0.925
h026,44,4.0227272727272725,2026-12-27,50,0.88
h027,54,3.925925925925926,2026-12-27,60,0.9
h028,33,3.606060606060606,2026-12-27,40,0.825
h029,22,3.5454545454545454,2026-12-27,30,0.7333333333333333
h030,53,3.69811320754717,2026-12-27,60,0.8833333333333333
h031,52,3.9423076923076925,2026-12-27,60,0.8666666666666667
h032,38,3.6842105263157894,2026-12-27,40,0.95
h033,29,4.137931034482759,2026-12-27,40,0.725
h034,49,3.7551020408163267,2026-12-27,60,0.8166666666666667
h035,60,3.8833333333333333,2026-12-27,70,0.8571428571428571
h036,30,3.6666666666666665,2026-12-27,40,0.75
h037,28,4.178571428571429,2026-12-27,40,0.7
h038,26,3.6153846153846154,2026-12-27,30,0.8666666666666667
h039,63,3.7936507936507935,2026-12-27,70,0.9
h040,41,3.6341463414634148,2026-12-27,50,0.82
h041,35,3.914285714285714,2026-12-27,40,0.875
h042,50,3.58,2026-12-27,50,1.0
h043,53,3.981132075471698,2026-12-27,60,0.8833333333333333
h044,47,3.872340425531915,2026-12-27,50,0.94
h045,44,3.977272727272727,2026-12-27,50,0.88
h046,39,4.256410256410256,2026-12-27,50,0.78
h047,26,3.769230769230769,2026-12-27,40,0.65
h048,35,4.142857142857143,2026-12-27,40,0.875
h049,44,3.977272727272727,2026-12-27,60,0.7333333333333333
h050,34,3.764705882352941,2026-12-27,40,0.85
h001,60,3.85,2026-12-28,70,0.8571428571428571
h002,24,3.75,2026-12-28,30,0.8
h003,37,3.72972972972973,2026-12-28,40,0.925
h004,32,4.0625,2026-12-28,40,0.8
h005,35,3.914285714285714,2026-12-28,40,0.875
h006,56,3.642857142857143,2026-12-28,70,0.8
h007,40,3.9,2026-12-28,40,1.0
h008,37,3.891891891891892,2026-12-28,40,0.925
h009,37,3.72972972972973,2026-12-28,50,0.74
h010,39,4.0,2026-12-28,40,0.975
h011,46,4.282608695652174,2026-12-28,60,0.7666666666666667
h012,39,4.051282051282051,2026-12-28,50,0.78
h013,39,3.8205128205128207,2026-12-28,50,0.78
h014,48,3.7083333333333335,2026-12-28,60,0.8
h015,54,3.7962962962962963,2026-12-28,60,0.9
h016,72,3.861111111111111,2026-12-28,80,0.9
h017,47,4.0,2026-12-28,50,0.94
h018,55,3.8363636363636364,2026-12-28,60,0.9166666666666666
h019,43,3.6511627906976742,2026-12-28,50,0.86
h020,52,3.8461538461538463,2026-12-28,60,0.8666666666666667
h021,43,4.023255813953488,2026-12-28,50,0.86
h022,27,3.5555555555555554,2026-12-28,30,0.9
h023,23,4.173913043478261,2026-12-28,30,0.7666666666666667
h024,52,3.5576923076923075,2026-12-28,60,0.8666666666666667
h025,36,3.6944444444444446,2026-12-28,40,0.9
h026,44,4.0227272727272725,2026-12-28,50,0.88
h027,53,3.9622641509433962,2026-12-28,60,0.8833333333333333
h028,33,3.606060606060606,2026-12-28,40,0.825
h029,22,3.5454545454545454,2026-12-28,30,0.7333333333333333
h030,53,3.69811320754717,2026-12-28,60,0.8833333333333333
h031,52,3.9423076923076925,2026-12-28,60,0.8666666666666667
h032,38,3.6842105263157894,2026-12-28,40,0.95
h033,29,4.137931034482759,2026-12-28,40,0.725
h034,49,3.7551020408163267,2026-12-28,60,0.8166666666666667
h035,60,3.8833333333333333,2026-12-28,70,0.8571428571428571
h036,30,3.6666666666666665,2026-12-28,40,0.75
h037,28,4.178571428571429,2026-12-28,40,0.7
h038,26,3.6153846153846154,2026-12-28,30,0.8666666666666667
h039,63,3.7936507936507935,2026-12-28,70,0.9
h040,41,3.6341463414634148,2026-12-28,50,0.82
h041,34,3.8823529411764706,2026-12-28,40,0.85
h042,50,3.58,2026-12-28,50,1.0
h043,53,3.981132075471698,2026-12-28,60,0.8833333333333333
h044,47,3.872340425531915,2026-12-28,50,0.94
h045,44,3.977272727272727,2026-12-28,50,0.88
h046,39,4.256410256410256,2026-12-28,50,0.78
h047,26,3.769230769230769,2026-12-28,40,0.65
h048,35,4.142857142857143,2026-12-28,40,0.875
h049,44,3.977272727272727,2026-12-28,60,0.7333333333333333
h050,34,3.764705882352941,2026-12-28,40,0.85
h001,60,3.85,2026-12-29,70,0.8571428571428571
h002,24,3.75,2026-12-29,30,0.8
h003,37,3.72972972972973,2026-12-29,40,0.925
h004,32,4.0625,2026-12-29,40,0.8
h005,35,3.914285714285714,2026-12-29,40,0.875
h006,56,3.642857142857143,2026-12-29,70,0.8
h007,40,3.9,2026-12-29,40,1.0
h008,37,3.891891891891892,2026-12-29,40,0.925
h009,37,3.72972972972973,2026-12-29,50,0.74
h010,39,4.0,2026-12-29,40,0.975
h011,46,4.282608695652174,2026-12-29,60,0.7666666666666667
h012,39,4.051282051282051,2026-12-29,50,0.78
h013,39,3.8205128205128207,2026-12-29,50,0.78
h014,48,3.7083333333333335,2026-12-29,60,0.8
h015,54,3.7962962962962963,2026-12-29,60,0.9
h016,71,3.859154929577465,2026-12-29,80,0.8875
h017,47,4.0,2026-12-29,50,0.94
h018,55,3.8363636363636364,2026-12-29,60,0.9166666666666666
h019,43,3.6511627906976742,2026-12-29,50,0.86
h020,52,3.8461538461538463,2026-12-29,60,0.8666666666666667
h021,43,4.023255813953488,2026-12-29,50,0.86
h022,27,3.5555555555555554,2026-12-29,30,0.9
h023,23,4.173913043478261,2026-12-29,30,0.7666666666666667
h024,52,3.5576923076923075,2026-12-29,60,0.8666666666666667
h025,36,3.6944444444444446,2026-12-29,40,0.9
h026,43,4.069767441860465,2026-12-29,50,0.86
h027,53,3.9622641509433962,2026-12-29,60,0.8833333333333333
h028,33,3.606060606060606,2026-12-29,40,0.825
h029,22,3.5454545454545454,2026-12-29,30,0.7333333333333333
h030,53,3.69811320754717,2026-12-29,60,0.8833333333333333
h031,52,3.9423076923076925,2026-12-29,60,0.8666666666666667
h032,38,3.6842105263157894,2026-12-29,40,0.95
h033,29,4.137931034482759,2026-12-29,40,0.725
h034,49,3.7551020408163267,2026-12-29,60,0.8166666666666667
h035,60,3.8833333333333333,2026-12-29,70,0.8571428571428571
h036,30,3.6666666666666665,2026-12-29,40,0.75
h037,28,4.178571428571429,2026-12-29,40,0.7
h038,26,3.6153846153846154,2026-12-29,30,0.8666666666666667
h039,63,3.7936507936507935,2026-12-29,70,0.9
h040,41,3.6341463414634148,2026-12-29,50,0.82
h041,33,3.8181818181818183,2026-12-29,40,0.825
h042,50,3.58,2026-12-29,50,1.0
h043,53,3.981132075471698,2026-12-29,60,0.8833333333333333
h044,47,3.872340425531915,2026-12-29,50,0.94
h045,44,3.977272727272727,2026-12-29,50,0.88
h046,39,4.256410256410256,2026-12-29,50,0.78
h047,26,3.769230769230769,2026-12-29,40,0.65
h048,35,4.142857142857143,2026-12-29,40,0.875
h049,44,3.977272727272727,2026-12-29,60,0.7333333333333333
h050,34,3.764705882352941,2026-12-29,40,0.85
h001,60,3.85,2026-12-30,70,0.8571428571428571
h002,24,3.75,2026-12-30,30,0.8
h003,37,3.72972972972973,2026-12-30,40,0.925
h004,32,4.0625,2026-12-30,40,0.8
h005,35,3.914285714285714,2026-12-30,40,0.875
h006,56,3.642857142857143,2026-12-30,70,0.8
h007,40,3.9,2026-12-30,40,1.0
h008,37,3.891891891891892,2026-12-30,40,0.925
h009,37,3.72972972972973,2026-12-30,50,0.74
h010,39,4.0,2026-12-30,40,0.975
h011,46,4.282608695652174,2026-12-30,60,0.7666666666666667
h012,39,4.051282051282051,2026-12-30,50,0.78
h013,39,3.8205128205128207,2026-12-30,50,0.78
h014,48,3.7083333333333335,2026-12-30,60,0.8
h015,54,3.7962962962962963,2026-12-30,60,0.9
h016,70,3.8714285714285714,2026-12-30,80,0.875
h017,47,4.0,2026-12-30,50,0.94
h018,55,3.8363636363636364,2026-12-30,60,0.9166666666666666
h019,43,3.6511627906976742,2026-12-30,50,0.86
h020,52,3.8461538461538463,2026-12-30,60,0.8666666666666667
h021,43,4.023255813953488,2026-12-30,50,0.86
h022,27,3.5555555555555554,2026-12-30,30,0.9
h023,23,4.173913043478261,2026-12-30,30,0.7666666666666667
h024,52,3.5576923076923075,2026-12-30,60,0.8666666666666667
h025,36,3.6944444444444446,2026-12-30,40,0.9
h026,43,4.069767441860465,2026-12-30,50,0.86
h027,53,3.9622641509433962,2026-12-30,60,0.8833333333333333
h028,33,3.606060606060606,2026-12-30,40,0.825
h029,22,3.5454545454545454,2026-12-30,30,0.7333333333333333
h030,53,3.69811320754717,2026-12-30,60,0.8833333333333333
h031,52,3.9423076923076925,2026-12-30,60,0.8666666666666667
h032,38,3.6842105263157894,2026-12-30,40,0.95
h033,29,4.137931034482759,2026-12-30,40,0.725
h034,49,3.7551020408163267,2026-12-30,60,0.8166666666666667
h035,60,3.8833333333333333,2026-12-30,70,0.8571428571428571
h036,30,3.6666666666666665,2026-12-30,40,0.75
h037,28,4.178571428571429,2026-12-30,40,0.7
h038,26,3.6153846153846154,2026-12-30,30,0.8666666666666667
h039,63,3.7936507936507935,2026-12-30,70,0.9
h040,41,3.6341463414634148,2026-12-30,50,0.82
h041,33,3.8181818181818183,2026-12-30,40,0.825
h042,50,3.58,2026-12-30,50,1.0
h043,53,3.981132075471698,2026-12-30,60,0.8833333333333333
h044,47,3.872340425531915,2026-12-30,50,0.94
h045,44,3.977272727272727,2026-12-30,50,0.88
h046,39,4.256410256410256,2026-12-30,50,0.78
h047,26,3.769230769230769,2026-12-30,40,0.65
h048,35,4.142857142857143,2026-12-30,40,0.875
h049,44,3.977272727272727,2026-12-30,60,0.7333333333333333
h050,34,3.764705882352941,2026-12-30,40,0.85
h001,60,3.85,2026-12-31,70,0.8571428571428571
h002,24,3.75,2026-12-31,30,0.8
h003,37,3.72972972972973,2026-12-31,40,0.925
h004,32,4.0625,2026-12-31,40,0.8
h005,35,3.914285714285714,2026-12-31,40,0.875
h006,56,3.642857142857143,2026-12-31,70,0.8
h007,40,3.9,2026-12-31,40,1.0
h008,37,3.891891891891892,2026-12-31,40,0.925
h009,37,3.72972972972973,2026-12-31,50,0.74
h010,39,4.0,2026-12-31,40,0.975
h011,46,4.282608695652174,2026-12-31,60,0.7666666666666667
h012,39,4.051282051282051,2026-12-31,50,0.78
h013,39,3.8205128205128207,2026-12-31,50,0.78
h014,48,3.7083333333333335,2026-12-31,60,0.8
h015,54,3.7962962962962963,2026-12-31,60,0.9
h016,70,3.8714285714285714,2026-12-31,80,0.875
h017,47,4.0,2026-12-31,50,0.94
h018,54,3.8333333333333335,2026-12-31,60,0.9
h019,43,3.6511627906976742,2026-12-31,50,0.86
h020,52,3.8461538461538463,2026-12-31,60,0.8666666666666667
h021,43,4.023255813953488,2026-12-31,50,0.86
h022,27,3.5555555555555554,2026-12-31,30,0.9
h023,23,4.173913043478261,2026-12-31,30,0.7666666666666667
h024,51,3.5686274509803924,2026-12-31,60,0.85
h025,35,3.6857142857142855,2026-12-31,40,0.875
h026,43,4.069767441860465,2026-12-31,50,0.86
h027,53,3.9622641509433962,2026-12-31,60,0.8833333333333333
h028,33,3.606060606060606,2026-12-31,40,0.825
h029,22,3.5454545454545454,2026-12-31,30,0.7333333333333333
h030,53,3.69811320754717,2026-12-31,60,0.8833333333333333
h031,52,3.9423076923076925,2026-12-31,60,0.8666666666666667
h032,37,3.675675675675676,2026-12-31,40,0.925
h033,29,4.137931034482759,2026-12-31,40,0.725
h034,49,3.7551020408163267,2026-12-31,60,0.8166666666666667
h035,60,3.8833333333333333,2026-12-31,70,0.8571428571428571
h036,30,3.6666666666666665,2026-12-31,40,0.75
h037,28,4.178571428571429,2026-12-31,40,0.7
h038,26,3.6153846153846154,2026-12-31,30,0.8666666666666667
h039,63,3.7936507936507935,2026-12-31,70,0.9
h040,41,3.6341463414634148,2026-12-31,50,0.82
h041,33,3.8181818181818183,2026-12-31,40,0.825
h042,50,3.58,2026-12-31,50,1.0
h043,53,3.981132075471698,2026-12-31,60,0.8833333333333333
h044,47,3.872340425531915,2026-12-31,50,0.94
h045,44,3.977272727272727,2026-12-31,50,0.88
h046,39,4.256410256410256,2026-12-31,50,0.78
h047,26,3.769230769230769,2026-12-31,40,0.65
h048,35,4.142857142857143,2026-12-31,40,0.875
h049,44,3.977272727272727,2026-12-31,60,0.7333333333333333
h050,34,3.764705882352941,2026-12-31,40,0.85
